gender,age,study_hours,attendance,previous_score,sleep_hours,assignments_completed,internet_access,parent_education,extracurricular,final_score,performance
Male,19,2.6,67.1,52.2,6.7,9,Yes,Postgraduate,Yes,64.51,Low
Female,23,4.6,97.9,63.4,7.9,2,Yes,Graduate,No,67.71,Low
Male,19,7.2,60.5,82.6,6.9,8,Yes,Graduate,Yes,84.65,High
Male,22,5.9,51.9,85.1,8.9,7,Yes,Graduate,No,80.14,High
Male,20,3.8,93.6,53.5,4.5,8,Yes,Graduate,Yes,66.77,Low
Female,19,3.6,87.6,76.4,8.1,3,No,Graduate,Yes,68.41,Low
Male,21,4.2,61.6,45.2,6.5,4,No,Graduate,No,60.62,Low
Male,19,2.2,99.2,41.3,6.6,7,Yes,Graduate,Yes,58.55,Low
Male,21,5.4,75.1,70.2,6.6,5,No,Graduate,Yes,71.32,High
Female,23,3.5,97.6,52.3,5.6,7,No,School,No,73.39,High
Male,19,7.0,75.3,44.3,5.6,6,Yes,Graduate,Yes,73.48,High
Male,21,6.3,73.6,80.1,7.2,4,No,Graduate,Yes,68.24,Low
Male,19,5.3,72.5,67.4,4.2,2,Yes,Graduate,Yes,59.01,Low
Male,23,3.5,66.7,83.8,6.9,6,Yes,Postgraduate,Yes,61.81,Low
Female,19,2.5,76.7,76.5,7.6,6,No,School,No,67.56,Low
Male,18,6.4,72.6,80.1,5.8,6,Yes,Graduate,No,85.53,High
Female,21,4.4,51.8,56.9,5.1,1,Yes,School,Yes,55.58,Low
Female,23,2.6,63.0,54.5,5.1,6,No,Graduate,Yes,52.75,Low
Female,21,2.4,60.7,73.0,4.4,2,Yes,Graduate,Yes,59.8,Low
Male,21,2.2,93.4,51.0,4.4,10,Yes,Graduate,Yes,63.67,Low
Female,17,6.4,79.9,84.8,4.8,5,Yes,School,Yes,83.87,High
Male,23,2.6,88.2,68.8,4.1,7,Yes,Postgraduate,Yes,65.26,Low
Female,19,4.7,97.8,52.5,5.3,10,Yes,Graduate,Yes,68.93,Low
Female,21,4.2,82.2,74.4,5.5,1,No,Graduate,No,60.59,Low
Female,22,5.1,99.1,92.0,9.0,5,Yes,Graduate,No,86.81,High
Female,17,7.1,65.6,44.5,9.0,9,Yes,Graduate,No,79.1,High
Female,18,7.1,59.3,46.0,4.9,3,Yes,Postgraduate,Yes,62.68,Low
Female,21,4.2,70.2,86.4,5.1,2,Yes,Graduate,Yes,62.78,Low
Female,21,1.1,73.5,46.0,6.5,10,Yes,Graduate,Yes,57.37,Low
Female,17,4.0,94.8,42.2,4.7,2,Yes,Postgraduate,Yes,60.29,Low
Male,19,5.2,78.0,59.1,6.5,3,Yes,Graduate,No,66.48,Low
Male,22,4.9,64.6,65.7,6.0,1,No,Graduate,No,67.73,Low
Female,18,5.6,87.1,71.3,5.6,2,No,Graduate,No,75.77,High
Female,21,2.1,75.3,67.9,8.1,6,Yes,School,No,58.67,Low
Female,19,5.5,58.1,90.2,8.1,8,Yes,Postgraduate,No,84.7,High
Male,23,2.3,78.8,82.3,8.9,4,Yes,School,Yes,78.78,High
Female,22,6.3,95.6,94.1,5.1,2,No,Graduate,No,76.64,High
Male,23,3.4,92.1,66.2,8.4,5,No,School,No,70.82,High
Male,22,6.0,79.3,44.6,6.7,3,Yes,Postgraduate,No,56.0,Low
Male,18,1.3,68.9,92.6,7.0,5,Yes,School,No,64.97,Low
Male,20,3.9,54.3,40.2,8.5,3,Yes,School,No,56.13,Low
Male,22,5.9,73.5,82.7,8.7,4,Yes,School,No,77.52,High
Female,20,2.6,87.6,41.7,7.6,5,No,Graduate,No,54.1,Low
Female,23,6.6,68.0,81.9,5.7,7,Yes,Graduate,Yes,80.77,High
Female,22,5.4,61.8,91.6,6.4,2,Yes,School,Yes,64.89,Low
Female,18,5.1,96.6,61.4,7.1,6,Yes,School,Yes,72.59,High
Female,17,3.5,91.1,53.3,8.1,6,Yes,School,Yes,64.79,Low
Male,18,4.4,81.9,52.4,7.3,6,Yes,Graduate,No,70.01,High
Female,18,5.2,56.8,67.0,5.8,7,Yes,School,No,57.15,Low
Female,17,4.3,57.2,49.4,6.1,3,Yes,Graduate,No,54.97,Low
Male,17,5.9,55.2,77.0,4.3,5,Yes,School,No,65.31,Low
Female,19,4.0,80.8,60.3,8.6,9,Yes,Postgraduate,Yes,72.58,High
Male,22,2.4,55.8,57.8,4.4,9,Yes,Graduate,No,66.11,Low
Female,23,2.5,92.1,65.4,6.9,7,Yes,Graduate,No,62.89,Low
Male,19,1.0,99.6,69.8,8.4,9,Yes,Postgraduate,Yes,60.02,Low
Female,17,3.1,68.3,47.8,6.1,3,Yes,Postgraduate,Yes,42.98,Low
Female,20,6.2,72.7,78.9,8.0,7,No,Graduate,No,82.18,High
Male,23,6.6,85.6,88.6,8.0,1,No,Graduate,No,85.79,High
Male,20,2.4,96.9,55.3,4.3,7,Yes,School,Yes,52.08,Low
Male,18,7.7,94.7,49.9,6.1,3,Yes,School,No,78.89,High
Male,21,4.5,52.9,81.8,7.5,3,No,Postgraduate,No,61.75,Low
Male,18,7.4,58.5,50.1,6.1,7,No,Graduate,No,72.8,High
Male,18,5.9,87.7,42.3,6.7,8,Yes,Graduate,No,79.25,High
Male,21,6.1,84.4,74.1,7.0,4,Yes,Graduate,Yes,74.96,High
Male,22,1.6,56.7,53.2,4.8,1,Yes,Postgraduate,Yes,42.4,Low
Female,17,2.5,75.1,49.4,6.1,5,Yes,Graduate,Yes,50.37,Low
Female,20,1.1,89.0,94.0,4.1,10,Yes,School,Yes,68.08,Low
Male,18,6.0,60.9,56.1,4.7,4,Yes,Graduate,No,63.33,Low
Female,21,3.4,93.6,89.7,6.6,9,Yes,School,Yes,78.11,High
Female,19,6.5,52.6,49.8,6.9,3,Yes,Graduate,No,52.44,Low
Female,18,3.4,89.1,85.0,4.7,4,Yes,Postgraduate,No,68.15,Low
Female,20,6.7,80.8,67.6,7.8,10,Yes,Postgraduate,Yes,89.0,High
Male,17,1.9,65.8,44.3,5.9,3,Yes,School,Yes,45.15,Low
Female,18,2.2,86.0,80.3,8.6,3,Yes,School,No,67.58,Low
Male,18,3.4,89.1,89.1,5.9,7,Yes,Graduate,No,76.07,High
Female,22,3.9,96.7,49.0,4.7,5,Yes,Graduate,Yes,54.89,Low
Female,21,3.4,68.4,79.9,7.8,5,Yes,School,No,64.5,Low
Female,19,6.3,84.3,64.5,6.8,4,Yes,Graduate,Yes,69.35,Low
Male,19,1.7,80.1,81.5,5.9,10,Yes,School,No,55.12,Low
Female,23,3.5,76.3,79.3,5.8,8,Yes,Graduate,No,76.0,High
Male,17,6.9,94.5,41.5,4.8,1,Yes,Postgraduate,No,79.64,High
Female,23,1.5,50.2,49.8,5.7,9,No,Graduate,Yes,46.81,Low
Male,20,7.6,64.1,65.9,4.1,9,Yes,School,Yes,81.58,High
Female,17,7.9,76.9,91.3,6.5,5,Yes,Postgraduate,Yes,83.78,High
Male,18,1.6,58.9,58.8,8.5,1,Yes,Graduate,Yes,46.93,Low
Male,18,3.0,95.4,74.6,8.0,2,Yes,Graduate,No,70.58,High
Female,19,3.6,82.4,40.7,4.1,2,Yes,School,Yes,52.7,Low
Male,20,6.4,73.9,79.1,8.4,6,Yes,School,No,86.55,High
Female,21,5.2,90.7,73.2,6.3,10,Yes,School,No,89.61,High
Female,20,5.5,72.5,79.3,5.0,9,No,Graduate,No,87.45,High
Female,18,6.3,77.9,89.8,7.8,3,Yes,Graduate,No,81.61,High
Female,21,1.8,50.1,48.1,5.6,8,Yes,Graduate,No,44.99,Low
Female,20,6.8,68.3,54.4,5.3,2,No,Postgraduate,Yes,62.26,Low
Female,20,5.9,56.9,94.8,4.8,5,Yes,Postgraduate,Yes,74.97,High
Female,21,5.0,84.5,48.6,6.4,4,Yes,Graduate,Yes,62.51,Low
Female,18,7.2,74.0,79.6,4.5,5,Yes,Graduate,No,72.47,High
Female,20,5.9,65.1,79.9,7.9,4,Yes,Graduate,No,74.4,High
Female,21,2.4,73.4,77.6,6.4,1,Yes,Graduate,No,56.11,Low
Female,22,4.0,60.5,52.5,6.2,1,Yes,School,No,47.05,Low
Male,22,4.5,96.3,51.8,4.0,6,Yes,Graduate,Yes,65.51,Low
Male,18,1.4,52.7,76.6,8.1,8,Yes,Graduate,No,53.37,Low
Female,21,7.7,93.3,50.2,6.5,7,No,Postgraduate,No,82.74,High
Female,22,1.9,75.6,76.4,6.2,4,No,Graduate,Yes,53.72,Low
Female,21,5.9,80.9,67.1,7.8,5,Yes,Graduate,Yes,76.83,High
Female,20,4.5,65.1,61.3,4.3,8,Yes,Graduate,Yes,68.74,Low
Female,18,1.2,98.3,56.5,5.8,6,No,School,Yes,60.22,Low
Female,22,7.5,64.1,92.1,6.9,8,Yes,Graduate,No,98.21,High
Female,23,7.0,79.4,67.9,6.3,6,No,Graduate,No,81.89,High
Female,20,4.7,99.7,70.9,4.9,8,No,School,No,76.7,High
Male,23,2.6,94.1,92.2,5.5,4,Yes,Graduate,Yes,73.02,High
Female,23,1.9,76.8,76.0,5.5,10,Yes,School,No,58.36,Low
Male,17,3.5,99.5,92.7,9.0,2,Yes,Graduate,No,71.57,High
Female,17,2.8,85.1,45.9,5.6,3,Yes,School,No,49.68,Low
Female,18,4.5,60.4,86.6,5.0,5,Yes,School,No,64.66,Low
Male,22,7.8,70.3,58.4,8.1,4,Yes,School,Yes,75.81,High
Female,22,5.0,66.7,84.6,6.1,5,Yes,Graduate,Yes,82.78,High
Male,22,7.2,67.2,87.1,6.2,1,Yes,Graduate,Yes,74.95,High
Female,21,5.6,88.0,54.9,6.7,1,No,School,Yes,67.23,Low
Female,20,4.3,79.2,62.5,7.0,2,Yes,Graduate,No,57.65,Low
Male,22,7.0,51.9,79.9,7.0,2,Yes,Postgraduate,Yes,68.56,Low
Female,20,4.3,93.9,45.4,4.2,8,Yes,Postgraduate,No,61.18,Low
Male,18,7.1,64.8,81.6,8.1,10,Yes,Graduate,No,85.23,High
Female,23,3.0,99.9,46.1,5.0,4,No,Graduate,Yes,64.3,Low
Male,22,1.9,97.7,90.3,5.5,6,No,Graduate,No,66.77,Low
Male,18,7.0,97.0,55.2,4.9,2,Yes,School,No,68.05,Low
Female,22,5.1,90.6,71.7,7.8,1,Yes,Postgraduate,Yes,71.63,High
Female,17,7.2,61.0,46.4,6.9,7,Yes,Graduate,Yes,72.84,High
Male,19,7.6,76.6,54.8,7.8,4,Yes,School,Yes,84.47,High
Female,18,1.4,61.2,62.2,7.3,4,Yes,School,No,51.6,Low
Female,22,4.5,63.0,66.8,4.5,2,Yes,Graduate,No,65.22,Low
Female,19,3.6,80.5,40.0,5.5,9,No,Graduate,No,55.69,Low
Male,18,5.4,52.0,88.9,6.5,2,Yes,Graduate,No,67.66,Low
Male,21,6.6,98.5,40.4,5.5,5,Yes,Graduate,No,74.86,High
Male,22,3.0,95.9,82.6,5.0,6,No,School,No,66.58,Low
Male,21,4.9,69.0,65.9,8.3,3,Yes,Graduate,No,66.43,Low
Male,17,6.0,75.8,68.8,7.7,3,Yes,Postgraduate,Yes,66.09,Low
Male,22,1.9,73.3,51.5,5.7,6,Yes,School,No,52.14,Low
Male,23,6.7,94.1,73.4,7.8,5,Yes,School,No,75.62,High
Male,17,5.2,84.4,69.5,7.1,5,Yes,Postgraduate,No,69.26,Low
Male,19,7.6,63.9,49.0,4.0,5,No,School,No,63.01,Low
Female,18,3.4,72.3,53.1,5.9,9,Yes,School,No,62.28,Low
Male,20,1.8,71.4,43.7,5.5,8,Yes,Postgraduate,Yes,54.71,Low
Female,17,4.5,98.0,43.6,5.1,4,Yes,School,No,54.9,Low
Female,20,1.6,58.8,40.8,5.3,6,Yes,School,No,47.07,Low
Female,20,7.8,54.5,52.1,8.7,5,Yes,School,No,70.89,High
Male,18,1.3,94.0,77.4,6.4,6,Yes,Postgraduate,Yes,51.98,Low
Male,19,6.3,94.8,57.4,8.2,8,Yes,Graduate,No,85.35,High
Male,18,4.7,93.6,58.9,5.1,6,Yes,Graduate,No,71.2,High
Male,22,3.6,75.5,47.3,4.9,6,Yes,Graduate,No,55.68,Low
Female,17,1.5,83.0,71.7,8.4,2,Yes,School,No,59.81,Low
Male,20,5.4,78.2,58.8,6.5,7,Yes,Postgraduate,No,82.34,High
Male,18,5.1,53.5,77.2,8.5,3,Yes,Graduate,Yes,67.81,Low
Male,18,3.0,79.8,80.8,4.3,7,Yes,School,No,72.88,High
Male,18,7.4,50.7,72.2,8.6,5,Yes,Postgraduate,No,69.32,Low
Male,17,3.1,66.2,55.2,6.1,4,Yes,Postgraduate,No,56.3,Low
Female,19,4.1,96.6,68.0,4.8,10,No,Graduate,Yes,78.26,High
Male,23,4.8,65.2,53.9,7.4,1,Yes,Postgraduate,No,59.56,Low
Female,18,1.7,97.0,89.7,8.0,8,No,School,Yes,66.06,Low
Male,17,7.5,62.5,82.2,4.2,2,Yes,Graduate,Yes,71.6,High
Female,20,3.6,65.7,67.1,8.9,10,Yes,School,Yes,73.14,High
Male,22,1.6,81.4,93.1,7.5,8,Yes,Graduate,Yes,69.75,Low
Male,23,3.7,88.1,70.1,5.6,7,Yes,Postgraduate,Yes,67.8,Low
Female,21,5.2,75.1,58.1,4.8,3,Yes,Graduate,Yes,65.83,Low
Female,23,4.6,94.1,45.3,6.0,7,Yes,Graduate,Yes,63.86,Low
Female,23,5.9,52.0,69.9,5.1,1,Yes,School,No,59.58,Low
Male,17,1.4,96.1,87.3,6.5,5,No,Graduate,No,67.87,Low
Female,21,3.0,59.8,87.7,7.9,2,Yes,School,No,66.84,Low
Male,18,6.7,94.2,73.3,7.3,2,Yes,School,No,79.41,High
Male,18,1.6,70.0,61.6,6.2,3,Yes,Graduate,No,57.63,Low
Female,23,7.0,91.6,75.8,4.6,7,Yes,Graduate,No,92.03,High
Female,17,1.6,83.6,81.9,8.8,2,Yes,Graduate,Yes,68.37,Low
Male,21,6.8,58.8,62.6,5.4,4,Yes,Graduate,No,64.08,Low
Male,18,3.5,95.9,66.2,5.4,4,Yes,Graduate,Yes,63.98,Low
Female,20,5.3,62.3,77.4,7.2,1,No,Graduate,No,66.26,Low
Female,19,2.1,62.2,88.2,7.9,7,Yes,School,No,60.66,Low
Female,19,1.5,90.7,83.5,8.9,4,Yes,Graduate,No,63.1,Low
Male,18,2.5,55.3,41.2,8.8,1,Yes,Graduate,No,40.27,Low
Male,21,1.9,61.1,46.8,8.6,3,Yes,Graduate,No,36.21,Low
Male,22,3.2,75.2,86.9,6.2,8,Yes,Postgraduate,No,66.81,Low
Male,18,4.6,91.5,85.9,4.8,4,Yes,Graduate,No,73.4,High
Male,22,5.1,57.4,61.4,6.9,1,Yes,Postgraduate,Yes,67.2,Low
Male,22,6.5,77.4,72.1,4.1,7,Yes,Postgraduate,No,71.16,High
Female,21,5.6,85.6,89.8,5.0,8,Yes,Graduate,Yes,89.64,High
Male,22,5.3,93.0,90.1,4.0,5,Yes,Graduate,Yes,78.33,High
Male,20,3.9,96.8,83.1,4.9,9,Yes,School,No,77.62,High
Male,21,4.3,89.2,51.5,6.4,7,Yes,Postgraduate,Yes,63.2,Low
Female,18,3.9,82.6,80.2,6.0,4,Yes,School,No,65.96,Low
Male,23,6.9,71.7,45.6,5.8,9,Yes,School,No,73.64,High
Male,20,2.6,55.6,89.2,8.2,6,Yes,Postgraduate,No,69.14,Low
Female,17,1.0,85.5,48.2,7.4,8,Yes,Graduate,No,54.19,Low
Male,19,5.6,99.6,76.4,8.7,2,Yes,School,Yes,85.89,High
Male,18,2.4,86.8,73.6,6.2,5,Yes,Postgraduate,No,56.95,Low
Male,18,7.2,50.8,82.7,5.4,3,Yes,Graduate,Yes,80.99,High
Male,18,7.0,74.8,70.3,4.6,5,Yes,Graduate,No,72.58,High
Male,20,1.5,80.7,43.3,7.4,8,Yes,Graduate,No,51.46,Low
Female,17,1.7,84.5,78.8,8.2,6,Yes,Graduate,Yes,66.6,Low
Female,23,4.5,86.0,61.1,4.9,1,Yes,Graduate,No,54.08,Low
Female,21,5.3,77.9,57.6,8.4,7,Yes,Graduate,No,80.84,High
Male,17,2.9,61.2,94.5,6.6,10,Yes,School,No,73.21,High
Male,20,6.0,97.1,72.5,4.7,1,Yes,Graduate,Yes,71.98,High
Male,18,5.2,84.8,79.1,7.2,1,Yes,Graduate,No,70.33,High
Female,19,3.3,61.8,68.9,6.6,4,Yes,Postgraduate,No,63.62,Low
Male,18,1.2,66.1,82.3,4.1,9,Yes,Graduate,Yes,56.24,Low
Male,21,6.3,96.1,81.4,6.0,8,Yes,School,No,80.83,High
Female,22,2.5,94.4,76.1,7.9,10,Yes,Graduate,No,75.56,High
Male,19,6.8,70.3,94.9,6.8,3,No,Graduate,No,80.39,High
Female,18,3.9,51.9,65.3,5.4,6,Yes,Graduate,Yes,57.95,Low
Female,23,5.0,52.4,78.8,8.6,1,Yes,School,Yes,68.95,Low
Female,19,7.1,64.2,83.9,5.2,10,Yes,Graduate,No,84.84,High
Male,22,7.0,81.5,60.7,5.3,1,Yes,School,Yes,62.34,Low
Male,17,3.6,79.2,65.1,5.8,6,Yes,Graduate,No,79.49,High
Male,20,2.5,81.7,93.3,8.5,5,Yes,School,No,66.6,Low
Male,18,6.4,85.9,41.8,6.5,6,Yes,Postgraduate,No,73.86,High
Male,21,4.0,51.0,58.4,7.4,9,Yes,Graduate,No,64.0,Low
Male,17,2.3,55.3,66.7,8.9,5,Yes,Postgraduate,No,44.13,Low
Male,18,7.3,68.0,40.1,7.9,2,Yes,Postgraduate,No,61.82,Low
Female,17,2.4,57.7,89.5,4.9,1,No,Graduate,Yes,53.37,Low
Male,21,1.2,53.8,55.7,7.9,2,Yes,Graduate,No,30.44,Low
Female,18,1.1,82.0,54.2,7.7,8,Yes,Postgraduate,No,51.26,Low
Male,22,5.4,90.8,85.1,5.2,1,Yes,School,No,68.86,Low
Male,22,5.6,87.6,55.3,5.6,6,Yes,School,No,69.5,Low
Male,21,3.2,90.9,76.2,7.6,5,No,Graduate,No,75.32,High
Female,19,3.2,83.3,85.2,5.2,10,Yes,School,No,73.98,High
Female,21,3.4,86.8,83.6,5.0,9,Yes,Graduate,Yes,71.6,High
Female,19,5.8,63.6,83.0,7.5,4,Yes,School,No,78.81,High
Female,18,1.4,99.7,44.9,8.4,5,Yes,School,No,50.62,Low
Male,19,7.5,59.2,44.4,4.4,5,Yes,Graduate,Yes,76.04,High
Female,18,2.6,60.7,56.9,6.2,2,No,Graduate,No,45.09,Low
Male,18,8.0,64.4,42.0,7.0,2,Yes,Graduate,Yes,65.5,Low
Male,23,2.2,98.8,67.5,7.4,9,Yes,School,No,68.52,Low
Female,20,6.4,99.4,61.7,9.0,3,No,Graduate,No,80.54,High
Female,18,2.6,89.7,70.6,7.4,6,Yes,School,Yes,70.27,High
Female,19,1.6,81.5,56.4,7.1,4,Yes,Graduate,No,54.31,Low
Female,20,7.1,76.0,66.7,8.9,4,Yes,Postgraduate,Yes,75.83,High
Female,20,7.0,98.5,58.4,4.3,5,No,School,Yes,71.13,High
Female,18,3.8,84.8,50.7,4.4,5,Yes,School,Yes,61.02,Low
Female,21,5.9,97.2,75.7,6.8,7,Yes,Graduate,No,85.76,High
Female,21,4.9,65.8,77.0,5.8,7,No,Graduate,No,76.6,High
Male,22,7.0,66.7,85.6,4.5,1,Yes,School,No,66.37,Low
Female,20,3.2,92.7,88.1,5.5,6,Yes,School,No,72.41,High
Female,18,4.7,57.5,78.7,7.4,4,Yes,Graduate,Yes,61.14,Low
Male,23,4.4,97.3,77.8,8.4,2,Yes,Postgraduate,No,72.54,High
Female,21,3.5,75.4,43.1,4.5,6,Yes,Postgraduate,Yes,52.66,Low
Male,23,7.2,96.3,46.0,6.7,7,Yes,Graduate,Yes,75.58,High
Male,18,2.2,66.8,84.7,5.5,2,Yes,Postgraduate,No,62.62,Low
Female,18,2.0,85.8,52.8,7.3,2,Yes,School,Yes,56.93,Low
Male,20,5.0,74.1,59.6,6.7,10,Yes,School,No,75.45,High
Male,23,5.6,81.3,48.0,8.6,7,Yes,School,No,69.2,Low
Male,22,2.4,75.2,50.7,4.2,9,Yes,Graduate,Yes,61.18,Low
Male,20,3.7,98.4,82.6,6.4,3,Yes,Postgraduate,No,74.67,High
Female,17,7.6,84.6,54.4,5.0,3,Yes,School,Yes,73.04,High
Male,23,2.7,62.6,64.7,6.7,8,Yes,School,No,65.48,Low
Female,21,5.7,95.5,48.3,8.3,2,Yes,Postgraduate,No,67.76,Low
Male,21,6.2,64.7,77.3,8.6,9,Yes,Graduate,No,80.35,High
Male,21,4.1,68.6,80.1,6.0,7,Yes,Graduate,Yes,72.14,High
Male,19,7.6,55.1,59.9,8.1,8,Yes,Graduate,Yes,73.91,High
Male,18,6.2,95.0,83.2,5.4,9,Yes,School,Yes,82.85,High
Female,20,4.2,64.3,53.2,4.0,3,Yes,Graduate,Yes,46.05,Low
Female,21,5.0,62.9,78.1,8.3,6,No,Graduate,No,80.95,High
Male,17,5.8,96.0,80.1,4.6,8,Yes,School,No,80.37,High
Male,21,5.1,90.3,93.3,4.1,1,Yes,Postgraduate,Yes,78.62,High
Female,22,7.2,57.1,52.8,5.8,6,Yes,School,Yes,61.16,Low
Male,18,3.5,88.5,45.2,5.9,3,Yes,Graduate,Yes,68.1,Low
Male,23,3.1,95.7,54.5,4.4,8,Yes,Graduate,Yes,63.19,Low
Male,18,2.5,53.9,46.8,8.1,9,Yes,School,Yes,57.86,Low
Female,23,1.3,91.3,49.3,6.0,5,Yes,School,Yes,45.67,Low
Female,23,1.3,77.4,58.4,6.4,2,Yes,School,No,46.78,Low
Female,20,7.1,83.5,62.8,5.3,7,Yes,Graduate,No,76.47,High
Male,19,5.7,74.6,89.7,6.6,6,No,School,No,75.62,High
Male,23,5.6,84.9,50.8,7.8,6,Yes,Postgraduate,No,69.87,Low
Female,23,5.3,51.7,93.4,8.5,1,Yes,School,Yes,61.08,Low
Female,20,6.9,88.1,84.6,8.9,1,No,Graduate,Yes,90.71,High
Female,21,4.4,51.7,88.5,6.1,6,Yes,School,Yes,68.24,Low
Female,22,7.1,72.8,91.1,9.0,6,Yes,School,No,94.21,High
Male,17,3.5,57.5,81.4,5.5,4,Yes,School,No,75.94,High
Female,20,7.5,91.2,83.4,4.0,8,Yes,Postgraduate,No,85.77,High
Male,19,5.9,65.7,64.1,7.8,9,Yes,School,No,79.05,High
Female,20,2.8,72.7,68.1,4.9,6,No,Graduate,No,62.45,Low
Male,18,4.9,71.4,91.3,4.3,10,Yes,School,No,74.29,High
Female,21,4.7,88.6,60.8,8.6,8,Yes,Graduate,No,79.61,High
Female,21,2.0,74.1,42.3,8.0,8,Yes,Postgraduate,No,62.31,Low
Female,23,5.1,89.4,82.0,4.5,2,Yes,Graduate,No,68.26,Low
Female,21,3.2,53.7,71.5,7.9,4,Yes,Graduate,Yes,61.12,Low
Male,21,1.4,59.6,84.8,8.2,1,Yes,Graduate,No,53.28,Low
Female,21,7.6,77.6,44.2,8.5,1,No,Postgraduate,Yes,68.17,Low
Male,21,5.5,97.4,74.2,6.7,6,Yes,Graduate,No,84.58,High
Male,17,7.1,53.7,53.6,7.5,7,Yes,School,Yes,69.78,Low
Male,19,5.7,52.2,89.7,7.8,5,No,School,No,73.56,High
Male,23,3.5,57.8,46.0,7.4,8,Yes,Graduate,Yes,51.73,Low
Female,21,4.6,82.1,86.4,7.2,9,Yes,Graduate,Yes,79.07,High
Male,23,5.7,69.9,44.9,6.7,4,Yes,School,No,67.76,Low
Male,19,7.7,91.3,41.4,6.4,1,Yes,Graduate,No,68.8,Low
Male,22,2.8,53.6,52.9,9.0,6,Yes,Graduate,No,52.7,Low
Female,21,7.1,59.8,58.3,5.7,1,Yes,Graduate,No,55.67,Low
Female,23,7.5,65.0,74.5,4.4,2,Yes,Graduate,Yes,65.08,Low
Female,20,5.7,81.3,47.2,7.8,4,Yes,Postgraduate,Yes,60.23,Low
Female,23,7.5,84.3,64.1,5.1,4,Yes,School,No,77.43,High
Male,21,3.8,56.2,51.2,6.7,6,Yes,Graduate,No,66.49,Low
Male,18,7.7,97.2,87.0,4.5,8,Yes,School,No,95.93,High
Female,17,5.9,67.1,42.5,7.1,3,Yes,School,No,60.73,Low
Male,20,1.3,85.7,59.6,8.7,6,No,Postgraduate,No,61.82,Low
Male,20,7.3,76.2,74.7,7.6,3,Yes,Graduate,Yes,76.33,High
Male,18,4.4,61.1,90.2,5.1,2,Yes,Graduate,No,50.89,Low
Female,21,4.2,92.3,87.7,8.9,4,No,Graduate,Yes,80.1,High
Female,17,5.0,90.9,89.2,5.5,4,No,School,No,80.97,High
Male,20,2.0,69.8,43.5,6.2,2,Yes,Graduate,No,38.42,Low
Female,17,4.3,79.4,86.3,6.5,3,Yes,Graduate,No,70.48,High
Female,20,6.8,62.9,82.9,9.0,9,Yes,Graduate,Yes,92.46,High
Female,21,1.1,84.5,89.6,4.3,10,Yes,School,No,60.54,Low
Female,22,2.9,65.5,57.1,7.5,9,Yes,Graduate,No,68.93,Low
Female,20,1.0,92.2,90.1,5.8,10,Yes,Graduate,No,74.66,High
Male,22,3.9,60.9,62.1,4.4,7,Yes,Postgraduate,No,67.66,Low
Female,20,6.1,50.7,74.9,8.7,2,No,Graduate,No,78.99,High
Male,19,6.6,63.4,63.3,6.9,5,Yes,Graduate,Yes,68.25,Low
Male,21,7.6,59.6,63.5,7.8,8,Yes,Graduate,Yes,85.32,High
Female,18,5.3,75.4,70.1,5.2,1,Yes,Graduate,Yes,57.77,Low
Male,22,2.8,60.2,59.6,7.8,1,Yes,Graduate,No,47.36,Low
Male,18,7.5,88.2,83.6,8.1,6,Yes,Graduate,Yes,99.41,High
Male,21,6.4,62.1,74.9,6.2,7,Yes,Graduate,Yes,80.97,High
Female,23,5.0,85.3,77.9,6.9,7,Yes,Graduate,No,74.71,High
Female,18,5.9,78.9,52.7,8.9,3,Yes,School,No,64.08,Low
Male,21,7.5,99.3,93.3,8.2,10,Yes,Graduate,No,100.0,High
Female,18,6.0,100.0,76.3,6.2,4,Yes,Graduate,No,75.27,High
Female,22,3.6,93.5,50.8,7.3,9,Yes,Graduate,No,60.26,Low
Female,19,6.0,88.0,81.3,7.9,10,Yes,Graduate,No,88.26,High
Female,18,1.3,69.3,49.6,4.1,4,Yes,Graduate,Yes,37.5,Low
Male,22,3.7,87.7,43.5,6.9,5,No,Graduate,No,57.11,Low
Male,20,3.8,97.8,69.0,8.9,6,Yes,Graduate,No,82.13,High
Female,21,2.2,51.2,70.4,8.7,7,Yes,Graduate,Yes,57.03,Low
Female,17,1.2,76.9,50.4,8.2,5,Yes,Postgraduate,Yes,43.73,Low
Male,23,1.9,60.9,59.2,4.5,7,Yes,Graduate,No,55.85,Low
Male,17,5.6,77.9,92.0,9.0,2,Yes,Graduate,No,78.28,High
Female,21,6.6,73.3,55.7,7.0,7,Yes,Postgraduate,No,80.31,High
Male,19,7.9,78.8,48.6,5.1,5,Yes,School,No,74.53,High
Female,18,3.4,77.5,94.6,7.4,10,Yes,Graduate,No,80.07,High
Female,19,5.2,98.0,56.6,8.3,5,Yes,School,Yes,74.72,High
Male,17,7.6,77.6,77.4,4.6,6,No,Postgraduate,Yes,88.95,High
Male,23,2.2,92.3,52.7,8.6,9,Yes,Graduate,Yes,59.64,Low
Female,22,6.0,66.0,70.3,8.6,4,Yes,Graduate,Yes,78.2,High
Female,23,6.3,71.9,61.2,4.1,5,No,School,No,70.46,High
Male,21,1.6,73.5,92.9,8.5,5,Yes,Graduate,No,68.94,Low
Female,21,7.0,63.9,63.8,8.7,3,Yes,Graduate,No,66.96,Low
Male,19,6.7,69.0,72.1,4.2,3,Yes,Postgraduate,No,66.95,Low
Female,22,1.2,79.9,92.0,5.5,1,Yes,School,No,47.08,Low
Male,19,1.6,79.0,94.4,5.9,4,Yes,School,Yes,59.02,Low
Male,18,1.3,81.8,45.6,5.7,9,Yes,Postgraduate,No,53.5,Low
Male,20,3.3,67.6,85.9,7.8,2,Yes,Graduate,No,56.8,Low
Female,22,4.6,65.8,61.0,5.8,10,Yes,Graduate,No,67.17,Low
Female,20,4.7,80.6,72.7,8.8,4,Yes,Graduate,Yes,73.02,High
Male,23,2.9,56.6,60.6,9.0,9,Yes,Postgraduate,No,68.61,Low
Female,18,7.4,62.7,62.1,5.6,9,No,Graduate,Yes,79.41,High
Male,20,3.6,52.1,48.7,6.5,8,No,Graduate,No,58.55,Low
Male,17,1.3,53.6,71.5,6.8,2,Yes,School,Yes,46.02,Low
Female,23,3.1,62.2,70.1,6.9,3,No,Graduate,Yes,53.99,Low
Female,20,4.7,51.0,50.4,5.9,6,No,Postgraduate,No,57.33,Low
Male,18,3.9,62.3,69.8,4.8,2,Yes,Postgraduate,Yes,55.33,Low
Female,20,2.9,82.7,93.5,4.3,3,No,Postgraduate,Yes,68.43,Low
Female,21,1.9,53.1,79.3,4.5,1,Yes,Graduate,No,52.67,Low
Male,19,6.7,71.8,66.5,8.5,4,Yes,Graduate,Yes,75.68,High
Male,17,8.0,95.7,90.4,5.4,6,Yes,Graduate,No,89.19,High
Female,21,3.3,89.6,71.6,4.4,1,Yes,Graduate,No,47.75,Low
Male,21,3.7,65.3,47.4,7.1,1,Yes,Postgraduate,Yes,45.82,Low
Male,18,5.3,96.2,70.1,4.4,8,Yes,Postgraduate,Yes,79.36,High
Female,19,6.0,66.5,50.0,4.4,7,Yes,School,Yes,65.27,Low
Male,19,3.7,53.6,82.2,7.1,7,Yes,Postgraduate,No,66.51,Low
Male,22,7.3,99.7,93.2,7.0,7,No,Postgraduate,Yes,86.69,High
Female,23,4.9,93.5,59.8,4.2,5,Yes,Graduate,Yes,66.17,Low
Female,17,4.2,73.3,63.9,6.3,4,Yes,Postgraduate,Yes,66.64,Low
Male,23,5.5,83.3,63.2,6.2,7,Yes,Graduate,Yes,65.33,Low
Male,18,7.7,83.6,55.7,6.7,3,Yes,Graduate,No,56.74,Low
Female,17,6.6,59.7,83.7,7.7,9,Yes,Graduate,Yes,78.15,High
Female,22,1.3,60.0,74.0,5.4,2,Yes,Graduate,No,48.84,Low
Female,20,3.3,73.5,43.5,6.2,1,Yes,School,No,43.87,Low
Female,21,4.3,95.6,86.1,8.0,8,Yes,Postgraduate,No,85.97,High
Male,17,3.2,50.5,50.3,8.6,6,Yes,Postgraduate,No,60.33,Low
Female,23,5.9,89.1,93.9,8.5,4,Yes,Postgraduate,No,76.9,High
Female,21,6.8,52.9,60.7,6.4,10,Yes,School,No,81.6,High
Male,18,6.1,73.9,73.9,6.6,9,Yes,School,No,86.01,High
Female,23,7.9,81.9,44.3,6.6,5,Yes,Graduate,No,76.17,High
Male,20,2.9,84.3,59.0,8.3,1,Yes,Postgraduate,No,54.65,Low
Female,18,7.1,52.9,84.1,8.2,1,Yes,Graduate,No,79.19,High
Female,20,6.4,70.9,66.2,5.6,7,No,Graduate,No,83.92,High
Female,20,3.5,79.2,89.8,4.8,1,Yes,Graduate,No,62.67,Low
Male,21,6.1,53.3,71.6,5.9,6,Yes,School,No,72.69,High
Male,18,1.7,56.8,91.1,5.4,7,Yes,Graduate,No,64.97,Low
Female,18,6.5,83.2,94.0,8.8,10,Yes,School,No,100.0,High
Male,17,4.7,76.1,65.0,5.3,5,Yes,School,No,72.78,High
Male,23,3.0,58.1,71.1,4.9,3,Yes,Graduate,No,51.84,Low
Male,18,5.6,76.8,85.9,8.5,3,Yes,Graduate,No,82.84,High
Male,17,5.5,95.6,52.2,4.4,2,No,School,No,53.75,Low
Male,19,2.5,50.8,87.4,5.3,1,Yes,Graduate,Yes,55.84,Low
Male,19,1.2,82.1,72.6,6.2,8,No,School,Yes,75.42,High
Female,19,4.0,53.7,79.9,7.0,9,Yes,Graduate,Yes,64.93,Low
Female,22,5.0,50.3,44.4,5.6,2,Yes,School,No,51.17,Low
Male,18,7.1,57.5,82.1,6.5,4,Yes,School,Yes,74.56,High
Female,22,7.5,71.1,57.1,5.0,3,No,School,Yes,69.15,Low
Female,23,4.7,90.1,84.3,6.9,4,Yes,Graduate,Yes,79.75,High
Female,18,6.3,64.1,68.0,6.0,4,Yes,School,Yes,74.75,High
Female,17,4.1,81.3,55.1,8.2,8,No,Graduate,No,72.78,High
Male,22,6.2,70.6,92.4,6.1,3,Yes,Graduate,Yes,78.37,High
Female,22,2.4,61.7,82.1,6.2,3,Yes,Postgraduate,No,61.13,Low
Female,23,3.6,75.7,94.2,7.0,6,Yes,Postgraduate,Yes,70.98,High
Male,22,5.4,89.9,60.0,4.6,3,Yes,Postgraduate,No,69.7,Low
Male,20,1.1,91.6,75.7,4.8,5,Yes,Graduate,Yes,60.33,Low
Female,17,6.1,92.3,73.6,8.0,4,Yes,School,Yes,75.44,High
Female,19,6.8,66.9,77.8,5.4,4,No,Graduate,No,75.09,High
Female,17,3.8,89.7,42.1,7.4,2,Yes,Graduate,No,56.63,Low
Female,20,4.1,60.6,56.0,4.5,9,Yes,Graduate,No,62.66,Low
Female,23,7.0,86.9,90.0,8.1,5,Yes,Graduate,Yes,85.44,High
Female,23,6.4,97.4,63.3,8.9,5,Yes,Graduate,No,76.62,High
Male,18,3.0,50.7,92.8,5.9,7,No,Postgraduate,No,61.47,Low
Female,17,3.3,72.0,51.7,6.5,3,Yes,Postgraduate,Yes,52.88,Low
Female,23,5.8,82.4,94.9,6.2,6,Yes,Postgraduate,No,84.1,High
Male,22,4.9,85.1,78.4,8.5,1,Yes,School,Yes,77.87,High
Male,23,2.1,58.8,82.7,4.0,5,Yes,Postgraduate,No,47.99,Low
Male,23,3.2,98.6,61.8,7.3,5,No,Graduate,Yes,69.99,Low
Male,23,7.3,80.8,89.9,7.3,9,Yes,Graduate,No,100.0,High
Female,23,5.8,58.2,70.0,5.9,5,Yes,School,No,59.26,Low
Female,19,7.9,51.0,77.5,5.1,8,Yes,Graduate,Yes,91.34,High
Female,19,6.4,89.2,45.2,5.2,3,No,Graduate,No,74.86,High
Female,18,7.6,54.0,74.7,8.0,6,Yes,School,No,81.2,High
Female,23,2.5,57.1,88.3,4.3,2,No,School,No,54.15,Low
Female,17,6.4,78.7,49.8,6.8,9,Yes,Graduate,No,73.36,High
Male,20,1.1,80.2,80.6,5.5,6,Yes,Graduate,No,57.39,Low
Female,18,5.7,84.3,41.4,5.3,5,Yes,School,No,63.68,Low
Male,17,4.3,69.7,90.9,6.5,9,Yes,Graduate,Yes,76.59,High
Male,23,3.4,88.7,94.1,8.5,1,Yes,School,Yes,67.11,Low
Female,21,7.0,98.7,59.5,7.1,3,Yes,Graduate,No,88.47,High
Male,23,7.0,63.6,45.9,7.9,2,Yes,School,No,65.08,Low
Female,19,1.2,85.2,76.2,7.0,9,No,Postgraduate,No,63.3,Low
Male,20,5.3,96.4,41.6,7.5,6,No,School,No,71.24,High
Female,22,3.6,84.3,66.5,6.2,6,Yes,Graduate,No,73.39,High
Male,20,3.9,84.1,54.9,8.6,5,Yes,School,Yes,62.08,Low
Female,22,6.8,61.2,66.0,6.5,4,Yes,Graduate,No,76.72,High
Female,20,3.2,76.8,41.0,6.8,4,Yes,School,Yes,54.85,Low
Female,19,7.6,78.1,42.8,6.6,2,Yes,Postgraduate,Yes,66.57,Low
Female,22,2.3,85.0,40.9,5.6,7,Yes,School,Yes,57.65,Low
Female,17,5.6,99.8,74.1,5.2,6,Yes,Graduate,No,86.66,High
Male,22,5.7,51.7,70.8,4.4,3,Yes,Graduate,Yes,64.71,Low
Male,18,2.8,53.3,52.8,7.6,7,Yes,Graduate,No,60.04,Low
Male,17,3.3,53.9,75.6,5.4,9,Yes,Graduate,Yes,67.09,Low
Female,18,6.8,87.1,88.6,5.9,10,No,School,No,100.0,High
Male,23,6.3,56.8,55.3,8.6,1,No,Graduate,No,64.93,Low
Female,20,3.3,81.1,85.8,6.8,10,Yes,Postgraduate,No,88.84,High
Female,17,4.7,66.2,76.4,4.5,8,Yes,Postgraduate,Yes,78.77,High
Male,20,1.4,72.9,41.9,8.0,2,Yes,Graduate,Yes,44.52,Low
Male,23,2.5,60.8,60.6,5.3,1,Yes,Graduate,Yes,44.83,Low
Female,21,4.4,93.3,67.9,6.8,9,Yes,School,No,77.15,High
Male,20,1.6,79.3,80.2,6.5,2,Yes,Graduate,No,59.64,Low
Female,23,6.9,97.2,55.8,5.2,7,No,School,Yes,82.28,High
Female,20,6.0,78.7,94.1,4.6,7,Yes,School,No,78.74,High
Female,23,7.6,56.2,77.6,5.1,1,Yes,Graduate,No,73.59,High
Female,18,5.9,58.5,60.5,4.5,10,Yes,School,Yes,69.08,Low
Female,23,7.6,99.5,45.3,5.4,1,No,School,No,78.69,High
Male,22,4.9,86.3,50.0,9.0,7,Yes,School,Yes,65.73,Low
Male,21,5.2,52.5,66.8,6.0,6,Yes,Postgraduate,No,59.9,Low
Female,20,7.8,85.2,67.2,8.3,4,Yes,Postgraduate,No,84.14,High
Female,23,5.5,70.6,82.2,6.7,3,Yes,Graduate,No,69.62,Low
Male,23,1.2,65.4,79.9,7.3,5,Yes,School,Yes,58.77,Low
Male,20,6.1,57.7,51.1,4.8,5,No,Graduate,Yes,70.65,High
Female,21,7.3,92.0,72.7,5.4,3,Yes,Graduate,No,88.39,High
Male,21,6.6,53.2,41.1,6.6,6,Yes,School,No,58.0,Low
Female,23,5.1,64.5,61.9,8.4,3,Yes,Postgraduate,No,63.4,Low
Male,17,5.7,65.3,82.0,4.2,4,Yes,Graduate,No,74.51,High
Female,18,7.9,58.0,62.0,6.5,3,Yes,Postgraduate,Yes,78.4,High
Male,21,1.6,75.4,86.0,4.3,6,Yes,Graduate,No,53.02,Low
Female,21,5.7,50.6,93.7,6.3,9,Yes,Graduate,No,78.62,High
Male,19,3.0,65.0,73.4,7.1,3,Yes,Graduate,No,68.25,Low
Male,22,5.5,96.7,48.0,7.7,1,Yes,School,No,63.03,Low
Female,21,5.3,65.5,60.9,4.7,7,Yes,Postgraduate,No,72.41,High
Male,18,2.1,68.0,40.5,4.8,5,Yes,Graduate,No,53.41,Low
Female,22,2.4,73.7,73.1,6.4,4,Yes,Graduate,Yes,64.51,Low
Male,22,5.4,78.1,85.2,9.0,3,Yes,Graduate,Yes,75.93,High
Female,20,1.9,90.4,74.6,5.8,7,No,Graduate,Yes,70.87,High
Male,20,2.9,59.5,83.2,6.1,2,No,Graduate,No,56.39,Low
Female,20,6.8,93.6,84.0,6.2,4,Yes,Graduate,No,73.96,High
Male,20,3.3,87.9,86.8,4.4,2,Yes,Postgraduate,Yes,52.71,Low
Female,19,4.4,86.1,54.7,7.9,10,Yes,Postgraduate,Yes,72.71,High
Male,21,7.6,54.3,87.9,5.3,8,Yes,Graduate,No,87.27,High
Female,20,2.6,51.1,76.0,7.5,3,Yes,Graduate,Yes,51.43,Low
Female,23,3.7,79.7,55.9,6.4,5,Yes,Graduate,Yes,64.42,Low
Female,17,5.2,93.2,94.3,7.1,4,No,School,Yes,75.81,High
Male,20,6.3,79.2,92.3,4.3,5,Yes,Graduate,No,84.55,High
Female,21,7.3,60.7,71.6,8.4,4,Yes,Graduate,Yes,83.97,High
Male,20,7.4,54.5,86.4,5.2,8,Yes,School,Yes,86.01,High
Female,19,6.4,85.0,54.4,7.4,6,Yes,Postgraduate,No,69.26,Low
Male,18,2.6,86.1,62.9,8.0,1,Yes,Graduate,No,51.97,Low
Female,18,1.2,58.6,50.1,6.7,5,Yes,School,No,44.98,Low
Male,21,3.7,51.4,68.6,5.7,1,No,School,No,55.17,Low
Male,23,2.0,70.4,67.3,8.9,3,No,Postgraduate,No,55.79,Low
Female,18,6.0,79.1,51.7,5.4,6,Yes,Graduate,No,63.03,Low
Male,18,5.6,85.3,77.0,8.7,9,Yes,Postgraduate,Yes,90.65,High
Male,17,1.3,90.5,46.5,4.8,3,Yes,Graduate,No,54.68,Low
Female,21,6.9,80.5,43.4,5.9,4,Yes,School,Yes,70.79,High
Male,23,2.7,55.5,61.2,4.7,10,Yes,Graduate,No,60.47,Low
Male,21,4.0,84.1,62.5,4.0,1,Yes,School,Yes,51.0,Low
Male,18,5.7,99.2,57.6,5.3,10,Yes,Postgraduate,No,68.42,Low
Female,18,4.0,95.3,54.2,4.4,2,Yes,Graduate,No,59.38,Low
Male,18,4.1,93.6,58.6,8.9,7,No,Postgraduate,Yes,74.19,High
Female,22,1.5,65.1,49.0,7.8,8,Yes,Graduate,No,61.44,Low
Male,19,3.8,87.5,62.2,4.0,1,Yes,School,No,60.79,Low
Male,20,6.4,92.6,89.8,5.1,9,Yes,Graduate,No,97.8,High
Male,19,7.4,83.9,52.3,7.4,6,No,Graduate,No,81.43,High
Female,21,3.9,62.5,77.6,6.0,1,Yes,Postgraduate,Yes,65.1,Low
Male,17,4.0,97.7,47.8,8.2,4,Yes,Graduate,No,58.61,Low
Male,20,5.9,72.5,59.5,6.5,4,Yes,Graduate,No,71.99,High
Female,17,7.6,56.5,57.7,7.3,7,No,School,No,75.72,High
Male,23,2.9,55.5,91.5,7.0,1,No,School,No,59.74,Low
Female,22,4.1,82.4,63.5,7.2,10,Yes,Graduate,No,77.96,High
Female,21,6.6,71.9,78.0,5.2,9,Yes,Graduate,No,81.3,High
Male,22,5.3,54.7,73.1,5.9,1,Yes,Graduate,Yes,54.75,Low
Female,21,1.8,87.0,47.8,4.3,10,Yes,Graduate,No,57.72,Low
Male,17,5.4,90.0,91.7,6.9,3,Yes,School,No,74.02,High
Female,17,2.3,86.3,59.0,6.3,1,Yes,Graduate,Yes,56.88,Low
Female,17,4.6,60.1,42.5,7.8,1,Yes,School,Yes,57.75,Low
Male,21,4.7,84.5,56.5,5.0,4,Yes,Graduate,No,66.88,Low
Female,18,7.1,50.5,58.5,6.2,2,Yes,School,No,72.33,High
Female,17,4.2,65.3,45.1,4.9,9,Yes,Graduate,No,63.51,Low
Female,22,3.0,69.9,74.1,7.1,1,Yes,School,Yes,57.23,Low
Female,23,2.6,91.8,59.1,8.2,3,Yes,Postgraduate,Yes,62.81,Low
Female,20,7.1,69.5,74.6,7.8,2,No,Graduate,Yes,77.84,High
Male,21,2.2,50.6,40.4,8.7,1,Yes,Graduate,No,37.33,Low
Female,22,4.0,67.6,94.0,8.9,9,Yes,Postgraduate,Yes,84.35,High
Male,19,2.3,74.9,49.4,7.9,5,Yes,School,No,42.24,Low
Female,23,6.4,97.5,76.3,5.4,6,Yes,Graduate,No,89.55,High
Male,19,4.3,97.1,79.4,5.1,8,No,Postgraduate,No,81.71,High
Male,20,3.5,59.0,49.4,6.2,7,Yes,Graduate,No,51.02,Low
Female,18,3.5,59.3,46.1,9.0,7,Yes,Graduate,No,62.49,Low
Female,17,7.0,58.2,48.4,6.1,9,Yes,Graduate,Yes,77.54,High
Female,21,4.9,89.4,53.6,5.0,3,Yes,Graduate,No,66.11,Low
Male,22,6.0,50.3,49.3,8.7,10,Yes,Graduate,Yes,74.33,High
Female,17,7.3,56.4,77.1,5.9,8,Yes,School,Yes,75.32,High
Male,22,7.3,76.9,63.1,7.5,6,No,Graduate,Yes,86.22,High
Male,21,3.3,62.4,69.6,7.9,8,Yes,Graduate,Yes,60.06,Low
Male,19,7.7,54.6,42.6,8.2,4,Yes,Graduate,No,66.21,Low
Female,17,1.2,68.0,87.4,8.1,1,Yes,Graduate,No,46.24,Low
Female,20,3.6,63.7,49.4,8.2,3,Yes,Postgraduate,No,55.69,Low
Male,18,7.3,75.6,59.8,7.3,10,Yes,Graduate,No,82.8,High
Male,20,2.9,99.0,44.0,6.0,3,Yes,Graduate,Yes,48.46,Low
Female,18,2.9,56.2,47.5,7.3,1,Yes,School,No,56.5,Low
Male,23,3.1,68.6,76.6,8.2,5,Yes,School,No,57.85,Low
Female,22,5.3,96.6,78.1,5.8,6,Yes,Postgraduate,No,78.52,High
Male,17,4.1,93.8,77.2,5.5,9,Yes,Graduate,Yes,76.75,High
Female,17,6.1,69.7,70.4,5.7,8,No,Postgraduate,No,73.04,High
Male,23,7.3,84.9,92.4,6.8,4,Yes,Graduate,Yes,86.85,High
Female,18,5.7,54.4,67.9,4.3,6,Yes,Graduate,No,67.65,Low
Male,19,2.4,85.6,64.7,7.9,3,Yes,Graduate,Yes,57.43,Low
Female,21,7.5,98.6,53.6,4.7,1,Yes,Graduate,Yes,64.18,Low
Female,20,2.9,76.9,45.4,4.7,9,Yes,Graduate,No,55.93,Low
Male,23,2.0,74.9,70.1,5.0,8,Yes,School,No,63.81,Low
Male,22,1.6,59.4,57.3,6.9,6,No,Postgraduate,Yes,48.64,Low
Female,23,4.9,81.7,68.8,5.4,3,Yes,Graduate,No,63.95,Low
Male,20,1.8,79.5,51.3,5.8,5,Yes,Graduate,Yes,49.98,Low
Female,20,2.0,82.6,86.1,8.7,9,Yes,School,No,72.96,High
Male,22,3.1,51.3,95.0,8.2,7,No,Postgraduate,No,75.93,High
Female,22,3.0,77.4,57.7,8.3,2,Yes,Postgraduate,Yes,57.72,Low
Female,17,5.2,79.7,86.3,6.9,6,Yes,Graduate,No,81.83,High
Female,20,6.7,60.4,88.0,8.3,9,Yes,Graduate,Yes,92.67,High
Female,21,6.3,60.4,94.8,7.9,10,Yes,Graduate,Yes,91.68,High
Female,21,2.8,63.8,58.8,8.8,1,Yes,Graduate,Yes,49.18,Low
Female,18,2.7,85.6,81.6,4.3,5,Yes,Postgraduate,Yes,63.04,Low
Male,23,7.8,80.3,52.6,4.1,9,Yes,Postgraduate,No,80.47,High
Male,22,1.1,92.3,74.4,4.9,3,Yes,Graduate,Yes,62.08,Low
Male,17,7.2,64.8,78.8,8.6,3,No,Graduate,No,71.44,High
Female,21,2.4,95.6,80.8,7.0,10,Yes,Graduate,Yes,74.49,High
Female,19,7.6,87.2,51.4,6.1,9,Yes,Graduate,No,82.65,High
Female,17,3.4,69.8,86.7,6.6,3,No,Graduate,No,59.78,Low
Female,17,4.1,54.8,63.2,8.1,9,Yes,School,Yes,66.23,Low
Male,21,5.9,62.8,51.9,8.6,10,Yes,School,No,72.27,High
Male,19,5.1,97.8,69.8,7.6,3,Yes,Graduate,Yes,78.44,High
Female,18,3.2,65.5,87.5,7.8,8,Yes,School,Yes,71.34,High
Male,21,4.9,66.5,93.2,5.6,10,Yes,School,No,76.4,High
Male,19,6.1,59.5,81.2,6.3,9,Yes,Graduate,Yes,71.83,High
Female,17,1.3,90.3,40.3,8.4,3,Yes,Postgraduate,Yes,46.4,Low
Male,19,1.1,63.8,47.4,7.9,1,No,Graduate,No,46.4,Low
Female,17,4.2,66.5,44.2,7.4,9,Yes,Graduate,Yes,60.64,Low
Male,23,1.9,70.7,45.6,4.3,7,Yes,Postgraduate,Yes,44.15,Low
Female,21,5.7,71.7,61.1,4.2,6,Yes,School,No,71.62,High
Female,22,2.5,70.6,58.6,4.7,4,Yes,Graduate,Yes,51.8,Low
Female,21,4.0,75.2,46.3,6.9,5,Yes,Postgraduate,No,60.7,Low
Female,23,2.4,90.7,88.5,6.7,7,Yes,School,No,83.8,High
Male,20,4.8,91.0,73.8,8.7,9,Yes,Postgraduate,Yes,87.53,High
Female,20,1.8,89.9,83.8,7.5,6,Yes,Graduate,Yes,63.36,Low
Female,20,1.2,55.1,60.4,5.5,4,Yes,School,No,40.7,Low
Female,21,1.4,90.0,62.6,4.8,4,Yes,Postgraduate,No,44.75,Low
Male,18,7.7,56.0,57.5,8.2,10,Yes,Graduate,Yes,81.78,High
Female,21,2.0,56.2,64.1,6.3,3,Yes,Graduate,Yes,53.77,Low
Male,23,6.0,97.4,73.6,7.3,2,No,Graduate,No,68.14,Low
Female,23,1.5,91.0,67.1,6.8,4,Yes,Graduate,Yes,61.25,Low
Male,22,1.8,77.6,86.1,4.5,6,Yes,School,No,65.25,Low
Male,19,4.6,93.7,89.5,4.3,1,Yes,Graduate,No,71.58,High
Female,21,4.3,99.5,65.8,5.9,2,Yes,Graduate,No,62.89,Low
Male,21,7.7,80.5,53.2,5.8,8,Yes,Graduate,Yes,81.29,High
Female,17,7.6,80.6,92.0,7.4,3,Yes,Graduate,Yes,89.42,High
Female,23,6.5,87.7,80.4,7.2,1,Yes,Postgraduate,No,78.9,High
Female,17,5.2,61.6,75.2,8.8,2,Yes,School,No,68.06,Low
Male,17,4.2,58.4,81.0,8.3,3,Yes,Postgraduate,Yes,66.41,Low
Male,21,3.5,88.0,44.2,6.5,2,Yes,School,Yes,59.69,Low
Female,18,7.6,67.2,43.7,6.5,4,Yes,Postgraduate,No,66.14,Low
Female,19,5.2,56.8,48.4,7.4,4,Yes,Postgraduate,No,62.84,Low
Male,19,5.1,65.7,48.1,4.6,10,Yes,Graduate,Yes,75.69,High
Female,23,2.6,67.9,63.1,9.0,2,Yes,Graduate,No,51.63,Low
Female,22,1.3,98.3,48.7,6.6,1,Yes,Graduate,Yes,45.62,Low
Female,23,7.6,84.9,87.0,8.5,3,Yes,Postgraduate,Yes,77.54,High
Male,18,3.2,76.5,71.8,8.8,4,Yes,School,Yes,64.18,Low
Male,18,4.1,98.4,60.3,6.9,6,Yes,Graduate,No,74.89,High
Male,19,1.8,95.2,43.8,4.5,5,Yes,Graduate,No,54.31,Low
Female,20,6.9,75.6,72.5,6.9,2,No,Postgraduate,Yes,69.34,Low
Female,17,1.2,95.3,46.4,7.0,4,Yes,School,Yes,47.43,Low
Female,17,6.8,70.2,80.9,7.9,6,Yes,Graduate,No,78.88,High
Male,19,2.0,61.5,84.2,4.2,4,No,Graduate,Yes,60.53,Low
Female,23,7.2,61.6,69.9,6.3,7,Yes,Postgraduate,Yes,68.4,Low
Female,18,6.1,83.1,48.2,8.6,6,Yes,Graduate,No,68.07,Low
Female,23,2.2,75.1,83.3,9.0,6,Yes,Postgraduate,No,67.36,Low
Female,22,5.0,82.9,56.9,5.0,10,Yes,School,No,73.56,High
Male,20,3.2,84.3,52.2,8.4,2,Yes,School,Yes,48.37,Low
Male,19,2.2,51.1,65.9,4.7,7,Yes,Graduate,No,60.54,Low
Female,17,7.0,52.7,90.7,8.2,9,Yes,School,Yes,82.71,High
Male,21,3.8,76.6,56.4,5.4,6,Yes,Graduate,Yes,56.84,Low
Male,23,3.8,59.6,89.8,8.8,8,Yes,Postgraduate,No,71.47,High
Female,18,2.2,81.6,43.0,7.5,6,Yes,Graduate,No,53.22,Low
Female,21,3.7,77.6,44.6,6.0,6,Yes,Postgraduate,Yes,63.23,Low
Male,22,7.1,79.3,78.4,5.4,4,Yes,Graduate,No,84.13,High
Female,19,3.5,65.1,50.5,5.2,6,Yes,Postgraduate,No,62.34,Low
Male,23,7.7,82.0,57.4,7.4,10,Yes,School,No,79.14,High
Female,17,7.6,91.5,47.5,8.5,4,Yes,Postgraduate,No,77.08,High
Male,23,2.0,99.9,58.3,7.8,10,No,School,No,65.8,Low
Female,20,2.2,91.9,55.4,8.2,6,Yes,Graduate,No,62.67,Low
Male,21,7.0,77.9,80.5,7.9,1,Yes,Graduate,No,81.65,High
Male,20,3.7,59.7,78.6,8.9,7,Yes,Postgraduate,Yes,66.86,Low
Male,22,1.0,84.1,92.5,7.8,2,Yes,Graduate,No,60.06,Low
Female,17,2.9,96.9,79.8,5.1,6,Yes,Graduate,No,67.0,Low
Male,21,5.2,60.6,78.2,8.0,9,Yes,Postgraduate,No,71.26,High
Male,22,6.6,62.8,78.2,5.6,10,Yes,Postgraduate,No,76.29,High
Female,20,1.9,57.5,88.6,9.0,3,Yes,School,Yes,65.7,Low
Female,20,1.8,86.8,56.3,5.9,4,Yes,Postgraduate,No,63.36,Low
Male,21,7.5,70.3,56.5,5.5,5,Yes,Graduate,No,69.39,Low
Male,17,6.3,53.1,80.8,5.2,8,Yes,Postgraduate,Yes,79.92,High
Female,20,5.1,93.7,52.6,7.3,10,Yes,School,Yes,76.52,High
Female,19,6.4,77.9,90.2,4.5,6,Yes,School,No,74.27,High
Female,22,4.0,66.6,69.4,8.8,8,Yes,Graduate,No,75.07,High
Female,21,6.3,67.2,56.5,5.5,3,Yes,School,No,65.47,Low
Female,18,3.6,64.5,82.7,5.5,3,Yes,Graduate,No,52.72,Low
Male,18,2.7,72.8,57.2,4.2,9,Yes,Graduate,Yes,62.69,Low
Female,17,6.1,66.9,93.0,5.2,6,No,Graduate,Yes,87.79,High
Male,19,3.9,77.4,94.1,6.1,8,Yes,Graduate,No,70.57,High
Male,20,7.9,88.7,76.7,5.8,4,No,Graduate,No,78.2,High
Male,18,3.4,83.7,46.2,5.4,5,Yes,Graduate,Yes,58.6,Low
Female,17,7.5,64.7,54.5,4.2,9,Yes,School,No,82.51,High
Male,22,7.5,76.4,68.3,5.5,7,No,Postgraduate,Yes,78.9,High
Male,19,2.7,92.0,86.8,7.9,5,No,Postgraduate,Yes,72.51,High
Female,19,6.6,53.4,50.2,6.2,7,Yes,School,No,71.05,High
Male,23,4.0,53.9,45.7,5.5,9,Yes,Postgraduate,No,66.89,Low
Male,17,7.4,77.8,44.1,5.5,3,No,School,Yes,62.95,Low
Female,17,4.2,82.0,67.9,6.8,3,Yes,Graduate,No,67.05,Low
Male,23,6.2,60.6,88.7,5.5,4,Yes,Graduate,No,82.43,High
Male,20,4.3,87.3,42.3,7.2,10,No,Graduate,No,72.4,High
Male,17,2.6,82.3,51.7,8.9,7,Yes,School,No,71.27,High
Female,23,2.4,96.2,78.1,4.2,5,Yes,Postgraduate,Yes,63.82,Low
Female,20,4.0,58.4,85.4,4.8,5,Yes,Postgraduate,No,65.31,Low
Female,20,6.3,87.6,84.4,4.9,4,Yes,Postgraduate,No,73.84,High
Male,21,5.2,54.2,83.2,6.2,8,Yes,School,No,78.8,High
Male,19,5.8,78.3,47.1,4.2,3,Yes,Postgraduate,Yes,70.75,High
Female,22,3.0,77.6,61.8,6.4,2,Yes,Graduate,No,43.8,Low
Male,19,4.4,69.4,94.2,8.6,4,Yes,Graduate,Yes,68.42,Low
Male,19,1.3,92.2,94.4,4.1,8,Yes,Postgraduate,Yes,72.26,High
Female,21,6.7,50.2,73.1,5.8,4,Yes,Graduate,Yes,78.7,High
Female,20,7.9,76.0,79.0,7.8,8,Yes,Graduate,No,98.32,High
Male,20,3.8,60.9,92.3,4.8,5,Yes,Graduate,Yes,68.26,Low
Male,17,1.1,87.2,64.7,4.4,9,No,Graduate,No,65.08,Low
Male,21,2.2,52.2,47.5,7.2,2,Yes,Postgraduate,Yes,44.73,Low
Female,17,5.6,91.6,76.8,4.0,8,Yes,Postgraduate,Yes,70.41,High
Female,21,5.3,91.9,92.8,8.0,7,Yes,Graduate,No,87.12,High
Female,17,6.5,91.6,78.3,4.3,2,Yes,School,No,70.74,High
Female,18,2.8,57.6,84.2,6.6,5,Yes,Graduate,Yes,62.38,Low
Male,23,6.3,81.5,63.3,7.7,6,No,Graduate,No,81.43,High
Female,19,5.8,50.7,45.3,5.2,9,Yes,School,No,61.97,Low
Female,19,3.3,92.4,49.3,4.5,8,Yes,Graduate,Yes,54.91,Low
Female,22,4.8,86.1,94.0,4.9,7,No,Postgraduate,No,81.45,High
Female,23,2.0,76.6,67.1,8.3,1,No,Graduate,No,60.02,Low
Female,20,4.2,86.5,40.7,7.5,10,Yes,Postgraduate,No,63.81,Low
Male,22,7.2,54.7,92.5,5.0,3,Yes,Graduate,Yes,75.58,High
Male,18,3.9,76.4,67.4,7.6,1,Yes,Graduate,Yes,64.34,Low
Female,22,6.9,64.6,86.0,7.5,10,Yes,Graduate,No,84.94,High
Male,19,5.1,98.6,70.2,9.0,6,Yes,Graduate,No,84.25,High
Female,20,2.3,92.9,45.6,6.0,3,Yes,Graduate,Yes,42.93,Low
Female,18,5.1,86.7,73.9,8.3,2,Yes,Graduate,Yes,72.87,High
Male,19,4.5,96.7,94.9,6.2,10,Yes,School,No,94.74,High
Male,23,3.8,67.3,41.9,8.5,2,No,School,Yes,49.46,Low
Female,17,1.8,95.0,86.3,4.5,8,Yes,Postgraduate,No,68.52,Low
Female,21,3.9,66.3,53.0,4.9,1,Yes,School,Yes,36.31,Low
Female,18,1.5,86.6,61.7,8.2,9,Yes,Graduate,No,59.45,Low
Male,20,1.7,86.8,60.5,8.1,7,Yes,Postgraduate,No,60.21,Low
Female,22,3.9,50.9,89.4,5.5,1,Yes,Postgraduate,Yes,64.69,Low
Female,23,3.1,68.1,67.7,7.0,5,Yes,School,No,67.22,Low
Female,22,7.5,51.0,64.6,5.9,5,No,Postgraduate,Yes,76.01,High
Male,18,3.6,99.9,85.0,4.1,2,Yes,Graduate,No,58.52,Low
Female,23,6.3,56.1,42.7,4.1,1,Yes,Graduate,Yes,53.69,Low
Female,20,4.7,77.1,44.8,4.3,7,Yes,Graduate,Yes,61.03,Low
Male,18,5.9,89.5,41.2,7.0,9,Yes,Postgraduate,No,76.87,High
Female,20,2.8,60.1,77.8,5.4,8,Yes,School,No,66.68,Low
Female,22,7.6,74.3,68.9,4.7,7,No,Postgraduate,No,79.93,High
Male,19,4.7,80.4,88.2,8.7,4,Yes,School,Yes,77.8,High
Female,23,6.8,58.0,67.4,4.6,10,Yes,Graduate,No,74.39,High
Male,17,3.6,88.9,52.2,7.4,7,Yes,School,Yes,70.89,High
Male,19,1.7,65.0,84.3,8.5,8,Yes,Graduate,Yes,60.75,Low
Female,17,5.7,60.6,56.2,4.8,9,Yes,School,No,68.47,Low
Female,22,1.1,77.9,91.5,5.1,9,Yes,Graduate,No,71.88,High
Female,23,4.3,70.5,53.8,6.9,5,Yes,School,No,64.17,Low
Female,19,2.3,96.0,49.2,6.5,5,Yes,Postgraduate,Yes,53.66,Low
Male,19,5.4,94.0,67.1,6.6,6,No,School,No,76.92,High
Female,18,7.9,74.2,42.8,6.8,8,Yes,Graduate,Yes,79.02,High
Male,21,4.3,68.0,42.0,8.7,3,Yes,Graduate,No,65.54,Low
Female,22,6.7,66.3,67.3,4.3,3,Yes,School,Yes,73.48,High
Female,20,4.6,63.4,51.8,7.8,5,Yes,Graduate,No,65.46,Low
Female,22,4.5,77.2,40.5,5.2,1,Yes,Graduate,Yes,47.92,Low
Male,20,7.5,90.2,56.3,5.9,5,No,Graduate,No,74.17,High
Female,23,7.2,65.5,66.3,4.4,9,Yes,Postgraduate,No,76.34,High
Female,20,6.5,59.5,61.7,6.2,5,Yes,School,No,78.62,High
Female,17,3.1,73.8,47.5,8.0,7,Yes,Postgraduate,Yes,57.71,Low
Female,20,4.8,53.5,71.9,4.5,10,No,Postgraduate,Yes,69.27,Low
Male,20,2.6,85.1,79.1,5.4,9,Yes,School,Yes,63.06,Low
Female,18,4.1,75.9,77.2,5.9,8,Yes,Graduate,No,66.17,Low
Male,19,4.4,74.8,61.7,4.5,5,Yes,Graduate,No,63.44,Low
Male,22,6.8,65.0,47.6,7.8,2,No,Graduate,Yes,70.84,High
Male,22,7.3,95.2,67.5,7.9,5,Yes,Graduate,Yes,83.54,High
Male,23,3.9,54.5,89.0,8.2,10,Yes,Graduate,No,76.52,High
Male,23,1.1,93.5,65.8,6.9,8,Yes,Graduate,No,70.16,High
Male,20,7.0,68.8,50.8,6.5,1,Yes,School,Yes,65.08,Low
Female,21,2.2,94.0,45.1,5.3,10,Yes,Graduate,No,61.3,Low
Male,22,5.4,86.4,91.9,7.3,4,Yes,Postgraduate,Yes,84.89,High
Male,23,1.2,55.2,80.9,6.2,1,Yes,School,Yes,52.08,Low
Male,20,3.8,91.6,57.2,8.9,5,No,Graduate,No,64.24,Low
Female,23,7.9,84.1,56.2,8.8,2,No,Graduate,No,75.75,High
Female,17,1.7,51.6,89.2,8.5,2,Yes,Graduate,No,57.45,Low
Male,17,4.0,56.7,49.8,5.8,7,Yes,Graduate,No,59.63,Low
Female,23,3.2,81.8,69.4,5.8,4,Yes,School,No,69.54,Low
Male,17,7.3,83.1,79.2,8.3,2,Yes,Graduate,Yes,79.48,High
Male,23,7.1,87.3,61.8,7.6,3,Yes,Graduate,Yes,79.99,High
Female,20,2.7,86.0,42.2,7.5,3,Yes,Graduate,Yes,54.91,Low
Male,18,1.6,83.0,52.5,5.4,2,No,School,Yes,49.17,Low
Female,21,5.4,88.3,89.6,8.2,7,Yes,School,No,81.73,High
Female,20,3.4,78.8,68.8,6.9,1,Yes,Graduate,Yes,58.01,Low
Male,18,5.7,63.0,84.8,6.2,9,Yes,School,No,80.48,High
Male,18,1.2,95.6,70.6,8.3,5,Yes,Graduate,No,67.8,Low
Female,22,1.9,50.9,91.9,6.0,4,Yes,Postgraduate,No,55.86,Low
Male,20,5.8,68.3,90.0,7.3,3,Yes,School,No,75.53,High
Male,20,2.5,86.4,66.6,6.3,3,No,Graduate,Yes,58.09,Low
Male,23,7.0,71.4,57.5,7.0,3,No,Graduate,No,80.27,High
Female,18,1.4,51.2,73.1,4.2,1,Yes,School,No,47.24,Low
Female,18,2.5,53.3,77.1,6.3,2,Yes,Graduate,No,56.09,Low
Male,18,8.0,82.4,67.4,6.8,7,Yes,Graduate,Yes,86.59,High
Female,23,4.0,98.2,85.2,6.5,3,Yes,Graduate,Yes,70.02,High
Female,22,5.9,77.6,50.1,8.2,6,Yes,School,Yes,76.71,High
Female,20,2.3,75.3,58.4,5.6,4,Yes,School,Yes,51.5,Low
Female,18,5.3,65.9,77.8,8.4,10,Yes,School,Yes,90.54,High
Female,17,6.1,62.8,53.6,6.0,5,Yes,Postgraduate,Yes,67.45,Low
Male,20,3.2,51.0,64.2,7.5,8,No,School,No,65.07,Low
Male,23,6.8,63.6,93.0,4.4,2,Yes,Graduate,Yes,75.33,High
Male,22,5.2,72.5,74.4,5.0,10,Yes,Graduate,No,91.06,High
Female,17,3.7,59.9,92.2,7.8,5,No,Graduate,No,64.62,Low
Female,23,4.9,54.4,79.7,4.1,2,Yes,Graduate,No,59.71,Low
Male,19,5.0,85.9,79.9,8.8,9,Yes,Graduate,Yes,78.94,High
Female,20,2.2,94.7,72.6,5.0,2,Yes,Postgraduate,No,51.43,Low
Male,19,3.8,96.8,47.8,8.5,1,No,School,No,60.67,Low
Male,23,3.4,80.9,68.6,6.6,4,Yes,School,No,61.0,Low
Male,23,3.8,52.6,53.9,6.8,7,Yes,Postgraduate,Yes,57.59,Low
Female,23,6.3,87.0,94.9,4.4,2,Yes,Postgraduate,No,77.13,High
Female,18,4.4,55.5,54.7,5.8,10,Yes,Graduate,No,66.18,Low
Male,22,7.6,83.5,52.7,4.8,9,Yes,Postgraduate,Yes,74.12,High
Male,18,3.1,89.0,74.3,6.6,1,Yes,Graduate,No,54.85,Low
Male,22,3.9,86.3,68.1,6.8,1,Yes,Graduate,Yes,55.31,Low
Male,21,6.5,97.6,41.2,7.5,8,Yes,Postgraduate,Yes,77.87,High
Female,18,4.8,86.9,47.1,8.4,5,No,Graduate,No,67.0,Low
Female,19,4.8,84.7,84.6,6.3,9,Yes,Postgraduate,Yes,81.4,High
Male,22,1.4,63.1,66.6,5.2,8,Yes,Graduate,No,57.88,Low
Male,18,3.8,96.2,48.0,5.7,6,Yes,Graduate,No,65.25,Low
Female,20,2.9,59.0,65.6,8.2,4,Yes,Graduate,Yes,49.37,Low
Female,23,8.0,95.2,53.9,4.7,6,Yes,Graduate,No,80.29,High
Male,22,3.2,65.6,52.3,7.1,2,Yes,Graduate,Yes,52.64,Low
Male,22,7.2,56.5,92.7,4.1,5,Yes,Graduate,Yes,74.42,High
Male,18,5.7,91.3,59.9,5.2,10,Yes,Graduate,Yes,72.13,High
Female,21,3.4,50.1,42.6,7.0,3,Yes,School,No,51.56,Low
Female,18,4.8,91.6,93.4,6.3,3,Yes,Postgraduate,Yes,71.95,High
Female,19,6.9,63.1,83.7,6.5,1,Yes,Graduate,No,77.64,High
Male,19,7.2,94.2,54.0,7.3,8,Yes,Graduate,No,83.37,High
Male,22,2.1,84.6,62.5,5.2,10,No,Graduate,Yes,62.81,Low
Female,22,3.4,83.3,87.4,5.4,3,Yes,Graduate,No,69.55,Low
Female,18,3.3,68.3,59.7,7.4,1,Yes,Graduate,No,54.35,Low
Male,19,1.3,53.0,71.2,6.7,4,Yes,Postgraduate,No,49.36,Low
Female,19,5.2,91.5,69.4,4.1,1,Yes,Postgraduate,No,61.31,Low
Female,21,7.0,58.5,62.1,7.4,1,Yes,Graduate,No,74.57,High
Male,20,3.7,68.6,75.2,7.1,1,Yes,Graduate,Yes,54.68,Low
Female,21,6.2,80.0,66.0,4.4,2,Yes,Graduate,No,73.52,High
Male,17,5.4,74.1,41.2,7.7,1,Yes,Graduate,No,50.67,Low
Male,23,3.6,59.9,84.8,6.6,6,No,Postgraduate,Yes,69.65,Low
Male,21,2.0,57.0,46.2,5.0,7,Yes,Postgraduate,No,52.67,Low
Male,18,6.0,56.2,65.5,6.8,1,No,Graduate,Yes,63.76,Low
Male,20,7.0,93.2,71.9,7.0,10,Yes,Graduate,No,93.62,High
Male,18,5.8,51.6,78.8,8.6,1,Yes,Postgraduate,Yes,73.19,High
Male,23,1.1,98.9,62.6,7.7,10,No,Postgraduate,No,68.71,Low
Female,17,2.5,59.9,80.5,5.5,9,No,Graduate,No,73.56,High
Male,20,1.5,55.5,47.2,4.6,9,No,Graduate,No,60.01,Low
Male,22,5.0,78.8,75.9,8.3,1,Yes,Postgraduate,No,76.04,High
Female,19,6.3,54.0,85.4,8.2,8,Yes,School,No,85.27,High
Female,21,1.8,80.1,88.9,4.9,3,No,School,No,57.46,Low
Female,18,6.9,92.5,71.9,4.3,7,Yes,School,No,84.09,High
Male,17,4.9,52.4,57.2,7.6,1,Yes,School,Yes,59.28,Low
Female,19,5.8,90.0,49.0,7.6,7,Yes,Postgraduate,No,68.27,Low
Male,21,7.8,69.7,59.0,4.9,1,Yes,School,Yes,68.75,Low
Male,19,1.6,58.0,69.7,7.3,3,Yes,Graduate,No,45.81,Low
Male,21,7.3,58.8,50.8,5.4,7,Yes,Postgraduate,Yes,69.59,Low
Male,22,1.9,95.9,92.4,5.3,1,No,Postgraduate,Yes,63.06,Low
Female,20,3.8,55.5,89.3,5.6,9,Yes,Graduate,No,71.43,High
Female,19,7.0,93.3,41.8,6.6,5,Yes,Graduate,No,70.41,High
Male,19,7.3,77.2,70.9,8.0,2,Yes,Graduate,No,78.93,High
Male,19,4.5,52.0,83.4,6.5,4,Yes,School,No,65.49,Low
Male,20,5.2,73.2,53.5,5.5,8,Yes,School,No,69.14,Low
Female,17,6.0,90.9,68.8,8.4,4,Yes,School,No,77.34,High
Male,21,6.8,86.3,62.3,4.3,10,Yes,Graduate,Yes,84.21,High
Male,22,1.9,74.4,50.8,8.0,5,Yes,School,Yes,45.13,Low
Female,19,6.7,93.0,73.8,7.9,2,No,Graduate,No,78.61,High
Female,23,4.4,56.0,94.7,5.3,5,Yes,Postgraduate,No,78.04,High
Male,20,4.2,95.5,60.1,5.0,7,No,Graduate,No,56.53,Low
Female,17,4.0,92.3,70.4,8.4,9,Yes,Graduate,Yes,75.61,High
Female,21,4.6,85.4,58.0,6.8,8,Yes,Postgraduate,No,72.33,High
Male,20,7.6,90.9,88.2,4.2,10,Yes,School,Yes,88.58,High
Female,22,4.8,77.2,87.6,8.5,6,Yes,Graduate,No,70.51,High
Male,22,7.7,83.8,49.8,5.7,9,No,School,No,79.51,High
Female,21,2.3,78.0,89.5,5.7,7,Yes,Graduate,Yes,64.9,Low
Male,19,6.1,67.8,48.3,7.2,3,Yes,Graduate,No,67.61,Low
Male,22,6.7,78.4,45.2,7.3,1,Yes,School,No,61.91,Low
Male,17,5.8,62.9,75.9,5.8,5,Yes,School,No,74.41,High
Female,20,5.2,72.0,61.2,4.7,9,No,Postgraduate,No,72.89,High
Male,17,5.0,64.0,69.2,6.8,8,Yes,Graduate,Yes,75.93,High
Female,19,7.0,56.1,75.9,7.1,6,Yes,Graduate,No,76.31,High
Male,17,6.8,66.1,42.9,8.3,8,Yes,Graduate,No,72.8,High
Male,17,1.9,92.6,56.1,6.4,8,Yes,Postgraduate,No,66.84,Low
Female,18,6.9,69.1,65.3,7.2,3,Yes,School,No,79.1,High
Male,17,3.9,87.4,54.7,4.3,6,Yes,Graduate,Yes,71.25,High
Male,21,2.8,58.8,42.7,8.5,7,Yes,Postgraduate,Yes,49.32,Low
Female,20,7.1,71.2,44.8,5.6,2,Yes,Graduate,No,60.27,Low
Male,18,4.0,55.7,84.1,7.2,7,Yes,Graduate,Yes,71.76,High
Male,20,6.7,56.9,90.1,8.6,10,No,Postgraduate,Yes,87.16,High
Male,20,2.8,80.9,48.4,8.1,6,Yes,Graduate,No,48.69,Low
Male,19,1.0,80.4,53.7,7.2,2,No,Postgraduate,Yes,48.53,Low
Female,19,4.5,60.7,75.9,7.5,2,No,School,Yes,59.22,Low
Female,18,1.7,73.7,92.5,8.6,6,Yes,Postgraduate,Yes,66.99,Low
Male,22,6.3,93.2,56.5,8.1,3,Yes,Graduate,No,74.72,High
Female,23,2.9,58.7,87.0,7.0,6,Yes,Graduate,No,63.42,Low
Male,19,4.1,51.0,67.8,7.3,9,Yes,Postgraduate,Yes,66.27,Low
Female,23,1.6,82.6,92.6,4.7,10,Yes,Postgraduate,No,73.67,High
Male,19,3.0,52.7,47.5,6.4,1,Yes,School,Yes,35.92,Low
Male,19,6.5,99.0,93.6,5.5,3,Yes,Postgraduate,Yes,77.57,High
Male,20,2.1,80.5,64.3,6.2,2,Yes,School,Yes,40.21,Low
Male,18,5.5,73.5,92.4,7.3,3,No,School,Yes,73.11,High
Male,20,7.4,71.5,65.2,4.7,2,Yes,School,Yes,79.04,High
Male,21,5.8,78.7,69.2,4.1,3,Yes,Postgraduate,No,62.7,Low
Female,20,6.7,54.5,84.3,6.0,4,Yes,Graduate,No,75.57,High
Male,23,1.8,96.5,79.7,5.6,7,Yes,School,No,66.21,Low
Female,23,2.8,81.3,74.1,6.1,2,No,Graduate,Yes,53.71,Low
Male,21,7.3,59.2,62.9,8.7,2,Yes,School,No,68.2,Low
Female,17,6.0,78.1,83.6,7.5,2,No,Graduate,No,65.18,Low
Female,17,5.5,56.7,92.2,5.6,6,Yes,Graduate,Yes,77.75,High
Female,21,5.6,50.9,40.5,4.9,8,Yes,School,Yes,69.02,Low
Male,21,3.9,81.5,72.3,7.1,4,Yes,Postgraduate,No,60.27,Low
Male,20,1.3,82.4,87.6,7.3,10,Yes,Graduate,Yes,71.07,High
Female,21,6.5,79.2,75.9,6.4,3,No,Graduate,No,81.03,High
Male,18,5.8,59.2,84.0,5.1,9,Yes,Graduate,Yes,83.52,High
Female,17,4.3,80.2,89.2,4.1,1,No,Graduate,No,69.1,Low
Male,17,7.3,52.8,81.3,5.3,10,No,Graduate,No,91.99,High
Female,22,3.4,80.5,79.4,6.3,2,Yes,School,No,55.88,Low
Female,21,3.1,77.7,93.1,7.9,7,Yes,Graduate,Yes,70.69,High
Male,19,7.1,82.8,87.5,8.3,3,Yes,Graduate,No,83.42,High
Female,19,6.6,94.8,84.8,6.1,9,Yes,Graduate,Yes,93.87,High
Male,21,4.6,92.5,44.8,8.0,1,No,Postgraduate,No,64.44,Low
Female,18,1.9,99.0,53.1,9.0,9,Yes,Graduate,Yes,65.94,Low
Female,19,2.5,98.8,70.6,7.6,6,Yes,Postgraduate,Yes,70.03,High
Male,22,5.6,88.6,79.0,7.6,1,No,Graduate,No,74.84,High
Male,23,3.7,97.8,56.7,8.5,9,Yes,Graduate,Yes,64.39,Low
Male,21,6.9,93.4,45.1,5.7,9,Yes,School,No,75.59,High
Female,18,7.6,86.4,57.1,4.1,10,Yes,Graduate,No,73.2,High
Male,18,6.6,53.8,82.4,8.9,5,No,Graduate,No,76.42,High
Female,20,3.6,52.5,88.3,6.5,7,Yes,Graduate,No,68.0,Low
Female,18,6.5,91.9,90.2,7.9,3,No,School,Yes,84.17,High
Male,19,3.5,74.5,60.8,8.1,8,Yes,School,Yes,64.77,Low
Male,23,2.2,90.7,60.5,6.0,3,Yes,School,No,57.24,Low
Female,19,1.2,65.6,62.4,6.7,10,Yes,Graduate,Yes,58.35,Low
Female,21,3.7,69.9,60.7,6.7,7,Yes,School,No,60.39,Low
Male,23,7.3,85.0,76.6,5.1,4,Yes,Postgraduate,Yes,73.44,High
Male,21,2.7,95.8,59.7,4.6,5,Yes,Postgraduate,No,56.12,Low
Male,18,2.4,54.4,41.1,6.7,7,Yes,Postgraduate,No,51.39,Low
Male,22,7.8,93.1,64.1,4.6,2,Yes,Graduate,No,76.18,High
Male,17,1.2,89.7,52.3,5.7,4,Yes,Graduate,Yes,51.11,Low
Female,23,6.5,65.8,41.6,4.9,7,Yes,Postgraduate,Yes,68.0,Low
Female,20,3.2,67.8,65.9,7.5,3,Yes,Graduate,Yes,63.98,Low
Female,17,1.3,52.3,51.3,8.4,4,Yes,School,No,42.02,Low
Female,18,7.4,50.8,64.9,6.9,10,Yes,Graduate,No,84.96,High
Male,18,2.0,73.9,55.3,6.1,8,Yes,Graduate,No,66.45,Low
Male,17,4.9,54.8,73.2,9.0,3,Yes,Graduate,No,58.55,Low
Male,20,2.9,59.7,94.5,4.1,9,Yes,School,Yes,71.07,High
Female,23,1.5,92.3,70.1,5.5,5,Yes,Graduate,No,55.84,Low
Female,23,1.3,78.6,75.6,5.4,2,Yes,Graduate,No,47.85,Low
Male,17,1.8,81.7,90.6,5.8,8,Yes,School,Yes,79.28,High
Male,21,1.5,59.4,60.6,5.2,10,No,Graduate,No,59.02,Low
Female,19,6.3,91.4,49.2,5.3,8,Yes,Graduate,No,73.69,High
Female,22,4.4,93.4,55.6,5.3,1,Yes,School,No,64.86,Low
Male,21,3.4,76.2,62.2,6.5,9,Yes,School,Yes,71.97,High
Male,23,3.9,95.6,75.5,6.0,2,Yes,Graduate,No,66.68,Low
Female,19,7.5,92.2,40.3,7.2,4,Yes,Postgraduate,Yes,74.39,High
Male,22,7.4,86.6,86.9,6.6,6,Yes,Graduate,Yes,87.91,High
Male,22,6.0,86.7,44.2,4.9,9,Yes,School,No,72.15,High
Male,22,7.2,55.3,89.5,8.1,1,Yes,Graduate,No,72.14,High
Female,18,3.2,63.5,92.2,6.4,9,Yes,Graduate,No,70.3,High
Female,22,3.7,53.3,94.5,4.8,8,Yes,Graduate,No,70.45,High
Female,20,5.3,50.4,84.5,4.8,7,Yes,Graduate,No,70.1,High
Female,17,5.4,57.9,47.8,8.0,2,Yes,Graduate,No,54.86,Low
Female,23,4.4,94.0,78.8,7.5,7,Yes,School,No,86.78,High
Female,20,3.8,62.0,51.2,6.5,2,Yes,School,No,54.65,Low
Female,17,7.9,98.5,89.3,5.5,9,Yes,School,No,95.57,High
Male,21,6.7,79.9,57.4,6.3,4,Yes,Postgraduate,Yes,77.82,High
Male,21,4.0,61.9,58.0,7.2,2,Yes,School,Yes,54.16,Low
Male,17,6.1,74.9,90.5,8.4,5,Yes,School,Yes,79.82,High
Male,20,2.9,61.0,40.7,6.8,9,No,Postgraduate,No,51.27,Low
Male,17,1.7,99.2,50.7,5.4,4,No,School,No,52.34,Low
Male,22,3.5,92.4,63.2,4.2,5,Yes,School,No,66.82,Low
Male,18,3.8,51.3,78.5,4.9,8,Yes,Graduate,Yes,69.09,Low
Female,23,1.1,97.4,75.6,7.3,3,Yes,School,Yes,60.24,Low
Female,21,6.7,86.1,76.8,4.8,6,No,Graduate,No,81.92,High
Male,23,3.5,54.1,88.4,6.4,1,No,Graduate,Yes,57.34,Low
Male,18,5.1,83.5,46.7,7.5,3,Yes,School,No,71.28,High
Female,22,1.5,82.3,68.7,5.5,8,Yes,Postgraduate,No,73.07,High
Male,22,2.2,60.9,79.9,7.3,10,Yes,Graduate,No,66.81,Low
Male,21,7.2,87.9,75.0,6.9,10,Yes,Graduate,No,90.88,High
Female,21,5.3,54.4,64.7,6.2,6,Yes,Postgraduate,No,57.46,Low
Male,22,7.7,74.5,40.9,8.5,10,Yes,Postgraduate,No,81.61,High
Female,19,8.0,50.5,43.3,7.5,4,No,Graduate,Yes,64.92,Low
Male,23,3.6,98.4,46.5,5.8,8,Yes,Postgraduate,No,72.02,High
Female,18,3.1,87.6,58.9,8.0,3,Yes,Graduate,No,66.9,Low
Female,23,7.0,57.9,46.5,7.7,2,Yes,Graduate,Yes,57.9,Low
Female,18,8.0,67.1,63.4,8.0,10,No,Graduate,No,85.1,High
Male,19,5.4,58.0,49.8,7.2,8,Yes,Graduate,No,68.19,Low
Female,20,6.6,88.3,82.9,5.9,4,Yes,Graduate,No,88.27,High
Male,18,6.5,52.9,87.9,5.7,9,Yes,Graduate,No,88.09,High
Male,23,3.5,92.0,61.4,7.3,3,Yes,Graduate,Yes,69.0,Low
Male,17,5.0,97.1,68.1,4.7,9,Yes,Graduate,Yes,77.22,High
Male,22,6.8,83.8,92.4,8.1,10,Yes,School,Yes,100.0,High
Female,22,5.8,60.6,69.5,5.9,6,Yes,Graduate,Yes,62.54,Low
Female,19,1.1,68.0,94.7,7.2,5,Yes,School,No,63.89,Low
Male,18,3.4,73.9,47.8,6.5,2,Yes,School,No,52.48,Low
Male,20,2.0,80.2,87.4,6.6,6,Yes,Graduate,No,74.06,High
Female,18,2.6,83.4,67.3,7.7,4,Yes,School,No,58.11,Low
Male,22,7.3,77.7,41.2,7.1,5,Yes,Graduate,No,75.58,High
Female,21,1.3,67.6,93.5,5.3,6,Yes,Graduate,No,71.43,High
Male,17,2.5,94.5,93.1,4.4,7,Yes,School,No,71.28,High
Male,19,3.2,54.1,61.1,8.2,4,Yes,School,No,58.32,Low
Female,21,5.3,73.3,92.5,8.4,8,Yes,School,Yes,83.83,High
Male,23,4.7,88.8,47.8,4.8,5,Yes,Graduate,Yes,60.04,Low
Female,20,2.5,53.0,77.4,5.5,7,Yes,Postgraduate,No,57.42,Low
Male,21,2.1,85.3,50.6,5.4,6,Yes,Graduate,No,57.63,Low
Male,23,2.7,91.0,53.6,8.7,5,Yes,School,No,58.68,Low
Male,21,4.5,83.0,82.9,5.0,7,No,School,No,75.91,High
Female,20,2.9,50.6,60.8,4.8,4,Yes,School,Yes,46.94,Low
Male,21,7.6,59.0,40.4,4.9,7,Yes,Postgraduate,No,74.93,High
Male,19,4.2,67.1,62.8,7.6,3,No,School,Yes,64.8,Low
Male,22,1.4,61.7,52.5,8.4,8,Yes,School,No,48.57,Low
Male,18,6.1,98.1,77.6,6.0,10,Yes,Graduate,Yes,86.14,High
Female,21,3.3,82.6,50.7,4.7,4,Yes,Graduate,No,52.48,Low
Female,19,5.6,64.8,86.3,6.9,4,Yes,Graduate,Yes,73.0,High
Male,18,3.0,96.5,54.7,5.0,1,Yes,Graduate,No,58.07,Low
Female,23,5.0,87.0,61.6,4.3,8,Yes,Graduate,No,68.79,Low
Male,18,6.4,64.2,56.4,8.4,5,Yes,Graduate,Yes,68.31,Low
Male,23,7.5,68.9,75.4,8.4,9,No,Graduate,Yes,86.8,High
Male,21,2.8,60.0,45.6,8.9,3,Yes,School,No,52.42,Low
Female,19,3.3,98.6,66.3,6.4,5,Yes,Postgraduate,No,56.52,Low
Female,22,4.2,75.9,58.4,5.5,4,Yes,School,No,62.87,Low
Female,21,7.5,94.8,88.6,7.8,7,Yes,Graduate,No,83.0,High
Female,23,7.3,67.3,44.0,4.9,10,Yes,Graduate,Yes,75.69,High
Female,20,1.6,93.0,85.6,5.2,5,Yes,Graduate,No,60.37,Low
Female,18,1.9,52.7,49.2,5.3,2,No,Graduate,Yes,32.64,Low
Female,21,4.5,99.1,44.9,8.8,6,No,Graduate,No,73.82,High
Female,23,1.7,95.6,51.1,7.6,4,Yes,Postgraduate,No,52.52,Low
Female,18,3.4,68.2,45.6,4.7,6,Yes,Graduate,Yes,48.45,Low
Male,23,2.0,88.7,68.7,4.5,1,Yes,Graduate,No,53.89,Low
Female,19,5.5,87.6,94.4,8.2,1,Yes,Graduate,Yes,82.73,High
Female,17,7.6,95.1,41.9,8.0,4,Yes,Graduate,Yes,69.86,Low
Female,21,8.0,65.4,65.4,7.4,7,Yes,Postgraduate,No,87.54,High
Female,22,3.6,73.3,61.2,5.0,7,Yes,Graduate,Yes,55.07,Low
Female,21,5.2,93.2,58.7,6.4,1,Yes,Graduate,No,54.7,Low
Female,18,7.0,88.9,58.3,7.0,5,Yes,Postgraduate,No,76.11,High
Female,19,1.8,69.7,89.2,8.7,6,Yes,Graduate,No,65.18,Low
Female,23,5.8,92.3,41.0,4.8,5,Yes,Graduate,No,71.37,High
Female,20,3.9,52.3,82.6,6.6,7,No,Graduate,No,65.49,Low
Female,22,2.4,89.1,53.9,4.8,6,Yes,Graduate,Yes,57.15,Low
Female,19,3.8,60.3,61.1,6.2,5,Yes,Graduate,No,56.18,Low
Male,21,1.5,64.3,63.1,5.0,5,Yes,School,Yes,60.97,Low
Male,20,5.9,74.7,56.8,8.2,9,Yes,Postgraduate,Yes,75.15,High
Female,19,2.8,72.5,45.1,5.3,3,Yes,Graduate,No,46.07,Low
Female,17,3.2,76.0,46.3,6.1,9,Yes,Graduate,Yes,59.95,Low
Male,22,1.8,77.2,56.4,6.0,2,Yes,School,Yes,47.34,Low
Female,18,7.1,66.6,85.2,8.3,10,Yes,Graduate,Yes,80.69,High
Male,19,4.5,58.8,47.4,7.8,7,Yes,Postgraduate,Yes,57.62,Low
Male,19,5.0,88.4,80.8,4.3,6,Yes,School,Yes,68.69,Low
Male,17,5.0,70.0,55.9,4.3,8,Yes,Graduate,Yes,63.39,Low
Male,21,3.9,75.3,88.6,6.8,9,Yes,School,Yes,85.66,High
Male,23,2.3,82.2,63.6,6.1,6,Yes,Postgraduate,No,48.95,Low
Female,23,6.2,95.5,49.4,5.4,2,Yes,Graduate,Yes,60.51,Low
Male,22,1.9,85.4,94.2,8.0,10,Yes,Graduate,Yes,78.57,High
Female,22,1.7,52.3,49.7,4.6,4,Yes,Graduate,Yes,38.57,Low
Female,18,6.0,91.9,71.2,8.9,3,Yes,Graduate,Yes,81.99,High
Male,19,2.5,99.5,71.3,4.1,3,Yes,Graduate,Yes,65.63,Low
Male,20,3.1,73.6,60.5,4.6,5,No,Graduate,No,48.13,Low
Female,19,4.3,98.5,92.3,5.6,10,Yes,Postgraduate,No,78.56,High
Male,23,4.1,77.4,86.4,6.5,1,Yes,School,No,75.09,High
Male,18,6.0,73.0,85.6,5.1,9,Yes,Graduate,No,85.16,High
Female,19,5.4,66.6,93.6,7.7,4,Yes,School,No,69.65,Low
Female,17,5.5,82.9,65.1,5.8,7,Yes,Graduate,Yes,69.88,Low
Male,23,6.0,61.5,45.3,4.2,7,Yes,Graduate,No,68.13,Low
Female,19,3.0,55.2,82.1,8.4,7,Yes,Graduate,No,66.12,Low
Male,19,3.3,51.4,60.9,8.7,5,Yes,Graduate,Yes,59.11,Low
Male,23,4.1,64.6,50.5,7.1,4,Yes,Postgraduate,No,54.54,Low
Male,20,3.2,69.8,66.6,8.0,4,Yes,School,No,58.45,Low
Female,23,7.9,77.6,90.9,4.6,5,Yes,Postgraduate,No,91.94,High
Female,17,6.7,64.6,49.4,5.3,6,Yes,Graduate,Yes,72.84,High
Female,17,2.2,99.2,86.7,5.6,10,Yes,Graduate,Yes,67.73,Low
Female,19,1.0,64.6,63.0,8.8,7,No,School,No,52.79,Low
Female,22,1.3,72.0,47.5,6.6,5,Yes,Postgraduate,Yes,52.49,Low
Male,20,2.7,55.2,86.7,4.0,9,Yes,Graduate,Yes,51.13,Low
Male,19,1.8,63.0,93.3,5.9,9,Yes,Graduate,Yes,56.12,Low
Male,23,4.7,52.4,56.0,4.0,1,Yes,Graduate,No,60.07,Low
Male,19,7.0,78.0,56.7,5.2,5,Yes,Graduate,No,73.27,High
Female,18,6.2,87.6,61.5,6.3,2,Yes,Postgraduate,No,69.3,Low
Male,18,2.5,59.8,84.8,5.6,4,Yes,Postgraduate,Yes,62.68,Low
Female,22,3.8,68.4,40.6,4.2,7,Yes,Graduate,No,45.83,Low
Male,20,4.6,50.8,52.3,4.6,10,Yes,Graduate,No,64.73,Low
Female,21,6.7,92.0,78.8,6.8,6,Yes,Graduate,No,89.78,High
Female,18,6.9,89.0,62.3,7.5,7,Yes,Graduate,No,79.95,High
Male,21,7.4,53.2,58.2,6.0,3,No,Graduate,No,76.37,High
Male,17,4.6,68.2,88.0,7.7,5,No,Postgraduate,No,82.39,High
Male,18,5.9,97.8,90.5,4.8,6,No,Graduate,No,90.82,High
Male,18,1.8,69.6,92.1,4.6,6,Yes,Graduate,No,64.1,Low
Female,20,5.0,76.3,55.0,8.2,6,No,School,No,68.41,Low
Male,22,2.7,67.8,90.2,5.7,9,Yes,Postgraduate,Yes,68.27,Low
Male,21,4.0,79.8,80.5,6.2,6,No,Graduate,Yes,70.97,High
Female,23,5.4,98.9,48.5,8.7,2,Yes,Postgraduate,No,72.7,High
Male,18,2.8,99.9,73.6,6.1,9,Yes,Graduate,Yes,66.21,Low
Male,18,1.4,88.7,41.4,4.0,4,Yes,School,Yes,46.84,Low
Male,20,1.1,70.2,79.0,8.7,7,Yes,Graduate,No,65.19,Low
Male,20,1.2,74.7,80.3,4.1,6,Yes,Postgraduate,No,52.77,Low
Male,22,1.1,67.8,83.4,7.3,9,No,School,No,63.5,Low
Female,21,1.8,99.3,49.5,5.6,10,Yes,Postgraduate,Yes,66.65,Low
Male,17,2.7,85.4,74.6,6.4,3,Yes,Graduate,Yes,63.8,Low
Male,23,2.5,72.4,49.8,6.7,8,Yes,School,Yes,55.68,Low
Male,22,7.9,50.6,92.1,6.0,5,Yes,Graduate,No,78.17,High
Male,17,3.1,76.0,77.1,7.9,6,Yes,School,Yes,61.86,Low
Male,19,1.9,99.2,45.2,8.7,3,Yes,School,Yes,53.86,Low
Female,18,4.8,76.2,50.3,4.4,3,Yes,Postgraduate,Yes,60.69,Low
Male,21,7.0,59.1,76.5,8.0,7,Yes,Graduate,No,80.86,High
Female,22,5.7,51.1,66.2,4.6,6,Yes,School,No,62.51,Low
Female,18,3.1,67.7,80.5,4.4,2,Yes,School,Yes,60.11,Low
Male,21,4.9,95.9,55.4,8.8,10,Yes,School,Yes,78.58,High
Male,21,6.0,99.8,76.2,6.4,8,Yes,Postgraduate,No,80.67,High
Male,21,6.1,97.3,49.7,4.8,5,Yes,Graduate,Yes,65.31,Low
Male,18,5.7,86.5,69.9,6.8,7,Yes,School,No,76.87,High
Female,22,7.1,77.9,92.7,5.3,3,Yes,Graduate,No,79.63,High
Male,23,7.1,79.5,74.6,6.3,10,Yes,Postgraduate,No,86.13,High
Male,20,5.1,76.9,42.7,7.1,5,Yes,Graduate,No,71.01,High
Male,18,4.0,85.4,94.4,8.3,3,Yes,Graduate,Yes,76.2,High
Male,21,5.5,70.9,48.6,4.0,3,Yes,Postgraduate,No,60.41,Low
Male,22,6.7,83.5,79.5,5.1,1,Yes,Graduate,No,71.29,High
Male,23,1.0,56.1,69.3,4.5,3,Yes,School,No,47.26,Low
Female,19,7.9,63.3,56.2,4.5,7,Yes,Postgraduate,Yes,73.71,High
Female,17,2.3,91.8,49.8,8.7,9,Yes,Postgraduate,Yes,74.19,High
Male,21,4.3,95.2,49.8,8.7,1,Yes,Graduate,Yes,68.97,Low
Male,19,7.1,77.0,87.2,7.7,4,No,Graduate,No,77.18,High
Male,20,2.6,51.6,88.0,7.2,10,Yes,School,Yes,64.72,Low
Female,23,4.3,96.3,65.6,8.2,7,Yes,Postgraduate,No,82.84,High
Male,23,1.9,85.1,45.7,4.3,6,Yes,Graduate,No,50.49,Low
Female,21,3.8,70.7,88.6,4.6,4,Yes,Graduate,No,68.55,Low
Male,23,2.2,79.9,66.8,5.6,3,Yes,School,No,52.79,Low
Male,19,3.5,71.5,64.1,8.2,6,Yes,School,No,50.86,Low
Male,21,3.6,73.3,62.4,6.4,4,Yes,Postgraduate,Yes,54.33,Low
Male,18,8.0,94.3,60.1,6.5,5,Yes,Graduate,No,84.55,High
Female,22,8.0,58.1,68.9,5.1,2,Yes,Postgraduate,No,72.15,High
Female,19,1.8,55.2,73.2,7.2,9,Yes,Postgraduate,No,59.37,Low
Male,22,6.1,50.1,65.7,8.4,2,Yes,Postgraduate,No,65.33,Low
Male,18,1.4,65.7,89.3,5.6,4,Yes,Postgraduate,No,51.09,Low
Female,18,1.2,57.4,57.5,7.1,8,Yes,Graduate,Yes,45.85,Low
Female,22,1.7,61.0,71.8,5.7,7,Yes,Postgraduate,No,47.01,Low
Female,19,7.8,50.6,56.5,8.0,4,No,Graduate,Yes,72.71,High
Female,22,7.6,61.4,81.4,6.4,8,Yes,Graduate,No,90.4,High
Male,22,2.4,66.6,45.6,5.7,6,Yes,Postgraduate,Yes,55.8,Low
Female,17,2.1,51.6,50.4,6.1,8,Yes,Postgraduate,No,57.36,Low
Male,19,2.7,80.4,84.1,4.5,4,Yes,Graduate,No,52.62,Low
Female,17,4.6,78.4,50.1,8.3,5,Yes,Graduate,No,62.59,Low
Female,21,5.0,54.9,74.4,8.8,4,Yes,Graduate,No,70.5,High
Female,23,2.6,79.8,93.4,6.4,7,Yes,Graduate,No,71.44,High
Female,22,6.3,99.9,68.8,5.1,4,Yes,Graduate,No,74.97,High
Female,21,3.2,97.2,50.3,7.3,5,Yes,Postgraduate,No,66.32,Low
Male,19,7.5,50.1,57.6,6.3,9,Yes,Postgraduate,Yes,86.28,High
Male,22,5.6,89.8,85.3,5.3,8,Yes,School,Yes,74.95,High
Female,23,4.1,67.7,59.3,4.2,2,Yes,Graduate,No,62.4,Low
Female,21,6.5,53.2,79.8,8.4,7,Yes,School,Yes,77.64,High
Male,20,6.7,64.8,82.8,8.0,2,No,Graduate,No,76.21,High
Female,18,3.0,66.1,67.6,8.1,10,Yes,School,No,67.68,Low
Female,22,3.4,76.2,83.1,6.2,3,Yes,Postgraduate,Yes,58.65,Low
Male,23,7.6,83.1,57.4,7.8,1,Yes,Graduate,Yes,74.36,High
Female,18,2.2,87.5,68.4,6.9,2,Yes,School,No,59.24,Low
Female,17,1.3,62.3,77.8,5.9,3,Yes,Graduate,No,48.35,Low
Male,21,4.2,66.1,49.2,8.2,5,Yes,School,No,49.96,Low
Male,17,6.6,65.4,55.0,9.0,6,Yes,Graduate,Yes,74.71,High
Male,23,6.4,68.1,75.9,8.5,7,Yes,Graduate,Yes,86.96,High
Female,22,7.4,100.0,76.0,7.9,5,No,Graduate,No,87.28,High
Male,18,4.7,88.9,67.1,7.7,5,Yes,School,No,69.06,Low
Male,18,1.7,98.7,83.8,7.3,8,Yes,Graduate,Yes,75.13,High
Male,21,5.1,84.7,66.5,8.3,1,No,School,Yes,65.93,Low
Male,22,6.4,70.3,88.5,6.5,9,Yes,Graduate,No,84.22,High
Male,20,1.7,69.5,80.5,4.9,3,Yes,School,No,53.36,Low
Male,20,2.2,74.4,57.3,7.8,6,Yes,Graduate,No,55.68,Low
Female,21,1.1,70.8,61.7,8.6,4,No,Graduate,No,51.04,Low
Female,22,5.2,91.4,76.7,5.7,2,Yes,Postgraduate,No,72.39,High
Male,21,7.2,73.3,89.2,7.9,6,No,School,Yes,93.01,High
Male,22,5.7,64.8,49.8,5.4,10,Yes,Postgraduate,No,60.18,Low
Male,23,7.9,88.7,68.3,8.7,8,Yes,School,No,88.14,High
Female,23,1.4,92.7,46.5,7.4,4,Yes,Postgraduate,No,58.38,Low
Female,17,7.3,71.0,55.4,6.8,8,Yes,School,Yes,76.85,High
Female,21,6.7,83.4,77.7,7.9,7,No,Postgraduate,Yes,90.74,High
Female,22,3.2,52.9,44.3,8.1,1,Yes,Postgraduate,No,47.22,Low
Female,20,7.8,76.5,76.4,8.5,5,Yes,School,No,92.35,High
Female,22,3.0,52.2,89.5,8.5,8,Yes,School,Yes,71.25,High
Female,23,7.2,51.5,93.3,4.3,6,Yes,Graduate,Yes,86.29,High
Female,22,7.2,80.6,51.9,4.6,9,Yes,Graduate,No,80.17,High
Female,21,6.3,65.2,81.2,8.1,7,Yes,Graduate,No,86.78,High
Male,17,4.9,87.1,91.0,8.7,2,Yes,Graduate,Yes,84.77,High
Male,17,1.8,94.8,45.0,5.5,1,Yes,Graduate,No,50.08,Low
Male,17,4.7,57.0,62.8,4.0,9,Yes,Graduate,No,71.29,High
Male,17,3.5,86.2,90.6,5.6,5,Yes,School,No,68.48,Low
Female,23,6.5,75.7,51.2,5.9,2,Yes,School,Yes,65.41,Low
Female,19,6.3,55.6,91.4,7.8,4,Yes,Graduate,No,71.08,High
Male,21,7.4,82.6,69.0,4.2,10,Yes,Graduate,No,88.57,High
Female,18,1.1,80.5,45.5,5.1,6,Yes,Graduate,Yes,52.4,Low
Male,21,6.7,75.8,64.7,8.5,9,Yes,Postgraduate,No,77.68,High
Female,19,7.6,96.3,57.9,4.8,8,Yes,School,No,92.64,High
Male,17,6.5,76.1,55.5,7.8,6,Yes,Graduate,No,72.76,High
Female,19,1.9,99.5,69.8,5.8,4,Yes,School,Yes,65.14,Low
Female,20,1.6,75.5,66.6,7.3,10,Yes,Postgraduate,No,62.36,Low
Male,20,1.1,55.8,66.5,4.4,5,Yes,Graduate,Yes,46.24,Low
Female,23,5.4,73.5,44.8,5.4,4,Yes,Graduate,No,47.33,Low
Male,21,5.4,59.1,84.1,6.1,4,No,Graduate,No,70.8,High
Male,21,7.9,79.9,66.5,8.3,8,Yes,School,No,82.44,High
Male,18,3.8,84.7,85.1,6.8,4,Yes,School,Yes,74.37,High
Male,23,3.3,73.4,85.4,4.2,3,Yes,Graduate,No,58.34,Low
Female,18,5.4,54.9,57.4,8.0,2,Yes,Postgraduate,Yes,57.72,Low
Female,20,6.8,73.4,40.2,4.3,10,Yes,School,Yes,73.2,High
Female,17,7.6,54.1,90.1,8.7,1,Yes,Graduate,No,82.91,High
Male,19,6.6,84.1,81.8,5.1,5,Yes,Graduate,No,81.13,High
Female,18,4.0,89.5,45.9,6.4,4,Yes,Graduate,No,58.17,Low
Male,22,5.4,98.1,78.6,4.4,10,Yes,Graduate,Yes,86.93,High
Female,18,7.0,57.4,41.1,6.8,9,Yes,School,No,73.86,High
Female,17,4.4,76.6,41.5,6.5,9,No,Graduate,Yes,63.21,Low
Female,17,2.5,78.4,68.9,6.1,5,Yes,School,Yes,48.72,Low
Male,21,2.2,96.1,45.3,4.2,5,Yes,Graduate,No,60.12,Low
Female,19,1.0,81.4,93.0,8.4,6,No,School,No,62.59,Low
Female,17,6.0,57.3,89.2,8.0,4,Yes,School,No,79.97,High
Male,23,1.8,71.8,75.7,7.2,6,Yes,School,No,63.19,Low
Female,18,2.7,82.7,43.5,6.9,8,Yes,Postgraduate,No,52.61,Low
Male,18,3.1,85.0,57.9,7.5,5,No,School,No,59.14,Low
Female,20,4.9,93.2,60.4,4.7,8,No,Graduate,Yes,64.88,Low
Male,17,3.8,59.0,66.4,8.7,8,Yes,School,No,60.52,Low
Male,22,5.7,97.6,49.3,5.4,3,Yes,School,Yes,65.92,Low
Female,21,1.4,53.0,71.8,7.3,6,Yes,Graduate,No,56.38,Low
Male,19,1.9,99.2,64.0,7.0,1,Yes,Graduate,Yes,61.89,Low
Male,22,4.5,92.9,92.1,7.2,5,Yes,Postgraduate,Yes,78.51,High
Male,21,3.4,83.0,91.5,8.4,7,No,Postgraduate,Yes,70.64,High
Male,18,3.1,86.7,71.1,5.5,5,Yes,School,Yes,64.39,Low
Male,22,1.5,53.6,75.4,7.7,3,Yes,School,No,51.27,Low
Male,21,7.3,52.1,47.6,7.0,2,Yes,Graduate,No,63.49,Low
Female,18,5.8,55.1,52.3,4.4,2,Yes,Postgraduate,No,58.27,Low
Male,18,1.9,54.4,89.5,6.1,9,Yes,Graduate,No,75.44,High
Male,18,1.5,77.4,78.5,8.2,2,Yes,Graduate,Yes,59.09,Low
Female,18,7.8,60.8,50.4,5.6,7,Yes,Graduate,No,67.15,Low
Female,23,5.8,93.0,71.4,6.4,9,Yes,School,Yes,83.65,High
Female,18,3.9,72.3,91.4,6.4,3,Yes,Graduate,Yes,60.59,Low
Female,20,5.9,84.8,59.0,7.1,7,Yes,School,No,78.48,High
Female,22,6.3,82.6,50.2,8.4,1,Yes,Graduate,Yes,66.78,Low
Female,21,6.5,66.0,91.8,4.9,6,Yes,Graduate,Yes,74.31,High
Female,20,4.3,62.2,65.4,6.5,2,Yes,Graduate,Yes,57.36,Low
Male,23,4.0,67.1,62.9,6.1,10,Yes,School,No,69.01,Low
Male,20,1.1,89.8,54.7,5.5,1,Yes,Postgraduate,No,55.0,Low
Female,17,7.5,79.3,89.0,8.6,5,Yes,Postgraduate,No,80.76,High
Male,17,5.2,62.7,86.5,4.0,6,Yes,Postgraduate,Yes,72.95,High
Male,17,2.4,90.9,62.2,4.6,2,Yes,Graduate,No,54.98,Low
Male,19,7.4,52.7,41.7,7.7,4,Yes,School,No,64.79,Low
Female,17,7.4,85.0,64.6,5.3,3,Yes,School,No,74.18,High
Female,21,7.9,72.0,49.9,7.6,1,Yes,Graduate,No,65.06,Low
Male,20,7.1,86.6,47.9,8.2,1,Yes,Graduate,Yes,71.72,High
Female,21,8.0,96.4,61.6,5.3,3,Yes,School,Yes,77.33,High
Male,22,2.7,87.5,45.4,5.0,2,Yes,Graduate,No,47.01,Low
Male,17,6.9,72.1,92.7,4.7,2,Yes,Graduate,No,81.65,High
Male,23,6.8,57.5,42.6,5.0,10,Yes,School,No,75.18,High
Male,19,2.6,90.3,62.1,5.3,5,Yes,Postgraduate,No,65.85,Low
Female,22,1.7,73.0,48.9,8.3,5,Yes,Graduate,Yes,49.21,Low
Female,23,7.9,53.8,77.9,7.9,7,Yes,School,No,92.38,High
Female,19,3.1,86.0,44.3,4.0,5,Yes,Graduate,No,49.39,Low
Male,22,7.1,64.6,70.1,8.4,3,Yes,School,Yes,72.58,High
Female,20,1.0,52.4,82.5,4.4,10,Yes,School,No,49.0,Low
Male,21,1.1,95.1,92.3,7.3,6,Yes,School,No,60.67,Low
Female,18,4.3,74.2,78.4,4.8,3,Yes,Graduate,Yes,71.27,High
Male,21,2.7,64.0,45.5,4.3,8,No,Graduate,Yes,48.92,Low
Male,17,5.8,85.8,44.9,7.8,6,Yes,School,Yes,72.68,High
Male,23,5.0,94.3,80.2,6.3,7,Yes,Graduate,No,70.87,High
Female,18,1.5,50.0,51.8,7.0,3,Yes,Postgraduate,Yes,42.41,Low
Female,19,2.1,84.4,64.6,6.1,7,Yes,Graduate,Yes,46.48,Low
Female,20,3.7,88.4,93.7,4.3,9,No,Postgraduate,Yes,74.37,High
Female,20,2.3,60.5,85.1,7.7,8,Yes,Graduate,No,69.07,Low
Male,19,6.5,74.5,86.6,8.1,2,Yes,Graduate,Yes,82.43,High
Female,17,3.9,54.5,87.3,4.2,10,Yes,Graduate,No,74.4,High
Female,19,1.7,87.3,74.1,5.9,10,Yes,Postgraduate,Yes,76.91,High
Male,22,4.4,92.4,80.9,6.8,2,No,Graduate,Yes,68.74,Low
Male,23,1.6,55.4,59.7,7.0,7,Yes,Postgraduate,No,54.53,Low
Male,23,1.9,90.8,94.9,6.9,10,Yes,Graduate,Yes,76.45,High
Female,17,2.7,88.6,55.4,7.5,4,Yes,School,Yes,64.3,Low
Male,18,7.0,67.3,72.5,8.8,9,Yes,School,No,87.56,High
Male,19,7.5,84.5,55.5,6.0,6,Yes,School,No,79.09,High
Male,17,6.8,50.0,46.2,6.8,9,Yes,School,No,80.47,High
Female,23,3.3,96.6,71.2,7.5,3,Yes,Graduate,Yes,61.78,Low
Male,18,2.9,77.5,59.4,7.0,6,Yes,Graduate,No,64.73,Low
Female,19,4.8,81.0,72.1,5.9,6,Yes,Graduate,No,72.13,High
Female,20,6.1,83.2,70.7,7.1,8,No,Graduate,No,72.9,High
Male,19,8.0,78.1,69.8,7.3,7,Yes,Postgraduate,No,85.93,High
Male,21,1.9,92.8,46.8,6.9,3,Yes,School,No,55.85,Low
Female,19,1.3,80.5,64.2,5.0,1,Yes,School,Yes,46.88,Low
Male,21,5.9,95.4,84.7,6.5,2,Yes,Graduate,Yes,71.71,High
Male,18,6.8,79.1,57.3,8.4,10,Yes,School,No,83.62,High
Female,19,6.9,58.6,64.4,8.3,2,Yes,School,Yes,58.73,Low
Female,18,5.7,95.7,67.2,7.8,1,Yes,Graduate,No,75.55,High
Male,18,7.7,84.1,87.5,7.5,4,Yes,Graduate,No,81.16,High
Female,23,4.6,85.0,76.1,4.8,6,Yes,Postgraduate,No,75.62,High
Male,17,7.4,99.3,45.5,6.3,4,Yes,Postgraduate,No,76.35,High
Male,18,7.8,53.8,87.6,4.6,4,No,Graduate,No,68.73,Low
Male,18,6.9,71.4,85.8,8.1,9,Yes,Postgraduate,No,87.97,High
Female,23,3.2,62.0,81.5,5.5,2,Yes,School,Yes,56.5,Low
Male,23,2.4,81.5,65.6,7.8,1,Yes,Postgraduate,No,50.52,Low
Male,19,4.8,90.3,81.7,8.1,7,Yes,Graduate,No,84.2,High
Male,23,4.2,98.3,66.3,8.5,5,Yes,Postgraduate,No,61.9,Low
Female,19,7.1,72.7,80.5,7.8,5,Yes,School,Yes,76.42,High
Female,20,1.7,89.3,88.4,6.8,2,Yes,Graduate,Yes,60.05,Low
Female,23,2.8,95.9,89.0,7.0,6,Yes,Graduate,No,81.8,High
Female,17,6.3,84.2,65.0,5.6,5,No,Graduate,Yes,80.23,High
Female,18,1.7,62.1,87.3,4.9,5,Yes,School,Yes,55.32,Low
Male,17,3.2,80.4,45.6,4.7,6,Yes,Graduate,Yes,52.75,Low
Female,21,3.7,98.5,45.6,4.9,2,Yes,School,No,62.78,Low
Female,23,5.4,99.4,70.2,8.7,5,Yes,Graduate,No,83.33,High
Female,18,2.1,82.1,75.9,4.8,1,Yes,School,No,52.95,Low
Male,17,7.0,94.3,48.4,7.6,8,No,Graduate,No,85.49,High
Female,23,4.1,60.0,66.0,4.9,1,Yes,School,No,60.13,Low
Female,23,7.4,62.3,45.2,8.9,7,No,Graduate,Yes,72.17,High
Male,20,4.3,97.6,73.1,5.8,6,Yes,Postgraduate,Yes,74.97,High
Female,20,2.9,56.8,87.0,6.1,8,Yes,Postgraduate,Yes,58.45,Low
Male,18,2.0,59.6,80.6,6.0,5,Yes,School,Yes,60.25,Low
Male,21,1.0,71.0,60.8,8.1,6,Yes,School,No,54.64,Low
Male,20,4.7,79.5,94.7,5.1,4,Yes,School,No,72.24,High
Male,20,1.8,80.2,76.5,8.2,10,No,Postgraduate,Yes,63.97,Low
Male,21,3.7,64.6,84.8,7.3,10,Yes,School,No,69.87,Low
Female,17,5.1,96.0,76.8,5.1,1,Yes,School,No,76.23,High
Male,20,2.9,95.8,94.4,4.3,7,Yes,School,No,79.76,High
Male,19,2.2,69.6,85.2,7.9,2,Yes,Postgraduate,Yes,72.3,High
Female,22,6.4,71.7,68.6,5.1,1,Yes,Postgraduate,Yes,61.09,Low
Male,22,7.6,85.1,60.2,8.4,1,Yes,Graduate,No,76.33,High
Female,20,1.7,83.1,77.5,4.6,1,Yes,Postgraduate,Yes,50.12,Low
Female,17,2.1,69.1,72.5,7.1,2,No,Graduate,No,47.97,Low
Female,23,7.7,70.7,74.6,7.5,1,Yes,Graduate,Yes,78.34,High
Male,17,1.3,67.4,58.9,7.3,4,Yes,Graduate,No,58.02,Low
Male,18,7.8,61.8,63.6,5.6,10,Yes,School,Yes,83.99,High
Male,19,1.0,72.9,70.7,8.4,10,Yes,School,No,66.36,Low
Female,17,7.1,84.3,86.2,7.8,7,Yes,Graduate,No,97.1,High
Male,21,3.2,87.1,82.0,6.6,10,Yes,Graduate,No,74.44,High
Male,19,7.6,88.9,46.5,7.0,3,Yes,Graduate,No,69.9,Low
Male,22,3.2,68.7,53.5,6.8,9,Yes,Graduate,No,69.61,Low
Female,19,5.6,88.2,41.5,8.7,2,Yes,Graduate,No,61.99,Low
Female,21,1.6,50.3,40.4,8.5,2,Yes,Postgraduate,No,48.57,Low
Male,20,2.7,73.9,52.3,5.2,7,Yes,Graduate,Yes,58.56,Low
Male,21,6.4,89.7,84.0,5.3,9,Yes,School,Yes,88.53,High
Male,21,4.7,81.5,89.8,8.9,6,Yes,School,No,83.33,High
Male,20,7.5,73.7,61.5,5.2,1,Yes,School,No,67.16,Low
Female,20,4.0,82.2,71.0,8.8,6,Yes,School,Yes,69.55,Low
Female,20,7.1,95.3,78.8,7.2,4,No,School,No,79.68,High
Female,20,4.1,78.3,92.4,4.3,5,Yes,School,No,66.95,Low
Female,20,7.9,90.0,90.2,5.7,4,Yes,School,Yes,83.81,High
Male,21,7.7,99.0,43.1,6.4,3,Yes,Graduate,No,76.6,High
Male,18,3.3,85.3,53.6,8.2,2,Yes,Graduate,No,57.16,Low
Male,18,7.2,78.7,42.7,5.6,2,Yes,Graduate,No,65.9,Low
Female,17,6.9,51.9,73.9,5.6,10,Yes,School,No,76.07,High
Male,18,2.5,68.7,79.1,8.6,4,Yes,Graduate,Yes,68.8,Low
Female,22,5.4,78.3,57.0,4.4,3,Yes,School,Yes,71.27,High
Female,18,1.5,89.9,87.0,6.8,6,Yes,Postgraduate,Yes,65.27,Low
Male,21,6.9,71.9,64.9,6.5,10,Yes,School,No,83.21,High
Male,20,2.2,98.0,94.9,4.3,3,No,Postgraduate,Yes,71.32,High
Male,20,1.5,63.6,40.0,4.4,3,Yes,School,No,46.06,Low
Female,23,3.8,87.2,46.0,5.9,4,No,Postgraduate,No,62.43,Low
Male,23,5.0,71.0,56.6,4.7,5,Yes,Postgraduate,No,68.37,Low
Female,23,7.0,74.3,41.4,6.4,9,Yes,Graduate,No,70.01,High
Male,21,7.8,90.1,83.0,7.0,5,No,Graduate,Yes,84.95,High
Female,22,4.1,64.8,42.9,7.5,1,Yes,School,Yes,61.13,Low
Female,18,1.4,54.8,81.2,6.7,9,Yes,School,Yes,61.35,Low
Male,21,6.2,76.0,42.9,5.9,2,Yes,School,No,61.69,Low
Female,17,5.0,76.4,53.9,4.6,4,Yes,Graduate,No,69.03,Low
Female,20,4.1,89.9,86.3,5.2,10,No,School,No,77.25,High
Male,23,3.2,98.4,92.3,6.1,6,Yes,Graduate,No,77.7,High
Female,19,4.5,52.8,62.8,8.6,9,No,Graduate,No,79.18,High
Male,17,3.4,79.6,93.3,5.0,2,Yes,Graduate,No,62.75,Low
Female,23,6.3,84.1,74.5,6.1,9,Yes,School,No,77.07,High
Male,22,4.8,99.3,62.9,7.7,9,Yes,Graduate,No,74.37,High
Male,17,7.1,97.1,84.2,7.5,1,Yes,School,Yes,79.91,High
Female,21,4.8,85.6,56.2,8.8,6,Yes,Graduate,Yes,67.13,Low
Female,18,2.7,76.1,54.6,5.0,6,Yes,Graduate,No,58.35,Low
Female,20,7.0,58.1,76.1,4.1,9,Yes,Graduate,Yes,80.26,High
Female,22,4.9,69.2,61.5,5.6,6,Yes,Graduate,Yes,75.45,High
Female,22,2.4,79.3,47.5,4.7,2,Yes,Postgraduate,Yes,47.15,Low
Male,19,5.4,86.3,43.7,6.7,8,Yes,Postgraduate,No,72.53,High
Female,17,3.5,81.8,83.3,8.5,1,Yes,Postgraduate,No,65.86,Low
Male,19,6.9,85.7,77.2,7.4,5,No,School,No,86.34,High
Male,18,4.2,71.5,62.6,4.7,10,Yes,School,Yes,65.76,Low
Female,23,6.1,86.4,89.3,4.6,3,Yes,Graduate,No,75.67,High
Male,18,1.7,57.2,62.6,8.6,6,Yes,Postgraduate,No,61.15,Low
Male,23,3.8,58.1,79.1,6.4,5,Yes,School,Yes,68.19,Low
Male,19,7.9,58.1,90.0,8.6,10,Yes,Postgraduate,No,99.04,High
Male,20,6.7,94.5,86.2,7.7,4,Yes,Graduate,No,83.56,High
Female,18,2.1,53.8,68.1,9.0,3,Yes,Postgraduate,Yes,60.72,Low
Male,19,2.9,90.1,77.4,8.4,1,Yes,School,Yes,59.91,Low
Female,17,3.3,61.7,62.8,6.1,8,Yes,Graduate,Yes,59.77,Low
Female,19,5.6,73.4,75.6,7.8,5,Yes,Graduate,No,74.77,High
Male,19,6.3,95.8,54.2,6.4,8,Yes,Graduate,No,86.1,High
Female,21,6.2,79.3,63.9,5.2,9,Yes,Graduate,Yes,75.43,High
Female,18,4.6,60.5,51.5,5.2,8,Yes,Postgraduate,Yes,56.78,Low
Female,20,6.7,64.2,42.1,6.0,6,Yes,Postgraduate,No,73.92,High
Male,20,4.1,96.0,72.4,4.6,10,No,School,Yes,73.57,High
Female,21,1.9,71.4,87.5,4.9,8,Yes,Graduate,No,70.84,High
Female,23,5.0,79.3,41.4,6.5,5,Yes,Graduate,Yes,58.94,Low
Female,22,7.7,73.0,50.8,8.8,9,Yes,Postgraduate,No,81.98,High
Male,23,6.6,68.9,65.3,6.9,6,No,Graduate,No,83.9,High
Female,20,5.1,61.2,76.6,6.0,2,Yes,Graduate,Yes,71.48,High
Male,19,5.5,84.3,49.4,5.2,7,Yes,School,Yes,76.98,High
Male,21,7.5,85.9,43.1,5.0,1,Yes,Graduate,No,64.59,Low
Male,17,4.0,63.7,68.5,7.3,10,Yes,School,No,73.34,High
Male,18,3.3,89.5,85.0,8.2,1,Yes,Graduate,No,68.93,Low
Male,18,7.8,92.7,41.9,6.0,8,Yes,Postgraduate,No,83.93,High
Male,18,7.0,96.0,59.2,6.8,5,Yes,School,Yes,79.63,High
Female,19,3.3,58.1,76.5,7.5,10,Yes,Graduate,Yes,78.0,High
Male,17,4.2,65.2,47.2,4.3,9,Yes,Postgraduate,No,55.91,Low
Female,21,3.9,93.0,53.0,5.8,6,Yes,School,No,70.74,High
Female,21,2.0,59.9,69.5,7.6,1,Yes,School,No,51.22,Low
Male,18,7.7,50.2,92.4,7.4,6,Yes,Graduate,Yes,99.91,High
Female,17,3.8,93.5,55.8,4.3,1,Yes,Postgraduate,No,56.33,Low
Female,17,7.1,66.3,66.8,5.2,5,Yes,Graduate,Yes,68.77,Low
Female,17,2.3,70.7,62.0,7.4,3,Yes,Graduate,Yes,53.12,Low
Female,20,4.8,72.3,89.4,5.4,10,Yes,School,Yes,75.92,High
Male,20,1.2,92.4,44.0,8.1,10,No,Postgraduate,Yes,66.17,Low
Female,18,6.3,66.9,71.1,4.1,9,Yes,Graduate,No,75.91,High
Male,17,5.1,94.6,86.5,5.0,1,Yes,School,Yes,71.27,High
Female,22,5.4,80.8,94.3,5.4,6,Yes,Graduate,No,80.58,High
Female,17,1.4,76.4,78.4,8.6,3,No,Graduate,Yes,53.4,Low
Male,21,2.5,66.3,60.9,8.0,9,No,Graduate,Yes,59.57,Low
Female,21,1.5,62.2,62.7,8.4,2,Yes,Graduate,No,41.84,Low
Female,18,3.0,81.2,59.3,6.2,7,Yes,Postgraduate,No,52.53,Low
Female,22,5.4,72.3,73.2,8.1,9,No,School,Yes,79.0,High
Male,17,5.0,95.5,80.7,8.3,3,Yes,Graduate,No,73.57,High
Female,23,5.3,74.6,85.1,6.0,3,Yes,Graduate,No,67.23,Low
Male,22,4.8,75.6,62.9,9.0,3,Yes,School,No,69.17,Low
Female,18,2.9,70.8,79.4,8.3,1,Yes,Postgraduate,No,63.83,Low
Male,21,2.7,89.5,90.4,8.9,9,Yes,School,No,80.16,High
Male,23,2.0,71.2,90.6,8.3,9,Yes,School,No,71.92,High
Female,21,6.9,63.5,78.7,7.9,6,No,School,Yes,89.88,High
Female,20,5.3,93.1,75.0,8.7,9,Yes,School,No,82.54,High
Male,18,2.3,79.8,69.2,6.1,9,Yes,School,No,70.75,High
Male,18,2.2,79.6,50.1,7.9,1,Yes,Graduate,No,62.83,Low
Female,17,7.1,80.5,46.8,5.1,3,Yes,Graduate,Yes,73.55,High
Male,17,6.2,85.9,66.7,7.7,3,Yes,School,Yes,69.64,Low
Female,20,5.6,65.7,48.8,7.9,1,No,Postgraduate,Yes,55.23,Low
Female,23,3.8,51.7,71.7,7.6,6,No,Graduate,No,58.6,Low
Female,19,2.8,90.5,75.5,8.2,4,Yes,Graduate,No,69.0,Low
Female,22,7.9,56.4,68.9,6.1,8,Yes,School,Yes,77.4,High
Male,19,6.6,86.1,42.0,6.7,6,Yes,Graduate,No,72.73,High
Female,19,3.1,54.1,43.2,4.1,4,Yes,School,No,37.08,Low
Male,18,6.9,68.8,46.2,4.7,5,Yes,School,Yes,76.82,High
Female,22,6.3,53.2,48.5,7.2,2,Yes,Graduate,Yes,59.43,Low
Male,18,3.1,76.1,94.4,6.8,10,Yes,Graduate,No,80.78,High
Female,22,4.0,82.7,58.9,5.0,1,Yes,School,No,54.32,Low
Male,21,2.3,58.6,56.1,5.2,7,Yes,Graduate,No,49.32,Low
Male,18,1.8,68.6,42.9,5.7,10,Yes,School,No,60.74,Low
Female,18,6.1,96.5,74.9,7.6,3,Yes,School,Yes,78.34,High
Female,18,2.9,72.1,75.9,7.0,3,Yes,Graduate,Yes,55.05,Low
Female,23,6.7,90.1,49.6,4.3,6,Yes,Graduate,No,75.39,High
Female,20,8.0,96.4,90.6,7.8,3,Yes,Postgraduate,Yes,94.88,High
Male,18,1.5,98.7,84.0,5.3,7,Yes,Graduate,No,66.24,Low
Female,17,4.3,94.9,52.7,7.4,7,Yes,Graduate,Yes,63.17,Low
Male,17,6.6,65.9,66.7,4.6,5,No,School,Yes,78.99,High
Male,22,6.5,98.1,65.2,9.0,1,Yes,Graduate,Yes,80.42,High
Female,21,6.3,90.6,59.2,4.4,9,Yes,School,No,75.09,High
Male,20,3.4,91.9,85.0,7.7,2,No,Graduate,No,66.43,Low
Male,23,4.2,50.8,46.0,6.7,4,Yes,Postgraduate,No,53.5,Low
Male,22,5.2,97.7,62.8,4.4,10,Yes,Graduate,Yes,85.13,High
Male,17,7.8,88.9,63.5,4.1,10,Yes,Graduate,Yes,89.46,High
Female,20,3.3,88.4,65.8,5.8,2,Yes,Graduate,No,65.7,Low
Female,20,7.5,54.1,87.4,8.0,1,Yes,Graduate,No,74.92,High
Female,21,2.9,61.6,52.0,4.2,1,Yes,School,Yes,50.69,Low
Female,20,7.9,98.1,45.7,7.5,1,Yes,Graduate,No,79.15,High
Male,18,5.7,75.0,74.0,7.3,7,Yes,Graduate,No,80.78,High
Male,20,4.2,69.9,49.6,5.3,9,No,Graduate,Yes,56.22,Low
Female,21,5.3,92.0,44.1,4.4,1,Yes,Graduate,No,62.1,Low
Female,22,2.9,54.4,63.5,8.6,10,Yes,School,Yes,66.24,Low
Female,21,2.9,70.8,52.1,5.5,6,Yes,Postgraduate,No,70.32,High
Male,23,1.8,68.8,59.9,4.6,5,Yes,Graduate,No,53.97,Low
Female,21,1.8,67.5,54.3,7.4,3,Yes,Postgraduate,No,45.42,Low
Female,17,3.4,65.4,45.1,5.1,2,Yes,Postgraduate,No,52.06,Low
Female,18,6.3,60.5,70.8,6.4,2,Yes,Postgraduate,No,65.31,Low
Male,17,5.3,58.6,41.5,4.3,2,Yes,School,No,52.73,Low
Male,22,1.7,82.0,93.2,9.0,7,No,Postgraduate,No,63.18,Low
Male,19,7.0,96.0,58.8,6.2,4,Yes,Graduate,No,81.09,High
Male,22,5.2,75.4,78.2,9.0,7,Yes,School,No,72.01,High
Male,18,7.7,64.9,84.6,5.9,10,Yes,School,No,91.7,High
Male,20,5.7,58.0,55.4,5.7,1,Yes,School,No,56.44,Low
Male,21,2.2,91.5,81.2,8.6,10,Yes,School,No,74.27,High
Male,19,4.3,98.6,85.8,5.6,4,Yes,School,No,76.69,High
Female,18,5.5,67.5,53.3,6.2,9,No,Postgraduate,No,64.98,Low
Female,17,1.2,64.5,94.6,4.4,7,No,Postgraduate,No,66.59,Low
Male,21,1.1,80.1,41.1,8.8,10,Yes,Graduate,No,54.73,Low
Male,22,1.9,88.8,51.9,4.4,6,Yes,School,No,60.87,Low
Female,17,2.8,72.8,82.9,7.9,7,Yes,School,No,63.63,Low
Male,18,4.0,81.5,50.7,6.7,2,Yes,Graduate,Yes,58.02,Low
Male,18,4.4,85.8,78.4,4.3,1,No,Graduate,Yes,63.79,Low
Male,22,2.0,98.0,87.1,4.0,10,Yes,Postgraduate,No,78.67,High
Female,19,5.7,58.3,92.8,8.7,9,Yes,Postgraduate,Yes,91.47,High
Female,22,5.2,99.9,66.1,7.7,2,Yes,Postgraduate,No,77.1,High
Female,20,3.1,69.6,93.4,7.4,2,Yes,School,Yes,69.07,Low
Female,17,1.1,86.2,62.6,6.2,3,Yes,School,No,47.81,Low
Female,19,1.5,78.6,52.0,5.2,3,Yes,School,No,47.32,Low
Male,21,3.7,74.3,68.3,7.4,3,Yes,School,Yes,68.41,Low
Female,23,2.1,84.9,75.7,7.0,4,No,Graduate,No,58.39,Low
Male,20,3.6,69.8,65.2,7.6,1,Yes,Postgraduate,No,56.51,Low
Male,19,5.4,56.3,71.2,5.8,1,Yes,Graduate,No,49.56,Low
Female,23,4.8,74.4,62.9,8.9,4,Yes,Postgraduate,No,62.4,Low
Female,23,2.6,76.1,68.9,4.3,1,Yes,School,Yes,50.71,Low
Male,17,3.4,60.1,92.4,4.4,4,Yes,Graduate,No,64.32,Low
Male,18,5.3,96.8,67.5,8.6,2,Yes,Graduate,No,74.83,High
Male,21,7.0,61.4,53.9,7.2,7,Yes,School,Yes,63.45,Low
Female,22,6.3,70.5,81.7,5.6,6,Yes,Graduate,Yes,89.52,High
Female,17,4.9,57.7,58.6,7.8,2,No,School,No,58.28,Low
Female,20,3.5,76.8,84.9,6.3,2,Yes,Graduate,No,62.73,Low
Female,23,3.6,65.4,43.1,4.1,1,Yes,Graduate,No,40.81,Low
Female,20,7.2,74.5,58.3,7.3,4,No,Graduate,Yes,67.37,Low
Male,23,1.3,61.2,45.2,5.2,2,Yes,Postgraduate,Yes,44.0,Low
Female,18,7.9,52.7,44.7,4.6,5,No,Postgraduate,No,69.98,Low
Male,18,5.7,89.0,76.2,5.1,4,Yes,School,Yes,75.13,High
Male,21,5.8,82.1,61.2,6.4,1,No,Graduate,Yes,66.67,Low
Male,22,1.3,67.0,87.9,4.2,5,Yes,Graduate,No,58.17,Low
Female,21,5.2,52.4,68.4,8.4,5,Yes,Graduate,Yes,70.27,High
Female,18,4.4,93.3,56.2,6.8,5,Yes,Graduate,No,64.5,Low
Female,18,1.7,58.5,79.6,5.5,2,No,School,No,53.93,Low
Male,20,2.9,96.5,74.3,7.4,4,Yes,Postgraduate,Yes,66.23,Low
Male,18,7.2,73.9,84.0,8.0,5,Yes,School,No,77.71,High
Male,19,4.8,67.0,75.4,7.1,6,Yes,School,No,73.91,High
Male,23,3.9,87.1,49.2,5.0,7,No,Graduate,Yes,57.68,Low
Male,17,1.5,93.8,76.9,4.6,10,Yes,Graduate,No,61.62,Low
Male,18,6.0,68.5,61.5,8.3,3,Yes,Postgraduate,Yes,73.52,High
Female,21,5.9,70.4,65.5,5.2,3,Yes,Graduate,Yes,63.27,Low
Female,22,5.3,71.7,90.7,4.1,10,Yes,Graduate,Yes,76.49,High
Female,23,4.6,96.1,59.8,7.2,2,Yes,Postgraduate,No,62.89,Low
Female,23,4.0,84.6,73.7,4.8,9,Yes,Graduate,No,69.0,Low
Male,22,5.2,62.4,60.0,9.0,1,Yes,Postgraduate,Yes,73.61,High
Male,22,2.6,59.2,45.2,8.3,3,Yes,Graduate,No,48.6,Low
Female,23,7.6,61.5,64.9,7.0,3,Yes,School,Yes,76.88,High
Male,19,5.1,63.2,72.8,8.2,8,Yes,Graduate,Yes,80.97,High
Female,21,3.2,61.5,62.4,6.4,6,Yes,Graduate,Yes,60.21,Low
Female,19,4.1,82.9,61.5,7.9,3,Yes,Graduate,Yes,70.11,High
Female,18,6.6,55.8,85.1,7.2,1,Yes,Graduate,No,75.8,High
Male,17,2.1,69.4,41.6,4.1,3,Yes,Graduate,No,46.24,Low
Female,22,3.0,81.3,56.3,8.7,4,Yes,School,No,60.68,Low
Female,21,5.8,64.5,84.6,8.3,1,Yes,Graduate,No,76.71,High
Female,22,3.2,53.3,90.6,8.8,3,Yes,Postgraduate,No,53.33,Low
Male,19,6.5,54.1,62.7,7.7,4,No,School,No,68.95,Low
Male,20,1.9,56.3,88.9,6.1,7,Yes,Graduate,Yes,60.91,Low
Female,18,6.3,91.8,50.9,5.0,4,Yes,School,Yes,69.86,Low
Male,17,1.5,82.9,52.2,4.9,1,Yes,School,Yes,50.3,Low
Male,18,1.1,53.2,86.5,4.7,9,No,Graduate,Yes,58.6,Low
Male,20,7.3,69.6,89.7,5.1,6,Yes,Graduate,No,79.92,High
Male,17,5.1,63.9,52.3,6.8,9,No,School,Yes,57.69,Low
Male,20,3.5,78.9,43.3,7.4,7,Yes,Graduate,No,60.03,Low
Male,18,2.6,76.1,45.0,5.6,4,Yes,Graduate,Yes,55.57,Low
Male,19,5.3,74.1,54.4,6.7,1,Yes,Postgraduate,Yes,59.97,Low
Male,23,4.6,65.7,81.9,5.7,7,Yes,Postgraduate,No,73.39,High
Male,18,7.9,56.9,68.0,7.5,9,Yes,School,No,83.97,High
Male,18,7.9,87.1,65.1,8.9,6,Yes,Graduate,No,89.74,High
Female,18,5.4,94.0,72.1,7.4,1,Yes,Graduate,Yes,72.48,High
Female,21,4.1,97.2,89.0,4.3,9,Yes,Postgraduate,Yes,80.13,High
Male,20,4.4,52.9,45.0,6.4,7,Yes,School,No,51.23,Low
Female,20,5.8,87.0,78.2,7.9,1,Yes,Graduate,No,69.33,Low
Female,22,1.7,86.3,91.0,6.7,4,Yes,Postgraduate,Yes,64.71,Low
Male,20,3.3,97.4,51.7,8.8,5,Yes,School,Yes,70.2,High
Male,22,1.5,62.6,86.1,4.3,2,Yes,School,Yes,51.55,Low
Male,21,1.5,87.1,78.4,5.5,3,Yes,Graduate,No,57.69,Low
Female,19,2.4,52.7,40.8,5.1,2,Yes,Postgraduate,No,38.1,Low
Female,22,4.4,81.6,52.7,7.8,4,Yes,Graduate,No,63.61,Low
Male,18,6.5,67.5,73.3,6.6,7,Yes,Graduate,No,80.04,High
Male,19,4.4,88.4,67.6,4.7,5,Yes,School,No,71.41,High
Male,23,3.3,93.2,69.0,5.4,7,Yes,Graduate,No,59.99,Low
Female,21,1.6,68.2,52.8,6.6,1,Yes,Graduate,No,39.2,Low
Female,20,4.9,76.3,77.1,9.0,3,Yes,School,Yes,71.99,High
Female,22,2.9,55.9,54.7,5.8,2,Yes,Graduate,No,51.25,Low
Female,18,5.3,70.8,61.4,4.8,1,Yes,Graduate,Yes,54.58,Low
Male,17,7.8,68.0,60.3,6.5,5,Yes,School,No,68.23,Low
Male,23,1.8,59.2,77.0,5.6,3,Yes,Graduate,Yes,57.39,Low
Male,17,2.5,94.7,45.0,6.8,8,No,Graduate,Yes,61.27,Low
Male,19,4.3,57.4,51.3,6.3,5,Yes,Graduate,Yes,57.97,Low
Female,20,7.8,81.8,51.0,7.4,5,Yes,Postgraduate,Yes,76.93,High
Female,17,6.4,94.5,46.0,8.6,7,Yes,School,Yes,69.61,Low
Male,19,7.3,95.6,51.4,5.0,8,Yes,School,Yes,85.65,High
Male,21,3.3,89.7,73.4,8.1,1,Yes,Graduate,Yes,68.8,Low
Female,19,7.9,58.8,80.3,8.7,5,Yes,School,Yes,87.32,High
Male,23,1.7,90.9,76.3,5.9,9,Yes,Postgraduate,No,60.97,Low
Female,19,1.4,63.8,66.1,4.6,9,Yes,Graduate,Yes,53.75,Low
Male,23,7.0,96.1,42.9,8.1,7,Yes,Graduate,Yes,68.69,Low
Male,19,7.5,85.5,92.7,7.5,4,Yes,Graduate,No,92.69,High
Male,18,1.6,89.3,49.2,5.1,2,Yes,Graduate,No,56.05,Low
Male,19,1.8,54.3,76.8,6.2,5,Yes,School,Yes,50.68,Low
Male,22,1.2,79.1,90.2,6.9,4,Yes,Graduate,Yes,68.0,Low
Male,19,1.7,91.1,78.4,4.8,1,Yes,Graduate,No,56.1,Low
Male,18,2.5,93.1,52.0,7.6,7,No,Graduate,Yes,59.11,Low
Female,18,7.8,51.4,57.4,7.4,3,Yes,Graduate,No,63.7,Low
Female,21,5.7,97.0,41.7,8.4,6,Yes,Graduate,No,66.31,Low
Female,23,6.4,52.2,73.7,6.8,5,Yes,School,No,71.28,High
Female,20,6.4,80.7,73.7,6.9,4,Yes,Postgraduate,No,75.27,High
Female,17,4.7,84.7,79.9,7.1,3,Yes,School,Yes,64.74,Low
Male,17,6.6,55.4,40.6,5.4,9,Yes,School,Yes,74.51,High
Male,19,5.2,52.4,85.0,7.8,5,Yes,Graduate,Yes,78.28,High
Female,21,3.2,89.2,80.6,7.3,10,Yes,Postgraduate,No,70.37,High
Male,19,4.9,69.2,47.7,8.2,7,Yes,School,No,69.35,Low
Female,17,4.7,55.4,59.1,7.8,4,Yes,Graduate,Yes,64.44,Low
Female,23,6.8,88.1,75.1,7.2,1,Yes,Graduate,Yes,83.0,High
Male,23,7.9,92.5,67.3,4.8,2,No,Graduate,No,69.51,Low
Male,23,3.9,79.4,46.3,8.6,10,Yes,School,Yes,65.68,Low
Male,18,6.3,58.1,44.8,5.8,5,Yes,Graduate,Yes,57.05,Low
Female,20,1.7,50.8,83.0,8.8,8,Yes,School,No,62.43,Low
Male,21,6.4,85.0,48.6,6.0,8,Yes,School,No,73.74,High
Female,18,3.6,77.5,49.5,4.7,8,Yes,Graduate,No,57.33,Low
Female,20,1.3,82.5,85.7,8.4,9,Yes,Graduate,Yes,86.73,High
Female,21,3.5,90.7,73.7,8.0,2,Yes,Postgraduate,Yes,59.66,Low
Male,21,5.3,71.7,73.3,7.9,4,Yes,School,No,68.39,Low
Male,17,1.8,56.2,66.4,4.4,10,Yes,Graduate,Yes,63.14,Low
Female,18,7.5,97.0,71.3,8.4,6,Yes,School,Yes,87.53,High
Male,21,1.5,77.3,73.1,7.0,6,Yes,Graduate,No,59.11,Low
Male,22,7.5,80.8,93.2,6.4,5,Yes,Graduate,No,90.08,High
Male,23,5.9,96.7,52.3,8.6,2,Yes,Graduate,No,76.4,High
Female,21,3.3,96.6,51.8,7.3,8,Yes,Graduate,Yes,69.66,Low
Female,20,3.7,78.6,43.1,4.7,1,Yes,Graduate,No,43.71,Low
Male,17,6.2,64.9,76.2,6.6,1,Yes,Graduate,No,65.88,Low
Female,19,5.2,99.9,70.2,7.2,1,No,Graduate,Yes,74.29,High
Male,23,5.7,84.0,46.1,8.5,9,Yes,Postgraduate,No,72.91,High
Male,17,3.7,70.4,60.0,5.4,5,Yes,School,No,62.86,Low
Male,19,4.4,78.0,49.8,8.0,2,No,Graduate,Yes,61.74,Low
Male,18,7.9,70.8,58.2,8.0,1,Yes,Graduate,No,67.41,Low
Female,18,2.5,94.4,92.3,4.6,4,Yes,Graduate,Yes,68.74,Low
Female,21,3.9,74.1,77.6,4.1,2,Yes,Graduate,No,59.0,Low
Female,22,3.0,91.2,40.4,6.9,3,Yes,School,No,46.43,Low
Male,18,6.4,92.0,53.9,7.9,2,No,Postgraduate,No,66.44,Low
Male,21,6.3,91.2,40.6,6.8,8,Yes,Graduate,Yes,74.4,High
Male,23,3.0,86.1,79.3,8.1,3,Yes,Graduate,No,62.9,Low
Female,17,1.6,92.7,65.8,7.1,2,Yes,Graduate,No,56.73,Low
Male,18,1.1,69.4,94.7,7.3,6,Yes,Graduate,Yes,59.84,Low
Female,17,4.0,55.7,80.3,4.1,7,Yes,Postgraduate,No,75.97,High
Female,17,3.9,92.1,68.5,4.4,9,Yes,Graduate,No,69.48,Low
Female,22,7.9,74.9,84.3,7.6,10,Yes,School,No,99.01,High
Female,18,4.3,56.4,78.8,7.8,4,Yes,Postgraduate,Yes,63.41,Low
Female,17,2.8,55.8,53.4,6.7,5,Yes,Graduate,Yes,55.99,Low
Female,22,7.2,58.0,69.2,7.0,6,Yes,School,No,74.64,High
Male,22,4.4,87.5,70.6,7.1,3,Yes,Graduate,Yes,81.39,High
Male,18,5.2,85.5,64.8,4.5,3,No,School,No,61.65,Low
Female,22,1.7,60.2,49.9,7.3,3,Yes,Graduate,No,44.36,Low
Female,18,3.7,92.3,52.3,6.4,5,Yes,Postgraduate,No,66.45,Low
Male,18,7.6,64.1,55.5,7.0,6,Yes,Graduate,Yes,70.61,High
Female,19,5.1,89.6,40.6,6.8,9,Yes,Graduate,No,75.67,High
Female,17,3.4,74.4,90.4,7.8,9,Yes,Postgraduate,Yes,89.72,High
Male,20,5.4,86.6,77.7,5.6,5,Yes,Postgraduate,No,70.3,High
Female,18,7.4,69.1,77.9,5.9,8,Yes,Graduate,No,85.54,High
Female,17,2.9,67.4,71.5,6.0,7,Yes,Graduate,Yes,63.82,Low
Female,23,4.5,92.1,77.9,7.8,4,Yes,Postgraduate,No,67.38,Low
Male,22,7.7,51.8,94.0,6.2,1,No,School,Yes,72.4,High
Male,21,2.2,98.7,61.2,4.9,3,Yes,School,Yes,44.51,Low
Male,18,6.0,82.4,79.2,8.9,10,Yes,Graduate,Yes,87.37,High
Female,22,5.3,71.6,59.8,6.5,5,Yes,School,No,68.38,Low
Female,22,5.8,81.4,87.0,4.5,10,Yes,School,No,86.41,High
Male,22,3.5,56.1,87.2,7.4,3,Yes,Graduate,Yes,67.06,Low
Female,22,3.2,75.7,89.6,7.7,4,Yes,School,Yes,74.16,High
Female,22,5.8,99.3,40.3,6.5,9,Yes,Graduate,No,74.7,High
Female,18,2.5,61.8,56.4,7.2,9,Yes,Graduate,No,58.54,Low
Female,23,3.9,86.1,47.4,4.9,9,Yes,School,Yes,68.49,Low
Female,20,2.3,71.7,65.0,5.8,9,Yes,Graduate,No,72.57,High
Male,19,1.1,82.6,67.2,4.8,1,Yes,Graduate,Yes,39.43,Low
Female,22,7.8,60.2,54.1,5.9,9,Yes,Postgraduate,No,72.21,High
Male,22,4.0,73.5,79.8,6.8,2,Yes,Graduate,Yes,58.79,Low
Female,19,7.8,99.0,54.8,6.2,8,Yes,School,No,79.6,High
Male,23,2.0,59.8,87.0,7.0,9,Yes,School,No,57.09,Low
Female,23,5.1,81.8,49.8,6.5,8,No,Graduate,No,69.31,Low
Male,18,2.4,78.8,60.2,5.6,9,Yes,Graduate,No,54.22,Low
Female,17,6.5,78.3,74.2,4.7,5,Yes,Postgraduate,No,78.98,High
Male,21,6.5,80.8,73.3,5.3,10,Yes,Postgraduate,Yes,90.86,High
Female,21,1.8,75.1,44.3,5.0,7,Yes,School,Yes,45.7,Low
Male,17,7.4,50.8,86.5,7.5,3,Yes,Postgraduate,Yes,75.85,High
Female,18,2.4,95.0,72.9,8.1,4,Yes,School,Yes,64.8,Low
Male,21,5.3,91.3,87.8,7.6,4,Yes,Graduate,No,85.98,High
Male,23,7.9,58.7,87.7,7.2,10,Yes,Graduate,Yes,90.84,High
Female,19,7.2,70.7,70.0,5.5,4,Yes,School,No,71.78,High
Female,17,7.7,88.5,90.1,7.6,8,Yes,School,No,98.84,High
Male,23,3.4,99.0,86.7,7.0,2,Yes,Graduate,No,64.96,Low
Female,20,1.7,97.6,92.7,4.2,2,Yes,Graduate,Yes,57.92,Low
Male,18,2.3,95.0,86.8,8.5,5,Yes,School,Yes,72.53,High
Male,17,4.5,57.9,85.2,4.4,6,Yes,Graduate,Yes,70.32,High
Male,21,6.6,95.7,65.8,6.5,4,Yes,Graduate,No,72.93,High
Female,18,2.1,93.9,51.7,6.6,7,No,Graduate,No,61.8,Low
Male,19,5.6,68.8,90.1,8.2,10,Yes,Graduate,Yes,81.26,High
Male,18,3.3,69.7,79.7,8.6,4,Yes,Postgraduate,No,60.94,Low
Female,18,3.4,73.0,55.5,8.7,8,Yes,Postgraduate,Yes,61.37,Low
Female,19,5.6,82.8,58.8,6.8,2,No,Postgraduate,No,65.54,Low
Female,22,4.3,63.0,77.7,7.4,10,Yes,School,No,76.7,High
Female,19,6.7,51.1,66.3,4.4,4,Yes,Graduate,Yes,65.25,Low
Male,23,2.1,57.1,44.5,6.4,7,Yes,Graduate,No,53.89,Low
Male,18,6.5,72.0,47.8,8.5,5,Yes,Postgraduate,No,71.64,High
Male,19,1.4,64.1,81.0,6.3,10,Yes,Graduate,No,64.82,Low
Male,22,2.4,88.2,58.1,4.3,2,Yes,Graduate,Yes,54.21,Low
Female,23,5.6,55.3,67.9,5.0,3,Yes,Graduate,No,68.91,Low
Male,17,7.0,95.9,82.2,6.1,4,Yes,School,Yes,86.37,High
Male,19,2.8,94.8,81.3,5.2,5,Yes,Graduate,No,73.1,High
Female,19,3.3,95.4,49.2,6.0,7,Yes,School,Yes,67.44,Low
Male,18,4.8,87.0,45.4,5.7,3,Yes,School,No,59.95,Low
Male,23,2.5,55.3,72.5,5.6,9,Yes,School,No,60.09,Low
Male,17,6.7,71.9,80.8,4.5,10,Yes,School,Yes,90.88,High
Male,20,6.4,56.6,48.2,8.4,3,Yes,School,No,67.65,Low
Male,20,2.0,99.4,60.5,7.5,5,Yes,Graduate,No,58.15,Low
Male,21,4.2,66.7,87.9,7.1,5,Yes,Postgraduate,Yes,67.3,Low
Female,19,6.4,79.3,91.9,7.0,7,No,Graduate,Yes,86.23,High
Female,19,3.4,89.0,65.0,6.0,6,Yes,Graduate,No,70.73,High
Male,17,5.4,96.0,44.4,8.1,3,Yes,Graduate,Yes,61.4,Low
Male,22,1.4,87.8,54.2,8.7,1,Yes,Graduate,No,45.94,Low
Female,20,5.3,83.7,52.8,4.0,6,Yes,Postgraduate,Yes,65.66,Low
Male,21,2.1,73.3,53.1,4.4,6,No,School,No,54.1,Low
Male,17,6.8,80.3,67.2,7.4,4,Yes,Graduate,No,64.17,Low
Male,19,3.5,54.7,72.1,5.2,2,Yes,Graduate,Yes,51.29,Low
Female,20,3.0,94.2,46.7,8.6,9,Yes,Postgraduate,No,64.31,Low
Male,23,6.9,77.2,88.9,7.3,6,Yes,Graduate,Yes,81.56,High
Female,21,1.4,52.0,74.1,5.8,1,Yes,Graduate,No,47.37,Low
Male,18,3.8,96.0,72.8,6.1,8,Yes,School,Yes,67.65,Low
Female,20,3.6,74.5,94.3,7.5,10,Yes,Graduate,Yes,81.1,High
Female,21,3.0,93.4,74.5,4.7,7,Yes,Graduate,No,60.05,Low
Male,17,7.4,92.8,91.1,8.4,6,Yes,Graduate,No,90.12,High
Female,18,6.3,90.8,55.7,4.0,1,Yes,Postgraduate,No,60.3,Low
Male,21,1.4,53.1,53.2,8.9,10,Yes,Graduate,Yes,53.61,Low
Female,21,6.0,62.4,68.4,4.8,5,No,School,Yes,69.41,Low
Male,19,4.7,93.8,68.0,7.7,4,Yes,Graduate,No,72.81,High
Male,22,7.3,94.9,52.5,4.2,7,Yes,Graduate,No,76.49,High
Female,20,3.2,72.9,78.5,6.2,2,Yes,Graduate,Yes,62.12,Low
Male,19,5.0,72.0,41.6,7.2,1,Yes,Postgraduate,Yes,60.19,Low
Male,23,4.5,58.8,78.0,4.4,7,No,School,No,60.53,Low
Female,18,4.4,98.4,65.1,6.2,8,Yes,Graduate,No,75.01,High
Male,22,4.2,60.7,77.9,5.5,5,No,School,Yes,58.68,Low
Male,21,2.4,59.5,66.2,6.5,8,Yes,Graduate,No,61.09,Low
Female,19,6.3,83.0,93.8,6.5,4,Yes,School,Yes,71.41,High
Female,22,4.2,62.1,58.4,7.9,8,Yes,Graduate,No,59.38,Low
Male,23,7.7,96.9,94.0,4.6,3,Yes,Postgraduate,Yes,87.97,High
Male,20,2.8,50.5,43.6,4.4,7,No,School,No,47.96,Low
Female,23,5.8,50.3,77.6,6.0,6,Yes,Postgraduate,No,77.27,High
Female,18,7.6,75.2,65.0,8.4,1,Yes,School,Yes,79.95,High
Male,17,5.6,74.4,85.2,8.3,5,Yes,Graduate,No,80.67,High
Female,19,7.1,58.2,83.4,6.8,4,Yes,Graduate,Yes,81.42,High
Male,18,6.8,74.7,84.0,8.4,6,Yes,Graduate,Yes,76.02,High
Male,17,3.5,70.6,45.2,8.0,9,No,School,No,65.04,Low
Male,19,5.2,94.5,85.2,5.4,4,Yes,Postgraduate,No,72.01,High
Male,18,2.1,50.5,51.8,4.9,2,Yes,Graduate,No,46.15,Low
Male,23,4.7,98.8,41.4,5.5,8,No,Postgraduate,No,64.5,Low
Female,18,2.6,81.2,52.0,5.1,1,Yes,Postgraduate,No,52.59,Low
Female,22,6.2,57.6,66.4,7.1,6,Yes,Postgraduate,No,75.78,High
Female,23,4.7,52.3,80.8,6.9,4,Yes,Graduate,Yes,66.79,Low
Female,19,3.9,76.9,52.0,7.0,6,Yes,Postgraduate,No,57.06,Low
Male,18,2.9,61.7,46.2,4.9,3,Yes,Postgraduate,Yes,41.38,Low
Male,21,8.0,65.1,75.5,8.0,9,Yes,Graduate,No,95.05,High
Male,19,1.5,62.3,94.1,6.2,3,Yes,Postgraduate,No,61.82,Low
Male,18,1.3,82.5,73.0,6.4,3,Yes,Graduate,No,49.63,Low
Female,22,2.5,77.7,78.0,9.0,5,Yes,Graduate,Yes,59.13,Low
Male,17,7.8,53.9,70.9,5.4,7,Yes,School,Yes,75.41,High
Male,17,7.9,76.3,83.0,6.0,6,No,School,No,96.88,High
Female,21,5.6,89.6,93.7,7.4,7,Yes,Graduate,Yes,91.62,High
Female,19,7.2,54.1,69.9,8.4,9,Yes,School,Yes,85.05,High
Female,22,2.5,94.5,62.9,4.6,3,Yes,School,Yes,53.86,Low
Female,18,7.8,78.9,87.3,7.7,5,Yes,School,No,95.3,High
Male,18,2.0,97.5,93.3,8.6,5,Yes,Postgraduate,No,72.31,High
Male,17,1.7,57.4,47.1,6.1,3,Yes,Graduate,No,34.18,Low
Female,22,1.8,99.7,71.8,5.4,10,Yes,Graduate,Yes,57.89,Low
Male,23,5.0,82.2,83.6,7.4,9,Yes,Postgraduate,No,89.9,High
Male,21,6.5,78.4,69.3,5.2,9,Yes,Graduate,Yes,76.38,High
Male,17,3.6,75.8,62.5,5.9,6,Yes,School,Yes,54.58,Low
Female,17,7.8,51.2,76.0,8.5,5,No,Graduate,No,87.5,High
Male,21,4.0,97.0,54.9,7.0,4,Yes,Postgraduate,No,72.49,High
Female,19,2.1,82.2,59.2,4.5,4,Yes,Graduate,No,55.14,Low
Male,18,4.3,54.6,94.6,5.6,5,Yes,Graduate,No,58.12,Low
Male,19,5.8,51.0,75.0,7.1,2,Yes,Graduate,No,60.23,Low
Male,22,6.8,52.5,88.0,6.4,8,Yes,School,Yes,79.72,High
Female,23,4.2,80.5,84.4,7.3,7,Yes,Graduate,Yes,83.88,High
Male,20,5.2,80.7,75.9,7.8,7,Yes,School,Yes,80.52,High
Female,20,2.9,75.0,86.2,6.4,1,Yes,Graduate,No,55.57,Low
Female,20,5.5,65.3,55.8,8.9,8,Yes,School,Yes,77.16,High
Female,21,7.9,76.6,75.0,8.6,1,Yes,School,No,77.53,High
Male,17,1.3,75.8,72.5,4.3,9,Yes,Graduate,No,52.79,Low
Male,23,7.2,51.0,74.2,5.3,6,Yes,School,No,77.83,High
Male,19,4.9,64.1,49.3,5.5,8,Yes,Postgraduate,No,71.74,High
Male,18,2.8,52.7,55.2,4.9,1,Yes,Graduate,No,40.16,Low
Female,20,7.7,95.0,55.8,5.6,6,Yes,Graduate,Yes,77.62,High
Female,19,4.4,86.3,73.1,6.1,1,Yes,School,Yes,60.2,Low
Female,20,3.3,99.8,93.5,4.3,3,Yes,School,Yes,67.21,Low
Male,23,2.3,65.1,92.5,4.6,2,Yes,Graduate,No,57.17,Low
Female,20,2.7,93.9,52.5,4.5,2,Yes,Graduate,No,52.56,Low
Male,18,6.8,80.2,56.8,4.2,4,Yes,School,No,70.65,High
Female,22,5.3,72.7,42.0,6.4,7,Yes,Graduate,No,60.76,Low
Male,22,7.4,61.1,61.9,5.7,3,Yes,School,No,75.17,High
Male,23,2.6,86.9,85.9,8.7,7,Yes,School,Yes,61.1,Low
Female,22,1.8,95.2,90.4,4.5,9,Yes,Graduate,No,66.15,Low
Female,21,1.0,61.8,53.0,8.6,4,Yes,Graduate,Yes,42.61,Low
Female,17,4.6,58.8,54.6,4.4,7,Yes,School,Yes,57.15,Low
Female,21,8.0,84.8,52.1,7.1,1,Yes,Graduate,Yes,72.61,High
Male,19,5.9,98.8,59.3,5.2,2,Yes,Graduate,No,70.69,High
Female,21,3.2,87.5,84.3,8.1,8,Yes,Graduate,No,72.82,High
Female,19,7.1,64.2,75.6,4.3,3,Yes,School,No,69.08,Low
Female,19,6.5,71.0,83.2,8.8,5,Yes,Postgraduate,No,76.02,High
Male,17,1.1,69.2,72.1,4.2,8,Yes,School,No,61.63,Low
Male,18,6.7,92.6,54.2,5.2,5,Yes,Graduate,No,72.71,High
Female,23,3.1,88.6,52.5,6.3,1,Yes,Graduate,No,47.65,Low
Male,17,2.0,79.4,40.5,7.8,2,Yes,Graduate,Yes,45.59,Low
Female,23,2.6,63.7,83.0,8.8,10,Yes,Postgraduate,Yes,67.16,Low
Male,22,4.3,96.9,86.6,6.1,3,No,Graduate,Yes,71.46,High
Male,22,4.0,82.7,82.3,7.8,10,No,Graduate,No,84.88,High
Male,21,3.0,98.5,44.1,7.6,2,Yes,School,No,62.91,Low
Male,19,2.2,79.0,81.9,6.9,9,Yes,School,No,69.93,Low
Female,20,6.3,91.1,42.5,7.5,5,Yes,Postgraduate,Yes,68.03,Low
Female,20,7.9,90.7,45.8,4.2,1,Yes,School,Yes,69.29,Low
Female,23,6.4,66.9,64.2,6.2,8,Yes,School,No,77.78,High
Male,19,3.1,98.2,66.2,7.9,3,Yes,School,Yes,63.33,Low
Female,23,2.7,51.1,84.9,6.4,9,Yes,School,No,69.49,Low
Female,17,2.5,88.4,77.4,8.4,9,No,School,No,76.4,High
Female,18,2.0,98.3,48.4,8.2,6,Yes,Postgraduate,Yes,49.06,Low
Male,17,4.9,66.9,52.4,8.3,4,Yes,Graduate,Yes,66.34,Low
Male,19,5.2,82.4,55.7,4.6,9,Yes,Graduate,No,77.39,High
Male,19,5.9,78.1,46.8,5.2,9,Yes,Postgraduate,Yes,78.26,High
Female,18,5.8,88.1,55.8,4.1,2,Yes,School,No,64.95,Low
Female,23,3.0,93.3,80.1,8.9,10,No,Postgraduate,No,89.78,High
Female,21,3.3,80.2,53.3,5.2,6,No,School,No,57.27,Low
Male,21,5.8,90.8,85.9,5.8,4,Yes,School,No,70.87,High
Male,18,3.4,65.6,65.8,5.4,3,Yes,School,Yes,48.85,Low
Female,21,2.5,61.4,57.8,4.2,10,Yes,Graduate,Yes,59.14,Low
Male,20,3.6,71.5,62.7,5.3,6,Yes,School,No,65.33,Low
Male,21,2.9,83.9,79.0,4.5,8,Yes,Graduate,No,65.33,Low
Male,21,1.6,59.4,68.4,6.0,9,Yes,Graduate,No,68.43,Low
Male,21,6.8,84.0,40.4,8.8,9,Yes,Graduate,No,72.49,High
Female,20,7.0,69.7,90.7,7.5,2,Yes,Graduate,No,61.99,Low
Male,23,2.5,89.8,43.6,7.5,8,Yes,Postgraduate,Yes,70.66,High
Male,21,1.5,51.8,91.6,6.3,8,Yes,Postgraduate,No,55.65,Low
Male,22,6.2,83.4,41.5,8.1,5,Yes,Graduate,Yes,64.85,Low
Male,20,2.5,82.5,82.4,8.5,4,Yes,Postgraduate,No,68.78,Low
Female,18,3.8,97.0,69.4,8.8,9,Yes,Graduate,No,76.43,High
Female,17,1.4,85.7,67.8,4.5,4,Yes,Graduate,No,52.71,Low
Male,18,2.6,89.8,44.0,8.4,10,No,School,Yes,63.23,Low
Male,17,6.6,95.2,53.1,5.1,4,Yes,School,No,68.11,Low
Male,18,6.6,83.8,82.8,6.0,3,Yes,School,No,82.47,High
Male,22,2.4,64.5,89.0,5.7,10,Yes,Graduate,No,67.45,Low
Male,17,3.4,93.5,69.1,7.4,3,No,Graduate,No,69.73,Low
Male,17,1.9,87.4,59.4,7.0,3,Yes,Graduate,No,54.65,Low
Female,19,1.5,71.2,43.3,4.5,7,Yes,School,No,43.18,Low
Male,17,7.9,85.5,77.5,7.9,5,Yes,Graduate,Yes,84.5,High
Female,17,5.6,93.4,55.3,6.2,9,Yes,Graduate,No,77.44,High
Female,19,4.8,98.8,43.0,4.0,2,Yes,Graduate,No,55.28,Low
Male,21,6.4,97.6,76.6,6.1,4,No,Graduate,No,82.38,High
Female,21,6.9,66.3,66.7,6.6,2,Yes,Graduate,No,72.03,High
Female,19,6.6,71.1,40.7,4.3,8,No,School,No,61.99,Low
Female,20,1.1,55.5,46.1,4.8,4,Yes,School,No,42.87,Low
Female,17,2.3,62.4,78.5,9.0,1,Yes,Graduate,No,59.21,Low
Female,17,5.6,94.1,43.5,8.4,10,No,School,No,75.67,High
Female,19,3.6,68.0,87.6,4.7,3,Yes,School,Yes,58.14,Low
Male,19,7.9,81.0,57.1,6.9,7,Yes,Graduate,Yes,83.93,High
Female,20,5.7,83.3,44.9,5.9,3,No,School,No,60.68,Low
Female,22,7.7,89.1,81.8,6.7,5,Yes,Graduate,No,78.33,High
Female,21,2.4,59.1,68.8,6.4,2,Yes,School,Yes,50.24,Low
Male,18,7.0,65.2,56.9,4.2,8,Yes,Graduate,Yes,77.01,High
Female,22,3.2,72.4,62.3,5.6,4,Yes,Graduate,Yes,53.58,Low
Male,23,7.9,68.2,41.2,4.6,1,Yes,Graduate,Yes,56.0,Low
Female,21,2.1,99.1,76.4,6.4,4,Yes,Graduate,No,61.75,Low
Male,17,4.6,91.7,60.1,8.5,8,Yes,Graduate,No,75.72,High
Male,23,6.5,74.0,79.3,9.0,9,No,School,No,90.39,High
Female,22,4.0,94.0,74.5,8.7,1,Yes,School,Yes,73.99,High
Female,19,4.3,67.4,75.8,8.9,6,Yes,Graduate,Yes,66.88,Low
Male,20,7.9,89.3,83.6,4.1,4,Yes,Graduate,Yes,83.26,High
Female,21,4.0,61.2,74.7,7.6,8,Yes,Graduate,Yes,70.24,High
Male,20,5.2,88.6,63.0,5.4,1,No,Postgraduate,Yes,62.93,Low
Male,23,1.4,72.8,61.4,8.3,5,Yes,Graduate,No,45.77,Low
Male,21,6.9,55.4,46.6,8.1,1,Yes,Graduate,No,61.21,Low
Male,22,5.5,63.7,82.9,6.1,4,Yes,Graduate,Yes,79.8,High
Male,17,3.8,70.1,81.9,6.4,2,Yes,Postgraduate,Yes,59.21,Low
Female,18,1.1,87.5,53.5,5.3,10,Yes,Graduate,Yes,56.51,Low
Male,20,5.1,53.6,87.4,5.4,9,Yes,Postgraduate,No,90.74,High
Male,20,1.1,83.0,72.4,8.9,2,Yes,School,No,58.28,Low
Female,18,1.0,85.8,66.3,8.4,4,Yes,School,No,51.86,Low
Male,20,5.3,82.7,41.0,5.0,3,Yes,School,No,53.76,Low
Female,20,2.3,88.0,61.1,5.4,1,Yes,Graduate,Yes,48.91,Low
Female,21,2.3,58.9,75.2,4.5,1,Yes,Graduate,Yes,40.88,Low
Female,21,5.6,79.4,44.9,8.9,2,Yes,Graduate,Yes,60.63,Low
Male,18,1.4,97.1,65.3,8.5,8,No,School,Yes,70.48,High
Male,23,3.2,80.5,94.6,6.8,2,No,Graduate,No,70.8,High
Male,17,2.0,80.6,79.4,7.5,1,Yes,Postgraduate,Yes,54.45,Low
Female,22,5.1,86.8,70.1,7.7,6,Yes,School,No,78.2,High
Male,22,5.6,66.7,69.3,5.0,1,Yes,School,No,65.91,Low
Female,23,6.0,85.0,42.4,8.7,10,Yes,Graduate,No,79.92,High
Male,20,2.8,95.8,92.7,6.6,9,Yes,School,Yes,79.83,High
Female,17,1.6,50.5,91.0,4.5,6,Yes,Graduate,No,53.18,Low
Male,18,1.6,93.5,77.5,6.0,10,Yes,Graduate,Yes,72.0,High
Male,23,4.0,60.9,45.4,7.0,6,Yes,Graduate,No,55.3,Low
Male,18,7.6,72.8,51.4,5.8,1,Yes,School,No,66.92,Low
Female,21,2.5,92.6,50.1,7.5,7,Yes,School,Yes,65.07,Low
Female,20,2.8,91.2,68.6,8.4,3,No,Graduate,No,69.32,Low
Male,19,1.7,94.6,51.4,7.9,1,Yes,School,Yes,47.97,Low
Male,18,5.2,97.0,78.3,7.2,9,Yes,School,Yes,85.77,High
Female,23,5.8,72.4,70.0,6.6,8,Yes,School,Yes,74.92,High
Female,20,5.5,82.8,41.0,5.3,4,Yes,Graduate,Yes,52.22,Low
Female,17,7.0,69.5,80.9,6.3,3,Yes,Graduate,No,83.3,High
Male,23,4.4,67.5,50.4,5.5,2,Yes,Graduate,No,56.87,Low
Female,21,1.9,71.6,85.4,8.7,2,Yes,School,Yes,54.63,Low
Male,22,3.0,87.2,59.5,8.5,3,Yes,Postgraduate,No,62.08,Low
Female,17,5.6,75.1,58.6,4.8,1,Yes,School,No,66.35,Low
Male,18,5.3,90.7,40.6,8.1,10,Yes,Graduate,Yes,70.91,High
Female,18,4.7,87.3,94.3,7.5,7,No,Graduate,No,82.6,High
Female,17,5.8,51.0,73.7,8.9,2,Yes,School,No,68.43,Low
Female,18,5.5,81.5,63.3,6.3,6,No,Graduate,Yes,66.68,Low
Female,23,7.2,71.8,45.3,7.6,6,Yes,Postgraduate,No,70.31,High
Female,20,5.1,72.8,78.5,6.6,4,Yes,School,No,72.1,High
Male,18,6.5,90.9,55.6,4.3,4,Yes,Graduate,Yes,71.85,High
Female,21,2.7,77.4,94.4,4.2,1,Yes,School,No,60.47,Low
Female,20,5.7,94.3,92.3,4.6,6,No,School,No,88.95,High
Female,23,7.3,85.6,80.4,5.5,8,Yes,School,No,93.75,High
Male,19,3.7,77.6,93.4,5.3,10,Yes,Graduate,No,80.18,High
Female,18,6.5,87.7,45.8,7.6,4,Yes,School,No,66.04,Low
Male,18,6.1,51.9,55.4,7.6,1,Yes,School,No,63.48,Low
Female,21,1.4,51.4,53.9,8.9,4,Yes,School,No,41.36,Low
Female,23,5.1,54.2,44.0,5.6,2,No,School,Yes,48.57,Low
Male,21,1.9,71.9,93.5,8.7,4,Yes,School,No,62.04,Low
Female,22,7.8,61.8,43.3,7.1,8,No,Graduate,Yes,72.13,High
Male,23,6.7,99.2,87.1,6.5,3,Yes,Postgraduate,Yes,85.51,High
Male,17,1.8,77.1,82.2,7.3,5,Yes,Graduate,No,64.47,Low
Female,17,1.9,83.1,60.7,7.5,10,Yes,Graduate,No,58.93,Low
Male,17,5.2,63.9,41.0,4.9,2,Yes,Postgraduate,Yes,56.52,Low
Female,21,3.4,66.1,40.3,7.8,9,Yes,Graduate,Yes,60.17,Low
Female,17,1.2,66.8,51.2,7.6,3,Yes,Graduate,Yes,37.68,Low
Male,23,4.8,84.9,67.2,9.0,1,Yes,Postgraduate,No,77.87,High
Male,17,3.7,73.7,65.2,8.6,7,No,Postgraduate,No,67.27,Low
Male,19,1.7,75.9,72.2,7.4,5,Yes,School,No,55.92,Low
Male,17,6.6,79.6,82.5,7.6,9,Yes,Graduate,No,84.5,High
Female,18,7.4,88.4,60.8,8.7,3,Yes,Graduate,No,74.77,High
Female,22,6.3,54.5,48.8,8.8,1,Yes,Graduate,No,62.26,Low
Male,21,6.8,88.8,84.0,8.1,7,Yes,Postgraduate,No,83.99,High
Female,20,2.5,78.2,58.3,7.8,8,Yes,Graduate,Yes,62.18,Low
Female,22,2.8,83.5,55.8,4.6,2,Yes,Graduate,No,46.6,Low
Female,19,2.5,66.4,82.0,8.2,2,Yes,Postgraduate,No,65.1,Low
Female,21,6.4,70.5,91.4,5.3,9,Yes,School,No,86.7,High
Male,23,7.6,61.6,90.3,6.8,4,Yes,Graduate,No,79.0,High
Male,21,6.0,99.0,47.6,6.0,1,Yes,Graduate,Yes,54.53,Low
Female,18,7.2,74.9,67.7,5.7,9,Yes,Postgraduate,No,77.81,High
Male,23,5.5,99.8,45.1,5.6,9,Yes,Postgraduate,Yes,69.96,Low
Male,22,3.7,74.5,92.9,8.3,6,No,Graduate,No,71.72,High
Male,22,4.0,61.0,51.8,7.8,6,Yes,Graduate,Yes,68.13,Low
Female,17,1.5,75.4,50.9,6.6,9,Yes,Graduate,No,57.82,Low
Female,23,1.2,52.0,88.9,7.3,2,Yes,Graduate,No,51.34,Low
Female,18,5.9,95.2,93.2,8.9,9,Yes,Graduate,No,94.83,High
Male,17,4.1,90.9,78.4,6.0,4,Yes,School,No,74.93,High
Female,17,4.9,86.3,46.7,6.8,4,Yes,Graduate,Yes,67.08,Low
Female,21,4.9,80.5,66.7,6.7,9,Yes,Graduate,No,80.03,High
Male,22,2.9,79.0,84.9,8.7,7,Yes,School,No,71.85,High
Female,17,4.3,99.8,71.5,5.8,10,Yes,Graduate,No,83.06,High
Female,19,4.3,63.9,47.3,8.9,5,Yes,Postgraduate,No,46.63,Low
Male,19,3.7,89.0,49.5,5.5,8,Yes,Postgraduate,No,69.34,Low
Male,22,6.7,79.1,87.5,4.5,1,Yes,Graduate,Yes,73.78,High
Male,19,4.2,98.8,69.0,5.0,7,Yes,Graduate,No,69.45,Low
Female,21,5.2,91.4,78.8,6.1,4,Yes,Graduate,No,76.69,High
Female,18,7.3,99.9,60.5,7.2,2,Yes,School,Yes,80.47,High
Female,20,7.1,79.4,69.3,6.6,2,No,School,No,87.08,High
Male,17,7.2,60.2,93.7,5.9,9,Yes,Graduate,No,89.38,High
Male,20,2.9,75.2,58.1,6.8,6,Yes,School,No,57.62,Low
Female,18,1.2,85.6,77.1,8.2,4,No,Graduate,Yes,59.01,Low
Female,18,2.8,88.7,49.5,8.2,2,Yes,Graduate,Yes,57.7,Low
Male,21,3.0,50.0,46.7,7.6,7,Yes,Postgraduate,No,42.14,Low
Male,19,7.4,75.3,83.1,8.8,9,Yes,Graduate,No,93.32,High
Male,19,5.5,61.8,86.4,7.0,2,Yes,Postgraduate,No,74.74,High
Male,18,1.6,93.7,76.8,4.0,4,Yes,Graduate,Yes,57.01,Low
Female,21,1.9,57.6,48.7,5.5,1,Yes,Postgraduate,No,39.72,Low
Male,21,2.1,83.3,53.2,5.6,1,Yes,Postgraduate,No,41.01,Low
Female,22,5.4,63.3,90.1,6.7,3,No,School,No,68.43,Low
Female,23,6.1,67.8,55.9,8.5,1,Yes,Postgraduate,No,61.08,Low
Female,17,7.0,97.0,85.0,8.2,4,Yes,Graduate,No,89.3,High
Male,23,7.6,62.0,55.7,5.2,6,No,Graduate,No,77.38,High
Male,19,2.4,54.8,91.7,6.6,5,Yes,Postgraduate,No,69.19,Low
Male,18,3.2,53.5,90.3,7.3,9,Yes,School,No,73.17,High
Male,22,2.7,75.2,42.4,8.9,2,Yes,Postgraduate,Yes,41.83,Low
Female,20,3.5,82.1,82.4,4.2,2,Yes,Postgraduate,Yes,68.91,Low
Male,19,7.4,66.4,49.3,6.3,3,Yes,Postgraduate,No,62.7,Low
Male,17,5.0,84.5,51.8,8.9,4,Yes,Postgraduate,Yes,67.26,Low
Female,21,6.2,53.1,65.3,8.9,9,Yes,School,No,73.32,High
Male,18,4.4,92.9,71.7,5.7,6,Yes,Graduate,No,71.45,High
Female,19,1.2,90.8,57.9,4.0,9,Yes,Graduate,No,61.08,Low
Female,20,1.4,99.3,71.6,6.9,5,Yes,School,Yes,62.61,Low
Female,17,4.8,96.8,49.4,8.3,9,Yes,Postgraduate,Yes,71.11,High
Female,17,6.0,67.8,41.2,5.6,9,Yes,School,No,72.37,High
Female,22,2.5,70.0,71.4,8.7,1,Yes,Graduate,Yes,64.88,Low
Female,19,6.1,87.3,68.5,5.7,9,Yes,School,No,81.92,High
Female,20,6.7,56.7,77.9,7.1,7,Yes,School,No,76.0,High
Female,17,3.9,65.7,75.7,7.6,8,Yes,Graduate,Yes,75.43,High
Male,18,6.2,55.9,89.4,5.7,3,Yes,Graduate,Yes,68.19,Low
Male,17,3.8,72.7,65.3,5.8,1,Yes,School,No,56.35,Low
Male,20,5.7,77.6,40.5,6.3,4,No,School,Yes,60.37,Low
Male,21,6.3,60.6,74.7,8.2,1,Yes,Graduate,No,77.77,High
Female,21,7.9,51.3,77.1,4.5,1,No,Postgraduate,No,71.18,High
Male,22,3.4,86.0,68.7,7.2,4,No,School,No,61.7,Low
Female,19,3.9,51.0,77.9,7.4,8,Yes,Graduate,No,66.22,Low
Male,20,2.2,98.7,57.8,6.8,1,Yes,Graduate,Yes,41.65,Low
Male,22,2.4,61.1,48.2,8.7,10,Yes,Postgraduate,No,58.36,Low
Male,23,5.9,83.2,76.6,7.0,10,No,School,No,86.68,High
Female,17,7.4,71.7,53.5,7.2,9,Yes,School,No,78.98,High
Male,23,3.8,53.0,65.1,7.0,6,Yes,School,Yes,56.21,Low
Female,17,2.3,73.6,67.0,7.6,5,Yes,Graduate,No,62.67,Low
Female,21,3.0,75.8,66.2,4.7,9,Yes,Postgraduate,No,65.19,Low
Male,22,4.2,92.7,72.9,8.5,9,Yes,Postgraduate,Yes,89.05,High
Male,21,3.0,86.6,41.6,4.2,9,Yes,Graduate,Yes,56.12,Low
Male,18,2.6,54.0,94.4,7.2,3,Yes,School,No,61.15,Low
Female,23,6.2,60.5,79.4,7.1,8,Yes,School,No,78.71,High
Male,23,1.1,65.6,63.4,5.0,10,Yes,Postgraduate,Yes,54.01,Low
Female,21,4.8,55.8,50.5,4.2,4,Yes,Graduate,No,59.75,Low
Female,18,6.6,72.8,44.4,4.7,4,Yes,Graduate,No,64.96,Low
Male,17,2.9,99.2,77.0,5.4,7,Yes,Graduate,Yes,71.24,High
Male,22,5.2,75.7,57.4,8.4,8,Yes,School,No,73.85,High
Female,18,5.7,87.1,52.6,8.3,4,Yes,Postgraduate,Yes,74.61,High
Female,22,5.6,84.1,60.9,4.3,10,Yes,Graduate,Yes,84.63,High
Female,23,4.1,92.5,72.6,5.4,6,Yes,Graduate,Yes,67.26,Low
Male,22,3.4,60.8,76.9,8.4,1,Yes,Graduate,No,58.14,Low
Female,23,6.9,87.7,75.5,5.2,2,Yes,Postgraduate,No,78.19,High
Male,18,6.3,94.1,87.5,9.0,5,Yes,Graduate,Yes,88.68,High
Female,23,3.2,58.6,52.0,5.3,4,No,School,No,55.79,Low
Female,19,1.7,67.3,75.0,7.7,3,Yes,School,Yes,52.2,Low
Male,23,1.5,98.5,45.6,6.1,6,Yes,School,Yes,53.73,Low
Female,21,1.7,89.0,70.1,4.7,10,Yes,Graduate,No,69.86,Low
Male,18,5.1,64.1,72.1,5.3,6,Yes,Graduate,No,66.57,Low
Male,17,1.4,78.2,51.9,7.4,10,Yes,Postgraduate,No,59.99,Low
Female,22,3.4,70.2,61.5,5.7,8,Yes,Graduate,No,59.44,Low
Male,20,6.3,74.5,85.5,7.0,2,Yes,Graduate,Yes,86.34,High
Male,18,3.1,67.8,48.2,5.0,7,Yes,Postgraduate,Yes,56.7,Low
Female,21,6.3,64.0,63.9,6.2,7,Yes,Postgraduate,Yes,80.3,High
Male,23,6.2,83.7,91.3,6.6,2,Yes,Graduate,No,78.74,High
Male,22,2.7,88.9,67.7,6.1,6,Yes,School,No,67.06,Low
Male,19,6.1,93.7,79.9,5.0,5,Yes,School,No,81.18,High
Female,17,6.2,57.8,85.5,6.3,2,Yes,Graduate,No,75.99,High
Male,19,3.8,91.1,51.2,7.5,9,Yes,Postgraduate,No,73.93,High
Female,20,2.5,62.7,52.0,8.8,8,Yes,Graduate,Yes,57.43,Low
Female,18,4.6,71.4,81.7,7.9,7,Yes,Graduate,Yes,74.11,High
Male,22,7.4,95.1,81.4,4.8,6,No,Postgraduate,Yes,90.98,High
Male,18,5.5,72.7,43.3,5.4,5,Yes,Graduate,No,71.77,High
Male,21,2.2,59.9,57.7,4.4,9,Yes,School,No,54.02,Low
Female,18,5.8,58.0,61.9,4.7,5,Yes,School,No,62.55,Low
Male,17,4.0,73.6,85.6,5.3,6,Yes,Postgraduate,Yes,64.8,Low
Male,20,5.1,88.1,63.2,5.0,3,Yes,Graduate,Yes,69.33,Low
Male,19,6.1,99.9,90.9,5.1,9,No,Graduate,Yes,90.83,High
Male,20,4.6,89.4,94.8,5.2,8,Yes,School,No,82.12,High
Male,22,6.7,93.9,82.9,5.5,9,Yes,School,No,91.06,High
Female,18,6.1,87.4,76.7,4.6,1,Yes,School,No,72.94,High
Female,22,5.3,94.8,61.6,5.4,1,Yes,Graduate,Yes,66.21,Low
Male,19,2.1,53.8,43.7,7.4,2,Yes,Graduate,No,45.36,Low
Male,22,6.9,96.5,71.5,5.2,4,No,Postgraduate,No,83.22,High
Male,21,7.6,69.8,59.9,4.9,10,Yes,Postgraduate,Yes,85.83,High
Male,20,2.0,96.1,59.3,4.3,5,Yes,Graduate,Yes,57.05,Low
Female,19,4.4,53.8,77.8,6.5,7,Yes,Postgraduate,No,69.46,Low
Male,19,2.8,85.8,65.5,8.2,4,Yes,Postgraduate,No,58.0,Low
Female,23,6.3,86.8,81.4,4.3,1,Yes,Graduate,No,69.64,Low
Female,19,6.1,99.8,61.9,6.7,8,Yes,Graduate,Yes,86.9,High
Male,23,2.0,88.4,48.3,7.3,3,Yes,Graduate,Yes,48.08,Low
Female,17,7.1,69.1,65.4,7.0,9,Yes,School,Yes,76.53,High
Female,23,2.3,77.9,92.3,8.4,2,No,Postgraduate,No,67.11,Low
Female,20,6.6,68.3,84.1,8.3,1,Yes,Postgraduate,Yes,78.01,High
Female,22,4.2,59.8,51.3,4.3,10,Yes,School,Yes,64.3,Low
Male,23,3.3,62.4,61.5,5.8,8,No,School,No,65.85,Low
Male,19,2.1,61.1,91.0,7.4,3,Yes,Graduate,Yes,51.25,Low
Female,20,2.2,77.4,46.8,8.8,1,No,Graduate,Yes,50.69,Low
Male,23,5.6,95.3,54.0,8.0,3,Yes,School,No,68.67,Low
Male,23,4.9,95.6,54.4,4.9,8,Yes,Graduate,No,70.26,High
Male,19,1.9,52.7,71.4,5.4,4,Yes,School,Yes,55.54,Low
Male,21,1.8,54.0,62.6,7.8,10,Yes,Graduate,No,64.88,Low
Male,21,1.5,62.3,44.4,6.4,7,Yes,Postgraduate,No,45.24,Low
Female,23,6.2,62.8,74.6,6.7,8,Yes,Graduate,No,82.64,High
Male,21,6.0,54.7,45.4,7.0,7,No,Graduate,No,72.59,High
Male,18,1.4,69.4,73.4,4.5,1,Yes,Postgraduate,No,47.39,Low
Male,19,4.9,79.4,67.9,8.3,4,No,Postgraduate,No,70.63,High
Male,18,1.6,78.9,67.2,8.3,10,Yes,School,No,67.55,Low
Female,20,7.3,77.2,43.7,6.3,9,Yes,School,Yes,73.29,High
Female,18,7.3,66.9,75.2,7.1,7,Yes,Graduate,No,77.46,High
Female,20,5.9,85.3,63.7,7.3,1,No,Postgraduate,Yes,81.37,High
Female,23,7.5,91.3,62.6,4.9,8,Yes,Postgraduate,Yes,83.14,High
Male,20,6.7,67.3,72.8,4.6,4,Yes,School,No,64.11,Low
Female,20,6.8,54.3,73.3,4.1,7,Yes,Graduate,No,76.65,High
Male,22,5.0,64.8,40.8,8.6,6,No,Graduate,Yes,66.07,Low
Male,18,3.1,56.9,46.9,5.7,7,Yes,School,Yes,44.59,Low
Male,22,2.5,73.4,53.0,4.4,10,Yes,Graduate,No,57.71,Low
Male,23,3.3,57.8,77.3,6.3,10,Yes,Graduate,Yes,73.36,High
Male,19,5.4,73.1,71.7,4.4,1,Yes,School,Yes,66.8,Low
Female,18,2.2,61.1,81.7,4.4,6,Yes,Graduate,Yes,57.69,Low
Female,19,2.8,86.9,80.7,6.4,3,Yes,Postgraduate,No,58.88,Low
Female,19,4.3,51.4,86.9,6.5,10,Yes,Postgraduate,No,80.74,High
Female,20,2.6,77.7,60.7,6.9,4,Yes,Postgraduate,Yes,51.19,Low
Male,18,5.1,58.5,59.0,7.3,1,Yes,Postgraduate,No,68.74,Low
Female,19,7.5,50.0,85.7,7.3,10,Yes,School,No,91.05,High
Male,21,6.2,93.5,53.1,6.2,8,No,Postgraduate,No,73.42,High
Female,19,5.7,83.6,65.4,7.2,2,Yes,School,Yes,67.95,Low
Male,21,5.1,54.9,50.7,5.5,3,Yes,Postgraduate,No,54.14,Low
Male,18,4.4,83.2,90.3,6.2,7,Yes,Graduate,No,78.68,High
Female,23,2.3,80.6,62.4,6.0,2,Yes,School,Yes,52.68,Low
Male,22,7.3,73.7,51.7,5.6,4,Yes,Graduate,No,75.06,High
Male,18,2.7,71.0,78.1,5.2,7,Yes,Graduate,No,64.08,Low
Female,22,1.6,94.4,53.5,4.4,3,Yes,Graduate,No,49.6,Low
Male,22,6.3,62.3,91.9,6.5,2,Yes,Graduate,Yes,73.32,High
Female,18,2.2,69.9,60.2,6.7,8,No,Postgraduate,Yes,63.81,Low
Female,19,3.6,66.5,76.6,5.7,2,Yes,Graduate,Yes,65.3,Low
Female,17,1.2,88.6,59.0,8.9,10,Yes,Graduate,No,58.48,Low
Male,19,2.0,95.8,84.4,6.8,7,Yes,Graduate,Yes,74.54,High
Male,19,2.2,92.5,89.3,8.4,3,No,School,No,73.81,High
Male,23,1.4,89.9,83.3,6.9,4,Yes,Graduate,No,58.62,Low
Female,20,5.6,99.3,86.7,4.9,6,Yes,Postgraduate,No,81.28,High
Male,20,6.9,84.9,45.6,8.9,3,Yes,Graduate,No,70.53,High
Female,19,3.6,87.6,90.8,8.4,1,No,Graduate,No,71.68,High
Female,21,7.1,99.1,74.3,6.4,8,Yes,School,No,86.03,High
Male,23,2.5,50.3,87.8,5.2,4,Yes,School,No,63.35,Low
Female,22,3.3,81.7,77.6,5.1,1,Yes,School,Yes,47.7,Low
Male,20,2.1,86.9,51.1,8.0,2,Yes,School,No,51.62,Low
Male,19,5.3,95.9,73.5,4.3,6,Yes,Graduate,No,74.53,High
Male,23,3.9,94.2,45.0,7.2,1,Yes,School,No,53.7,Low
Male,17,5.3,92.1,78.3,7.2,9,Yes,School,No,86.21,High
Male,21,6.3,97.3,62.5,4.9,7,Yes,Postgraduate,Yes,79.1,High
Female,18,4.8,76.9,48.3,7.5,8,Yes,School,Yes,69.77,Low
Female,19,5.4,50.3,93.9,7.5,8,Yes,Graduate,No,81.41,High
Female,23,7.5,50.6,89.6,5.8,6,Yes,School,Yes,91.02,High
Male,19,3.1,77.2,89.1,6.4,8,No,Graduate,Yes,84.37,High
Male,22,3.5,71.8,83.4,8.2,7,Yes,School,No,67.53,Low
Male,21,6.0,72.6,78.1,6.6,1,Yes,School,Yes,64.35,Low
Female,20,5.3,70.0,76.0,7.1,3,Yes,Postgraduate,Yes,68.0,Low
Male,20,2.2,95.9,45.8,6.1,9,Yes,Graduate,Yes,57.06,Low
Female,20,3.6,68.0,89.5,4.7,8,Yes,Graduate,No,73.65,High
Female,18,4.3,92.8,88.5,9.0,5,Yes,School,No,78.22,High
Male,23,3.9,95.1,81.1,6.7,1,Yes,Graduate,Yes,70.74,High
Male,21,2.2,75.0,91.0,5.7,2,Yes,Graduate,No,59.32,Low
Female,21,7.5,72.3,70.4,7.6,10,Yes,Graduate,Yes,91.2,High
Male,20,6.3,88.1,64.6,7.1,10,Yes,Graduate,No,88.26,High
Female,20,4.4,85.4,93.2,5.2,9,Yes,School,No,77.39,High
Male,22,5.8,66.4,65.5,8.4,10,Yes,Graduate,No,70.36,High
Male,17,7.3,55.1,75.3,4.4,8,Yes,Graduate,No,78.58,High
Female,17,2.0,63.2,60.5,7.0,9,Yes,School,No,56.96,Low
Male,19,2.8,56.6,75.0,6.4,2,Yes,Graduate,No,56.05,Low
Female,19,4.8,64.7,79.6,5.6,3,Yes,Graduate,No,68.26,Low
Male,21,6.6,63.1,74.4,8.1,3,Yes,School,No,71.06,High
Female,21,1.3,81.9,68.3,7.3,1,No,Postgraduate,Yes,54.06,Low
Female,18,7.9,97.7,56.5,7.8,2,Yes,School,Yes,82.02,High
Male,18,4.2,84.3,75.4,6.1,10,Yes,Graduate,No,71.82,High
Female,17,3.5,96.3,90.0,8.7,5,Yes,Graduate,No,70.9,High
Male,19,3.0,89.2,40.4,5.7,7,Yes,School,Yes,60.92,Low
Male,17,2.2,86.4,47.4,6.7,6,Yes,Graduate,Yes,51.94,Low
Male,17,6.5,70.7,46.6,8.7,2,Yes,Graduate,No,73.03,High
Female,19,7.7,66.2,90.8,4.4,8,No,Graduate,Yes,86.21,High
Female,23,3.9,92.3,76.5,4.5,4,Yes,Graduate,No,71.72,High
Male,18,7.7,95.3,92.3,9.0,2,No,Graduate,No,86.15,High
Male,22,6.8,72.6,72.1,8.9,4,Yes,Graduate,No,75.23,High
Female,22,4.4,50.5,65.4,7.9,8,Yes,Graduate,No,59.67,Low
Male,22,5.7,89.6,83.6,6.4,1,Yes,Postgraduate,Yes,71.54,High
Male,19,4.0,64.3,48.9,6.5,9,Yes,Graduate,Yes,59.54,Low
Female,20,4.9,50.5,61.0,5.3,8,Yes,Graduate,Yes,57.83,Low
Male,20,1.4,90.2,65.6,6.2,8,Yes,Graduate,Yes,61.06,Low
Female,20,5.9,75.9,56.4,6.2,10,Yes,Graduate,No,83.69,High
Male,21,1.4,84.3,60.4,4.2,9,Yes,School,No,54.59,Low
Female,18,6.7,95.7,44.3,6.3,7,No,School,No,74.81,High
Male,18,6.8,77.1,50.9,6.4,9,No,Graduate,No,85.88,High
Male,23,2.7,75.2,58.5,7.3,1,Yes,Postgraduate,No,54.12,Low
Female,23,3.3,64.5,83.8,6.6,1,Yes,School,No,57.08,Low
Male,21,4.4,65.3,50.0,8.3,4,Yes,Graduate,No,53.76,Low
Female,17,5.2,89.8,59.1,5.8,2,Yes,Graduate,Yes,62.75,Low
Male,23,3.0,72.5,43.6,6.0,8,Yes,School,No,53.19,Low
Female,22,5.1,58.2,70.6,6.9,1,Yes,Postgraduate,Yes,57.92,Low
Female,20,3.1,54.7,73.6,5.0,4,Yes,Graduate,No,54.46,Low
Female,22,1.4,73.6,87.6,6.0,9,Yes,Graduate,Yes,63.19,Low
Female,20,1.0,73.2,85.1,7.4,2,No,School,No,46.05,Low
Male,22,1.7,82.7,55.7,6.1,6,Yes,School,Yes,54.55,Low
Male,17,6.5,73.6,47.5,8.5,4,No,School,Yes,66.68,Low
Female,22,7.7,57.2,48.6,7.1,4,Yes,Graduate,Yes,67.0,Low
Female,22,4.0,75.4,93.3,4.8,6,No,Postgraduate,No,72.85,High
Female,19,4.6,95.3,77.0,6.4,10,Yes,Graduate,Yes,79.12,High
Male,22,2.0,58.0,42.3,7.8,4,Yes,Graduate,No,47.27,Low
Male,19,4.9,84.5,47.5,7.2,9,No,Postgraduate,No,70.99,High
Male,18,2.0,79.7,66.7,8.4,8,Yes,Postgraduate,Yes,63.45,Low
Male,21,5.3,87.4,51.4,7.7,8,Yes,Graduate,No,72.17,High
Female,22,7.5,57.5,84.2,4.3,5,No,School,No,73.93,High
Female,18,2.4,97.1,71.5,4.6,6,Yes,School,No,66.52,Low
Female,23,6.4,81.0,73.7,7.2,1,Yes,Graduate,Yes,76.96,High
Male,23,1.2,92.4,65.5,5.2,1,No,Graduate,No,46.45,Low
Male,19,3.6,62.3,54.1,6.9,9,Yes,Graduate,Yes,65.31,Low
Male,22,1.8,87.0,72.4,8.0,4,No,Postgraduate,Yes,56.76,Low
Female,22,3.5,89.1,79.4,6.9,3,Yes,Graduate,Yes,60.46,Low
Female,17,2.2,69.9,60.4,6.1,5,Yes,Graduate,No,49.87,Low
Male,18,3.6,69.2,67.8,7.2,9,Yes,Graduate,Yes,63.36,Low
Female,20,3.9,82.9,86.2,4.7,9,Yes,Graduate,No,82.97,High
Male,20,3.1,54.7,48.2,7.6,3,Yes,School,Yes,47.59,Low
Male,17,5.6,86.8,70.0,7.5,7,Yes,Graduate,Yes,78.23,High
Female,19,7.4,52.1,59.2,6.6,3,Yes,School,No,72.7,High
Male,20,3.8,59.5,78.7,5.4,3,No,Graduate,No,55.41,Low
Female,20,2.3,83.2,41.0,8.0,4,Yes,School,No,48.13,Low
Male,23,2.9,54.9,76.9,6.6,2,Yes,Graduate,No,51.4,Low
Female,23,7.0,98.6,45.7,4.3,6,Yes,School,No,69.73,Low
Female,21,5.0,93.4,43.6,8.6,5,Yes,School,No,69.18,Low
Female,18,4.2,81.3,79.9,7.8,10,No,Postgraduate,No,87.33,High
Male,19,2.0,91.0,75.2,6.9,10,Yes,Graduate,No,75.5,High
Male,22,4.1,94.4,89.2,6.2,2,Yes,Graduate,No,62.82,Low
Female,18,2.9,63.0,68.6,8.8,10,Yes,Graduate,No,71.06,High
Female,19,7.6,92.5,69.2,7.9,2,No,Graduate,Yes,87.05,High
Male,20,7.2,59.7,78.9,6.7,2,Yes,Graduate,Yes,69.68,Low
Male,21,1.6,70.7,57.8,7.3,4,Yes,Postgraduate,Yes,44.25,Low
Male,18,4.6,77.9,42.0,5.4,3,Yes,School,No,61.25,Low
Female,20,2.6,85.7,52.7,5.0,9,Yes,Graduate,Yes,61.49,Low
Male,19,3.9,51.5,53.1,5.4,5,No,Postgraduate,Yes,56.26,Low
Male,18,7.1,64.5,58.5,5.5,1,Yes,School,No,65.91,Low
Female,22,4.7,80.4,91.9,7.7,2,Yes,Graduate,Yes,76.44,High
Male,18,3.3,67.9,84.3,4.7,7,Yes,Graduate,Yes,68.98,Low
Male,20,2.5,88.8,91.5,7.9,8,Yes,Postgraduate,No,74.97,High
Male,18,6.6,82.6,94.9,6.6,6,Yes,School,Yes,89.29,High
Female,22,5.4,61.7,63.9,5.9,7,Yes,Graduate,No,73.07,High
Female,21,4.3,57.3,52.5,5.5,2,Yes,Postgraduate,Yes,54.05,Low
Female,21,2.5,81.5,70.8,6.6,6,No,School,Yes,60.06,Low
Female,20,3.3,72.5,88.5,5.6,6,No,School,Yes,69.37,Low
Female,19,7.7,58.4,65.6,6.1,4,Yes,Postgraduate,No,76.18,High
Female,20,4.6,66.3,67.8,7.7,4,Yes,Postgraduate,No,66.57,Low
Female,21,3.8,65.2,47.4,7.1,2,Yes,Graduate,Yes,55.87,Low
Male,17,4.6,55.4,63.1,7.7,3,Yes,Graduate,No,63.8,Low
Male,17,6.5,77.3,61.3,7.6,10,Yes,Postgraduate,Yes,83.36,High
Female,18,3.4,88.2,59.3,8.1,6,Yes,Postgraduate,No,64.51,Low
Male,22,2.3,78.8,88.8,5.0,4,Yes,Graduate,Yes,64.51,Low
Male,23,5.1,91.3,43.3,9.0,3,Yes,Graduate,No,55.79,Low
Female,23,5.7,56.4,93.5,6.4,1,No,Graduate,No,77.51,High
Male,23,6.0,71.8,40.5,7.6,3,Yes,School,No,73.0,High
Male,18,7.2,80.5,92.0,7.4,1,Yes,School,No,82.41,High
Male,17,3.6,83.8,70.1,6.8,4,Yes,Graduate,No,64.81,Low
Male,21,1.5,84.8,78.6,9.0,4,Yes,School,No,62.82,Low
Male,18,7.7,86.4,50.3,5.1,1,Yes,School,No,74.26,High
Female,23,4.0,82.6,76.0,6.1,7,Yes,Graduate,Yes,78.57,High
Female,23,5.4,54.7,88.5,4.6,5,Yes,School,No,75.78,High
Female,20,5.7,84.8,47.7,4.9,1,No,School,No,68.31,Low
Male,23,4.8,86.2,47.0,7.6,5,Yes,Graduate,No,69.56,Low
Female,22,2.4,99.7,56.7,4.0,7,Yes,Graduate,Yes,71.7,High
Male,23,6.3,84.7,48.9,8.4,6,Yes,School,Yes,77.96,High
Male,20,6.6,84.3,46.1,7.2,10,Yes,Graduate,No,78.39,High
Male,23,4.9,75.7,77.3,6.2,5,Yes,Graduate,Yes,63.0,Low
Male,22,4.4,93.4,51.8,5.7,8,Yes,School,Yes,69.05,Low
Female,21,1.8,99.8,76.7,4.6,9,Yes,Postgraduate,Yes,69.12,Low
Female,18,1.6,89.0,87.4,8.6,1,No,School,Yes,63.57,Low
Male,22,3.4,80.6,75.9,7.6,6,Yes,Graduate,Yes,67.73,Low
Female,20,3.2,53.9,46.6,5.7,2,Yes,Graduate,No,46.18,Low
Male,18,7.7,86.3,71.5,4.4,8,No,School,Yes,76.24,High
Female,18,6.5,85.4,61.6,5.6,5,Yes,School,No,81.43,High
Female,20,5.6,88.8,58.9,4.9,1,Yes,Postgraduate,No,70.83,High
Male,17,4.6,56.2,57.5,7.9,5,Yes,Graduate,No,66.33,Low
Female,23,2.2,82.7,91.1,7.6,10,Yes,Graduate,No,77.65,High
Male,22,7.8,64.8,80.8,6.5,5,Yes,Graduate,No,84.18,High
Female,20,3.6,88.0,47.4,8.4,2,Yes,School,No,57.95,Low
Male,21,1.7,62.0,66.2,4.9,4,Yes,Graduate,No,57.57,Low
Male,19,4.5,84.2,57.5,6.3,6,Yes,Graduate,No,64.88,Low
Female,20,7.1,64.7,93.8,7.6,1,Yes,Graduate,Yes,70.33,High
Female,23,7.2,50.4,93.8,4.3,9,Yes,Graduate,Yes,86.64,High
Male,23,1.1,81.7,57.6,5.9,7,Yes,Graduate,No,59.51,Low
Female,18,7.2,55.7,59.4,6.9,6,Yes,School,Yes,74.04,High
Female,18,2.9,83.0,73.0,5.8,1,Yes,Graduate,Yes,63.64,Low
Male,20,1.3,96.3,66.4,6.4,8,Yes,Graduate,No,71.43,High
Male,19,6.9,98.5,51.7,7.0,8,Yes,Graduate,Yes,83.47,High
Female,20,7.0,61.8,76.3,5.8,4,Yes,Graduate,Yes,85.17,High
Male,19,5.2,90.5,58.4,4.5,4,No,School,No,56.38,Low
Male,19,5.0,67.7,76.0,4.7,1,Yes,Graduate,Yes,58.16,Low
Male,23,6.7,95.0,61.1,6.6,9,Yes,Postgraduate,No,89.24,High
Female,23,6.5,89.4,78.5,4.9,8,Yes,Graduate,No,87.97,High
Female,23,7.2,53.7,76.7,8.4,10,Yes,Graduate,No,83.2,High
Male,21,4.9,70.4,68.0,8.2,7,No,Postgraduate,No,72.32,High
Female,23,7.8,66.9,78.8,5.7,2,Yes,School,No,88.39,High
Male,22,8.0,89.3,65.4,8.2,7,Yes,Graduate,No,94.9,High
Female,18,1.8,70.5,46.4,6.7,4,Yes,Graduate,No,36.81,Low
Male,18,6.9,84.2,50.0,4.8,3,Yes,Graduate,No,67.07,Low
Male,19,4.5,80.1,53.5,7.1,10,No,School,No,71.94,High
Female,18,3.7,98.8,43.5,7.4,4,Yes,Graduate,Yes,65.82,Low
Male,17,5.3,96.9,79.1,4.4,10,Yes,School,No,86.42,High
Female,19,1.4,71.4,60.2,5.6,6,Yes,Postgraduate,Yes,58.41,Low
Female,18,4.5,86.2,45.1,4.0,7,Yes,Postgraduate,Yes,65.1,Low
Male,17,7.1,91.5,85.1,5.6,2,Yes,School,No,82.22,High
Male,21,2.5,94.9,77.6,5.7,7,Yes,Graduate,Yes,71.82,High
Female,18,4.0,53.4,64.9,7.2,10,Yes,Postgraduate,No,65.73,Low
Male,17,7.6,65.1,53.6,5.0,2,Yes,Graduate,No,69.85,Low
Male,20,4.0,66.0,48.3,4.2,2,Yes,School,No,59.4,Low
Male,22,3.5,71.7,65.2,5.6,1,Yes,Graduate,Yes,45.53,Low
Male,20,4.1,58.5,88.7,8.1,7,Yes,Graduate,No,75.57,High
Male,17,4.6,74.8,50.4,6.0,1,Yes,Graduate,No,44.79,Low
Female,19,5.4,83.2,71.3,6.1,3,Yes,Postgraduate,Yes,74.16,High
Female,23,6.6,74.9,92.9,6.3,8,Yes,Postgraduate,Yes,88.54,High
Male,23,4.2,83.3,75.0,7.8,1,No,Postgraduate,No,69.95,Low
Male,23,6.7,53.3,64.2,6.4,6,Yes,School,No,68.21,Low
Male,19,4.7,93.8,79.4,4.5,2,Yes,School,No,66.67,Low
Female,18,3.4,97.0,85.4,5.0,9,No,Postgraduate,Yes,82.44,High
Male,23,5.6,80.9,72.5,4.9,2,Yes,Graduate,No,74.49,High
Female,20,6.0,94.1,88.0,6.5,6,Yes,Graduate,No,79.55,High
Female,19,4.9,56.6,68.3,4.1,4,Yes,Graduate,No,59.37,Low
Female,19,1.4,89.9,85.7,5.4,9,Yes,Postgraduate,No,63.25,Low
Male,23,2.2,56.0,92.4,7.0,1,Yes,School,No,60.87,Low
Female,20,3.0,70.4,67.6,5.8,1,No,Postgraduate,No,55.77,Low
Male,21,3.0,66.2,73.3,7.5,10,Yes,Graduate,Yes,73.1,High
Female,19,5.7,79.3,73.5,6.0,3,Yes,Graduate,Yes,71.48,High
Male,23,1.1,65.1,83.0,8.9,6,Yes,Graduate,No,49.52,Low
Female,22,6.3,81.9,85.3,8.8,3,Yes,Graduate,Yes,76.78,High
Male,17,2.9,68.4,41.5,8.0,7,Yes,Graduate,No,55.39,Low
Female,18,3.2,93.0,80.3,8.8,9,Yes,Graduate,No,71.53,High
Male,19,4.7,81.7,83.1,5.0,10,Yes,Graduate,No,69.49,Low
Male,22,2.5,60.8,78.5,7.8,2,Yes,Graduate,No,61.51,Low
Male,22,7.2,66.8,79.3,5.6,4,Yes,School,Yes,73.54,High
Male,19,1.6,92.4,42.3,7.6,3,Yes,Postgraduate,Yes,52.41,Low
Female,21,4.1,69.3,64.3,5.9,6,Yes,Postgraduate,No,71.41,High
Female,17,6.9,76.8,85.0,5.4,5,Yes,School,No,78.7,High
Male,18,5.3,82.4,91.4,8.8,3,Yes,Postgraduate,Yes,78.13,High
Female,19,3.0,67.4,52.6,5.0,9,Yes,Graduate,Yes,63.18,Low
Male,18,3.9,64.7,71.9,7.8,8,Yes,Graduate,Yes,68.44,Low
Male,20,5.9,73.8,84.2,7.4,3,Yes,Graduate,No,76.54,High
Female,22,7.8,60.7,81.4,5.5,10,Yes,Graduate,No,92.39,High
Male,22,7.3,64.2,74.0,6.3,5,Yes,Graduate,Yes,69.23,Low
Male,19,3.4,53.1,41.0,4.7,5,No,Graduate,No,57.56,Low
Female,19,8.0,65.2,79.8,8.6,5,Yes,Graduate,No,87.04,High
Male,20,1.0,66.0,82.5,8.8,8,Yes,School,No,64.16,Low
Male,21,1.2,98.1,79.8,7.7,3,No,Graduate,No,61.54,Low
Male,19,6.8,79.5,82.1,8.2,3,Yes,Graduate,Yes,89.21,High
Male,22,2.4,89.4,63.7,4.4,8,No,Postgraduate,Yes,56.78,Low
Female,18,1.4,52.3,94.7,5.9,9,Yes,School,No,66.85,Low
Female,17,2.7,55.3,82.4,5.7,5,Yes,School,No,66.29,Low
Female,23,4.0,90.7,71.8,6.8,10,Yes,Graduate,No,83.84,High
Male,18,6.1,81.2,91.4,4.9,8,No,School,Yes,89.52,High
Male,21,5.4,59.5,90.0,6.8,5,Yes,Graduate,No,72.99,High
Female,17,2.7,70.2,84.8,7.3,4,Yes,School,No,67.13,Low
Male,18,4.5,76.9,71.0,4.7,2,Yes,Graduate,No,66.95,Low
Male,18,7.5,92.2,69.0,4.7,4,Yes,Graduate,No,81.12,High
Male,20,6.7,53.0,58.1,4.2,2,Yes,Graduate,Yes,59.3,Low
Male,23,3.3,79.8,53.8,7.8,7,Yes,Graduate,No,63.31,Low
Female,21,7.9,85.9,68.2,5.7,7,Yes,Graduate,No,85.6,High
Female,22,6.0,98.9,71.8,5.1,9,Yes,Postgraduate,No,80.23,High
Female,20,1.4,90.4,53.4,7.9,4,No,School,Yes,57.46,Low
Male,17,1.2,63.8,90.7,4.7,5,Yes,Postgraduate,No,58.1,Low
Female,23,2.2,85.5,70.7,6.1,4,Yes,Graduate,No,67.97,Low
Female,22,6.1,88.2,69.0,7.7,4,Yes,Graduate,No,72.29,High
Male,20,2.3,86.5,64.0,6.9,5,Yes,School,Yes,60.99,Low
Male,23,4.6,91.0,43.2,6.8,3,Yes,Graduate,No,67.63,Low
Female,21,1.7,95.2,88.5,4.8,9,Yes,School,No,67.71,Low
Female,19,7.4,54.9,57.4,4.9,7,Yes,Graduate,No,66.65,Low
Female,19,3.4,55.2,75.3,6.9,1,Yes,Postgraduate,No,58.44,Low
Female,17,7.4,89.8,73.4,4.1,1,Yes,Graduate,No,66.26,Low
Male,19,7.6,62.6,72.1,8.3,1,Yes,Postgraduate,No,77.59,High
Female,20,1.0,52.9,68.9,5.8,3,Yes,Graduate,No,35.66,Low
Female,17,4.2,70.1,50.0,6.1,9,Yes,School,Yes,66.9,Low
Male,22,1.2,91.0,55.4,5.3,8,Yes,School,Yes,63.08,Low
Female,21,7.4,56.3,68.8,8.4,9,Yes,School,Yes,83.33,High
Male,17,4.6,83.6,83.4,7.2,5,Yes,Graduate,No,76.04,High
Male,22,1.5,50.2,63.8,6.2,7,Yes,Graduate,Yes,50.67,Low
Male,17,1.8,55.5,51.2,6.9,10,Yes,Graduate,No,63.31,Low
Female,18,3.7,67.5,44.8,5.9,9,Yes,Graduate,Yes,58.39,Low
Female,18,7.6,54.2,76.5,6.3,5,Yes,Graduate,No,86.38,High
Male,17,5.9,92.3,63.3,5.8,8,Yes,School,Yes,81.48,High
Female,23,7.1,93.2,46.9,6.1,8,No,Graduate,Yes,82.17,High
Female,19,3.6,87.8,77.1,5.6,3,Yes,Graduate,Yes,71.14,High
Male,18,1.3,62.1,51.4,4.4,5,No,Postgraduate,No,41.66,Low
Male,23,7.8,76.2,68.0,4.2,8,No,Graduate,Yes,85.56,High
Female,23,1.1,59.2,56.8,4.9,10,Yes,Graduate,Yes,48.8,Low
Male,21,7.6,64.1,91.2,5.3,3,No,Postgraduate,No,89.65,High
Female,22,3.6,75.8,52.6,8.5,3,Yes,Graduate,No,59.38,Low
Female,20,1.1,86.8,63.1,7.1,6,Yes,Postgraduate,No,60.51,Low
Female,18,5.8,54.7,92.8,8.8,7,Yes,Graduate,No,92.89,High
Female,17,7.9,64.8,57.5,5.7,7,Yes,Postgraduate,No,84.19,High
Male,19,7.8,96.3,75.5,6.0,6,Yes,School,No,88.53,High
Male,20,2.1,71.5,57.4,7.6,7,No,Graduate,No,71.43,High
Male,22,2.3,96.9,46.1,6.9,7,Yes,Graduate,No,55.18,Low
Male,23,5.0,99.6,74.5,6.6,4,Yes,School,No,73.25,High
Female,22,5.5,76.3,90.4,6.9,8,No,School,No,85.09,High
Female,18,6.2,64.4,64.9,6.9,8,Yes,School,No,73.24,High
Male,22,2.3,89.5,74.4,7.8,2,Yes,School,Yes,61.92,Low
Female,22,7.7,58.0,73.5,7.3,10,Yes,Graduate,No,83.24,High
Female,19,5.5,62.6,62.8,8.8,5,Yes,Postgraduate,Yes,70.05,High
Female,23,6.9,89.2,73.8,8.7,2,Yes,School,Yes,75.32,High
Male,19,4.8,71.7,54.3,6.1,3,Yes,School,Yes,55.8,Low
Male,19,3.9,60.1,60.8,4.2,3,Yes,School,Yes,60.1,Low
Male,17,7.8,82.6,64.3,4.1,5,Yes,School,No,82.6,High
Female,22,5.1,86.6,87.5,4.6,8,Yes,Postgraduate,Yes,77.07,High
Male,22,7.1,56.3,59.2,4.4,3,Yes,School,Yes,65.9,Low
Male,22,7.7,63.8,74.9,5.9,7,Yes,Graduate,Yes,90.49,High
Male,21,5.7,61.1,51.7,4.3,5,Yes,School,Yes,63.61,Low
Male,19,4.8,69.0,53.9,7.1,10,Yes,School,No,68.2,Low
Male,20,1.0,88.2,75.7,5.0,10,Yes,School,No,63.52,Low
Male,18,1.3,85.7,81.9,6.6,10,Yes,School,No,68.66,Low
Female,23,2.4,83.1,65.4,4.5,4,Yes,School,No,51.79,Low
Female,20,2.3,50.3,58.4,8.1,2,Yes,Graduate,Yes,49.64,Low
Male,23,2.8,57.1,90.1,7.9,6,Yes,Graduate,No,69.14,Low
Male,17,3.1,61.2,47.5,5.9,4,Yes,Graduate,No,55.65,Low
Female,17,3.5,63.6,79.6,8.6,4,No,Graduate,Yes,65.43,Low
Female,23,3.9,57.3,78.0,4.9,5,No,School,No,59.6,Low
Male,22,1.7,70.5,78.0,8.1,9,Yes,School,Yes,68.29,Low
Male,20,1.3,53.8,91.4,6.7,1,Yes,School,Yes,53.79,Low
Male,22,5.7,87.5,80.1,5.6,5,Yes,School,No,73.84,High
Male,21,4.8,89.4,56.6,4.4,5,Yes,Postgraduate,Yes,69.65,Low
Female,17,4.1,78.7,59.4,4.9,2,Yes,School,Yes,66.31,Low
Male,17,5.4,54.5,61.5,8.3,3,Yes,Graduate,Yes,71.05,High
Male,20,6.8,94.5,41.7,7.0,4,Yes,Graduate,Yes,64.29,Low
Male,17,4.0,98.3,90.2,5.2,1,Yes,Graduate,Yes,75.28,High
Male,21,5.5,60.1,44.0,6.5,10,Yes,Graduate,No,68.95,Low
Female,21,7.7,85.2,78.5,4.5,3,Yes,School,Yes,77.57,High
Female,21,6.9,92.1,80.2,4.5,1,Yes,Graduate,No,62.32,Low
Female,18,4.0,77.0,86.4,8.5,1,Yes,Graduate,No,70.41,High
Male,21,5.5,66.2,70.4,6.3,9,Yes,Graduate,No,79.96,High
Male,21,2.2,73.9,79.9,5.8,4,Yes,Postgraduate,Yes,56.91,Low
Female,18,4.9,75.6,56.6,8.7,4,Yes,Graduate,No,61.82,Low
Male,22,7.9,70.0,81.0,6.0,4,Yes,Graduate,No,80.31,High
Male,19,4.6,96.5,58.9,5.7,9,Yes,Graduate,Yes,78.0,High
Female,17,7.5,87.2,89.7,5.4,8,No,Postgraduate,No,98.24,High
Female,21,3.9,62.1,49.0,6.8,4,Yes,Graduate,Yes,51.32,Low
Female,17,8.0,79.3,57.4,6.8,6,Yes,Postgraduate,No,78.58,High
Female,20,5.1,84.4,67.4,4.1,2,Yes,Graduate,No,61.0,Low
Male,17,1.3,57.0,82.7,7.3,6,Yes,Postgraduate,Yes,57.21,Low
Male,23,5.1,67.9,81.2,7.9,1,Yes,Graduate,Yes,65.41,Low
Female,22,2.9,95.3,51.6,7.1,5,Yes,Graduate,No,57.13,Low
Male,18,1.2,78.4,47.9,8.3,8,Yes,School,No,62.53,Low
Female,17,6.7,60.8,56.7,5.4,1,No,School,Yes,54.09,Low
Female,17,2.9,56.1,66.6,5.0,2,Yes,Postgraduate,No,45.24,Low
Male,17,6.6,75.9,69.6,7.5,3,No,Graduate,Yes,73.89,High
Female,19,3.0,77.4,63.6,4.9,7,Yes,Graduate,No,65.23,Low
Male,19,2.4,66.7,76.5,4.5,8,Yes,Postgraduate,No,67.48,Low
Male,20,7.8,81.5,63.5,4.5,4,Yes,School,No,76.2,High
Male,18,3.5,53.4,92.0,7.8,8,Yes,Graduate,No,74.63,High
Male,17,5.2,57.3,54.4,4.1,1,Yes,School,No,44.64,Low
Female,17,5.3,77.3,74.5,5.4,3,No,School,Yes,64.49,Low
Male,17,4.9,53.1,73.6,4.6,4,Yes,Graduate,No,58.93,Low
Female,17,7.4,94.0,55.5,7.8,5,No,School,Yes,85.17,High
Female,19,5.7,57.1,62.6,6.5,9,Yes,Graduate,Yes,75.06,High
Female,22,3.8,83.7,60.1,5.0,2,Yes,Postgraduate,Yes,57.91,Low
Female,22,7.0,69.6,49.5,7.8,7,No,Graduate,No,75.14,High
Male,20,2.3,70.0,66.3,7.8,3,No,Postgraduate,No,53.51,Low
Male,23,4.8,88.2,61.3,6.6,10,No,Graduate,No,77.3,High
Female,21,7.7,75.0,49.8,5.4,2,Yes,School,No,69.16,Low
Female,18,5.4,86.3,64.7,6.9,9,No,Graduate,No,75.76,High
Male,22,6.7,75.3,63.2,8.7,3,Yes,School,No,70.95,High
Female,23,5.6,79.6,47.2,4.3,8,Yes,Graduate,No,69.07,Low
Male,17,6.9,88.0,47.2,5.3,1,Yes,Graduate,No,61.74,Low
Female,22,7.6,80.4,75.6,5.4,5,Yes,Graduate,No,85.14,High
Male,20,2.9,80.8,78.9,7.2,5,Yes,Graduate,No,62.91,Low
Female,21,2.2,89.5,91.8,7.3,6,Yes,Graduate,Yes,61.88,Low
Female,22,4.4,97.5,44.8,5.0,7,Yes,School,No,64.86,Low
Male,20,5.9,68.8,46.5,5.1,3,Yes,Graduate,Yes,64.89,Low
Female,19,2.6,78.9,42.8,8.6,5,Yes,School,No,58.57,Low
Female,21,1.0,54.3,69.3,7.8,8,Yes,Graduate,No,50.5,Low
Male,20,3.4,67.9,74.3,8.7,6,Yes,Graduate,Yes,63.52,Low
Female,23,7.8,70.6,62.2,8.1,2,No,Postgraduate,No,78.77,High
Male,22,5.9,91.8,83.9,6.0,7,Yes,Postgraduate,No,85.26,High
Male,19,3.8,75.7,77.8,4.6,3,Yes,Graduate,No,60.08,Low
Female,23,2.3,86.6,94.2,7.1,10,Yes,Postgraduate,No,71.36,High
Female,20,3.5,51.0,47.6,5.8,9,No,Graduate,Yes,60.16,Low
Female,20,2.2,73.2,43.2,6.1,4,Yes,Graduate,No,40.18,Low
Female,23,1.7,95.1,55.1,6.1,4,No,Graduate,Yes,43.17,Low
Female,22,7.3,61.2,41.0,8.7,4,Yes,Postgraduate,No,74.62,High
Female,21,8.0,51.6,91.3,4.3,10,Yes,Graduate,No,87.3,High
Female,19,2.1,71.7,56.7,5.0,10,No,Postgraduate,Yes,59.27,Low
Male,17,1.4,85.2,70.4,7.0,8,Yes,School,No,63.84,Low
Female,18,3.3,72.7,57.5,8.4,1,Yes,Postgraduate,Yes,58.56,Low
Male,21,4.2,73.0,53.5,8.6,3,Yes,School,Yes,57.71,Low
Female,19,2.4,83.5,48.4,6.8,8,No,Graduate,Yes,60.17,Low
Female,23,3.1,62.7,57.6,4.2,7,Yes,Graduate,No,57.51,Low
Male,20,2.4,87.6,73.8,5.8,6,No,Postgraduate,No,63.25,Low
Female,23,6.4,57.7,93.4,8.6,7,Yes,School,Yes,77.32,High
Female,19,6.0,69.8,70.7,6.5,1,Yes,Postgraduate,No,68.31,Low
Male,23,5.4,82.8,69.3,7.6,8,Yes,School,Yes,80.99,High
Female,23,3.7,91.4,41.9,5.3,4,Yes,School,No,57.21,Low
Female,18,7.4,89.6,86.2,4.1,1,Yes,Postgraduate,No,76.4,High
Female,22,7.8,86.1,42.5,6.9,4,Yes,Postgraduate,No,76.06,High
Male,18,2.2,68.0,89.8,8.2,2,Yes,Graduate,Yes,63.46,Low
Female,17,2.6,56.1,69.6,9.0,5,Yes,Postgraduate,No,62.77,Low
Female,17,4.7,60.8,49.3,8.2,1,Yes,School,No,62.71,Low
Female,18,1.6,93.2,64.8,6.8,1,Yes,School,Yes,54.74,Low
Female,21,4.1,92.9,94.7,7.0,5,No,Postgraduate,Yes,80.06,High
Male,21,5.1,97.6,56.8,8.1,2,No,Graduate,No,64.55,Low
Male,23,4.7,53.8,54.8,4.1,9,Yes,Postgraduate,Yes,56.78,Low
Female,23,3.3,76.8,46.5,8.8,10,Yes,Postgraduate,Yes,70.77,High
Female,20,4.8,82.4,72.8,6.7,7,Yes,Graduate,Yes,80.24,High
Male,17,7.7,85.5,44.9,8.8,4,Yes,Graduate,Yes,82.04,High
Male,20,2.4,82.2,82.1,7.8,7,Yes,Graduate,No,66.06,Low
Female,17,5.6,88.5,90.6,4.8,8,No,School,Yes,81.92,High
Male,18,1.3,68.0,91.3,4.8,8,No,Graduate,Yes,56.87,Low
Female,21,1.5,59.0,45.9,5.8,8,Yes,Postgraduate,No,41.01,Low
Male,23,4.9,60.2,70.7,5.3,5,No,Graduate,No,64.4,Low
Male,21,1.7,50.6,45.3,6.2,7,Yes,School,Yes,53.53,Low
Male,18,1.2,67.5,71.5,7.0,7,Yes,School,Yes,55.91,Low
Male,20,2.2,54.6,84.8,6.2,2,Yes,School,No,62.83,Low
Female,20,5.0,66.1,69.6,4.3,3,Yes,Graduate,No,63.87,Low
Male,19,5.9,81.4,88.0,8.9,2,Yes,Graduate,No,75.42,High
Male,23,2.4,94.7,84.1,6.1,3,No,Graduate,No,64.59,Low
Female,23,5.7,92.0,55.2,8.3,9,Yes,Graduate,No,84.39,High
Male,23,2.3,62.6,74.7,4.4,7,Yes,School,Yes,63.98,Low
Male,17,5.3,56.7,40.4,8.1,4,Yes,Postgraduate,No,62.34,Low
Female,20,3.9,59.7,61.8,4.9,8,No,Graduate,No,54.78,Low
Male,18,5.6,98.5,53.1,7.4,7,No,Graduate,No,74.86,High
Female,20,8.0,77.5,91.5,7.3,10,Yes,Graduate,No,98.32,High
Female,21,7.6,59.1,62.3,8.5,6,No,School,No,79.58,High
Female,17,1.0,92.0,76.0,5.6,4,Yes,School,No,57.97,Low
Female,23,7.2,69.8,80.3,4.5,5,Yes,Postgraduate,Yes,80.14,High
Male,22,1.5,95.0,82.5,8.3,10,Yes,School,Yes,71.84,High
Female,19,7.7,63.0,80.5,5.7,8,Yes,School,No,80.07,High
Male,17,3.0,69.7,55.9,5.2,3,Yes,School,No,50.33,Low
Male,21,3.7,75.2,77.7,6.4,3,Yes,Postgraduate,No,62.19,Low
Male,23,1.6,94.6,70.2,4.7,5,Yes,Graduate,No,58.08,Low
Male,21,1.8,93.4,72.9,5.5,9,Yes,Graduate,No,74.3,High
Male,21,6.1,78.7,40.0,5.9,5,No,Graduate,Yes,64.61,Low
Male,23,7.6,61.1,54.2,5.4,1,Yes,Postgraduate,No,61.71,Low
Male,21,5.3,70.2,91.2,6.3,5,Yes,Postgraduate,Yes,84.04,High
Male,18,6.0,98.8,56.0,5.9,9,No,Graduate,No,71.65,High
Male,19,6.3,80.4,64.1,7.9,7,No,Graduate,Yes,72.56,High
Male,22,2.8,89.1,50.3,8.6,9,Yes,School,Yes,69.37,Low
Female,21,1.3,72.5,47.6,4.5,10,Yes,Graduate,Yes,43.21,Low
Female,21,1.0,76.6,51.5,8.1,10,Yes,Graduate,No,53.93,Low
Female,20,3.5,71.4,70.5,8.7,5,Yes,School,Yes,63.78,Low
Male,19,2.7,85.1,90.5,7.4,3,Yes,School,No,63.62,Low
Female,17,1.4,92.6,57.9,9.0,2,Yes,Postgraduate,No,49.22,Low
Female,19,2.3,75.4,57.8,5.7,9,Yes,School,No,61.38,Low
Female,19,1.9,74.0,71.0,8.2,5,Yes,School,No,59.68,Low
Male,23,7.4,67.0,59.6,7.4,1,Yes,Graduate,Yes,66.67,Low
Male,23,2.0,58.9,90.1,5.6,2,Yes,School,No,48.84,Low
Male,23,4.8,97.0,60.8,7.5,2,Yes,Graduate,No,65.95,Low
Male,22,5.2,65.8,67.0,6.5,4,No,School,Yes,64.12,Low
Female,19,4.8,90.0,69.3,4.9,6,No,School,No,73.15,High
Female,22,1.7,85.8,83.0,4.9,8,Yes,Graduate,No,63.26,Low
Female,21,3.2,89.5,71.0,7.6,3,Yes,Graduate,No,62.66,Low
Female,23,1.4,96.8,53.2,7.6,10,Yes,Graduate,No,67.55,Low
Male,21,3.8,81.2,46.8,6.7,10,Yes,Postgraduate,No,74.09,High
Male,23,2.3,94.9,91.6,6.5,6,Yes,Graduate,Yes,72.38,High
Male,18,4.9,58.4,84.1,4.9,4,Yes,Graduate,Yes,60.77,Low
Female,22,5.8,81.3,41.3,6.1,8,Yes,School,No,63.64,Low
Male,22,4.7,88.6,85.2,8.4,9,Yes,Postgraduate,Yes,89.44,High
Male,17,4.0,63.6,72.5,8.3,9,Yes,Postgraduate,No,73.38,High
Female,20,3.7,87.0,68.5,7.3,6,Yes,Graduate,No,67.78,Low
Female,19,6.9,88.9,40.7,9.0,2,Yes,School,No,74.45,High
Male,17,2.5,91.6,82.9,8.5,2,Yes,Graduate,Yes,75.76,High
Male,22,6.1,65.6,50.9,4.7,10,Yes,School,Yes,69.95,Low
Male,17,6.3,84.1,80.0,6.0,9,Yes,Postgraduate,No,89.17,High
Male,18,3.9,65.2,40.9,4.7,5,Yes,Graduate,Yes,56.93,Low
Male,20,3.1,87.0,83.8,6.3,7,Yes,Graduate,Yes,64.94,Low
Male,22,4.3,73.1,41.3,7.9,6,Yes,School,Yes,61.19,Low
Female,22,1.7,79.9,53.0,4.8,9,Yes,School,Yes,58.05,Low
Female,19,1.3,70.8,54.8,8.4,5,Yes,Graduate,Yes,55.09,Low
Female,23,1.8,58.1,48.7,6.8,8,Yes,Graduate,No,52.47,Low
Male,20,2.3,58.9,66.5,7.7,4,Yes,Graduate,Yes,52.22,Low
Female,18,4.5,53.9,55.6,4.2,7,Yes,School,No,56.46,Low
Male,21,6.9,80.9,94.6,4.5,9,Yes,School,No,87.31,High
Male,17,2.6,92.4,71.9,7.1,2,Yes,School,No,58.77,Low
Female,19,7.5,51.0,71.2,8.2,9,Yes,Postgraduate,No,83.59,High
Male,22,7.7,53.3,52.1,8.4,8,Yes,Graduate,Yes,84.7,High
Male,21,7.7,72.9,62.5,7.4,10,Yes,Postgraduate,No,95.17,High
Female,18,6.9,86.9,46.8,5.0,1,Yes,Graduate,Yes,72.79,High
Female,20,3.5,57.9,81.9,5.0,10,Yes,Postgraduate,No,65.69,Low
Female,17,1.5,63.6,58.2,8.4,7,Yes,School,No,66.09,Low
Male,19,5.0,61.6,81.4,4.6,5,Yes,Graduate,Yes,71.22,High
Female,22,4.9,70.0,60.4,7.4,5,Yes,School,No,60.75,Low
Female,22,6.9,61.2,94.4,6.7,7,Yes,Graduate,No,83.94,High
Male,21,8.0,67.6,49.4,6.1,10,No,Graduate,No,85.51,High
Female,21,4.6,86.4,40.1,6.2,4,No,Graduate,Yes,60.25,Low
Female,17,3.4,80.6,72.7,8.7,1,No,Postgraduate,Yes,57.75,Low
Female,20,2.3,54.1,92.4,8.3,6,No,Graduate,No,64.89,Low
Male,18,1.0,81.9,75.6,8.3,1,No,Postgraduate,Yes,53.54,Low
Male,23,4.6,73.9,44.7,6.0,1,No,Graduate,Yes,54.09,Low
Male,20,4.9,96.7,69.7,4.5,8,Yes,Graduate,Yes,74.33,High
Male,20,6.8,64.5,90.0,9.0,4,Yes,Graduate,Yes,78.92,High
Female,20,4.5,86.3,40.4,4.7,5,Yes,Graduate,No,58.73,Low
Male,23,7.4,86.5,49.2,6.6,10,Yes,Graduate,No,84.74,High
Male,17,5.4,61.1,84.8,5.3,10,Yes,Graduate,No,84.23,High
Female,23,6.9,95.2,89.2,6.6,1,No,Postgraduate,No,90.28,High
Female,17,2.0,74.6,78.9,5.5,10,No,Graduate,No,70.63,High
Female,23,7.0,83.9,94.5,8.5,7,Yes,Graduate,Yes,93.82,High
Male,18,5.7,57.3,45.0,8.8,2,Yes,School,Yes,59.85,Low
Male,20,2.2,62.9,70.0,6.1,6,Yes,School,Yes,57.44,Low
Male,17,2.3,79.3,77.7,4.4,9,Yes,Graduate,No,64.56,Low
Female,23,7.5,66.0,78.6,7.3,2,Yes,Graduate,No,79.09,High
Female,18,1.2,75.0,83.6,5.9,6,No,School,Yes,50.15,Low
Male,23,4.2,68.7,90.5,8.9,5,No,Postgraduate,Yes,78.15,High
Female,22,3.2,82.0,59.9,4.4,2,Yes,Postgraduate,No,52.83,Low
Female,18,5.7,74.4,42.4,4.6,9,Yes,Graduate,Yes,64.01,Low
Female,20,6.9,50.2,59.9,7.5,2,Yes,Graduate,Yes,64.16,Low
Male,19,3.5,82.5,76.9,7.8,1,Yes,Graduate,No,59.17,Low
Female,20,4.0,71.1,51.7,6.4,9,Yes,Graduate,No,77.95,High
Female,19,7.9,67.1,84.5,5.4,9,No,School,No,87.24,High
Male,18,6.5,54.7,52.1,5.5,9,Yes,Graduate,No,72.56,High
Male,22,7.3,61.0,40.6,5.7,8,Yes,Postgraduate,No,67.16,Low
Female,22,4.1,61.2,67.9,5.1,4,No,Graduate,No,64.8,Low
Female,17,2.6,96.8,80.0,8.3,9,Yes,Graduate,No,69.5,Low
Male,22,3.9,71.6,59.2,4.3,2,Yes,Postgraduate,No,59.95,Low
Male,21,6.0,52.1,81.2,6.0,1,Yes,Graduate,Yes,67.97,Low
Female,18,1.8,56.9,64.1,7.7,10,Yes,Graduate,No,62.2,Low
Female,17,2.9,54.0,49.4,4.0,7,Yes,Graduate,No,54.56,Low
Female,22,1.3,79.4,45.0,8.4,6,Yes,Postgraduate,No,50.64,Low
Female,18,4.0,59.3,79.1,7.5,3,Yes,Postgraduate,No,67.01,Low
Male,20,6.8,74.9,61.2,4.4,2,No,Graduate,No,66.39,Low
Female,22,1.2,68.5,90.2,8.5,8,Yes,Graduate,Yes,62.98,Low
Female,23,5.7,90.2,69.7,6.4,4,Yes,School,No,69.7,Low
Male,19,7.5,66.0,59.2,7.3,6,Yes,Graduate,No,82.49,High
Female,18,2.7,72.9,59.2,8.4,4,Yes,School,No,63.34,Low
Male,17,5.9,86.1,47.2,8.4,9,No,Graduate,Yes,87.49,High
Female,20,7.8,71.7,72.7,6.0,5,No,Graduate,No,79.54,High
Female,21,7.7,89.7,72.0,5.2,6,Yes,Graduate,Yes,82.31,High
Male,20,2.6,83.1,84.0,5.3,9,Yes,Graduate,Yes,68.22,Low
Male,22,1.7,70.5,51.1,7.8,6,Yes,School,Yes,45.34,Low
Female,19,2.0,75.2,56.0,8.6,2,No,Graduate,No,53.15,Low
Female,20,5.9,98.4,45.3,4.4,1,Yes,School,No,63.75,Low
Female,21,6.1,83.1,56.2,4.1,9,Yes,School,Yes,73.5,High
Male,23,5.7,95.2,63.5,8.1,2,Yes,Graduate,No,78.27,High
Female,17,3.4,58.9,93.0,5.9,2,Yes,Graduate,No,57.76,Low
Male,18,2.2,74.2,75.9,5.4,4,Yes,Graduate,No,52.63,Low
Male,19,5.1,95.4,83.1,4.9,10,No,Graduate,Yes,88.41,High
Female,21,4.4,66.1,57.9,5.7,10,Yes,Postgraduate,No,73.83,High
Male,22,6.1,98.4,47.9,8.9,3,Yes,Graduate,No,69.19,Low
Female,22,4.1,54.9,54.1,8.9,7,Yes,Graduate,No,47.31,Low
Female,22,3.4,95.1,54.1,5.7,7,No,Graduate,No,63.84,Low
Female,19,3.1,72.3,72.1,8.8,3,Yes,Postgraduate,No,58.32,Low
Female,20,2.5,53.7,58.8,5.5,3,Yes,School,No,59.11,Low
Female,19,2.9,94.0,87.2,8.3,9,Yes,Graduate,Yes,85.21,High
Male,22,1.7,62.6,94.4,5.1,7,No,School,Yes,61.73,Low
Male,23,3.4,51.1,58.9,8.1,3,Yes,School,Yes,54.52,Low
Female,21,1.3,56.8,78.8,5.8,3,Yes,Postgraduate,No,54.23,Low
Female,18,2.3,83.0,76.2,5.0,3,Yes,Graduate,Yes,58.91,Low
Male,18,6.2,98.9,50.7,8.7,9,Yes,Graduate,No,81.64,High
Male,19,3.3,55.6,90.5,5.1,8,Yes,Graduate,Yes,73.56,High
Male,22,5.7,73.1,51.0,9.0,7,Yes,Postgraduate,Yes,78.76,High
Male,17,6.0,59.0,80.5,4.5,8,Yes,School,No,83.78,High
Female,23,5.1,87.3,59.1,4.1,1,Yes,School,No,64.44,Low
Female,19,7.7,55.9,60.2,8.4,9,Yes,Postgraduate,No,85.35,High
Male,22,1.2,62.0,65.0,6.9,5,Yes,Graduate,No,54.33,Low
Female,20,6.2,59.8,87.5,6.1,5,Yes,Postgraduate,No,76.28,High
Male,18,7.7,77.6,47.7,4.4,5,Yes,Graduate,No,74.3,High
Female,18,7.0,93.7,43.0,6.9,9,Yes,Graduate,No,77.13,High
Male,23,2.2,75.6,62.1,6.0,5,Yes,School,Yes,48.97,Low
Female,18,3.3,52.9,43.1,6.4,2,No,Graduate,No,47.29,Low
Male,17,2.2,78.2,77.8,7.2,6,Yes,Graduate,No,71.74,High
Male,22,5.2,89.9,81.8,7.2,7,Yes,School,No,79.12,High
Female,22,6.0,56.6,87.0,8.8,7,Yes,Graduate,No,83.35,High
Male,23,3.2,53.6,80.9,7.3,7,No,School,No,61.16,Low
Female,22,4.8,59.4,90.4,5.7,2,Yes,Graduate,Yes,71.09,High
Female,23,5.8,87.3,81.2,5.6,6,Yes,School,No,78.2,High
Male,22,3.9,79.6,91.5,6.4,9,Yes,Graduate,No,85.75,High
Female,17,7.0,77.0,50.6,5.3,1,Yes,Graduate,Yes,62.0,Low
Female,21,6.4,62.5,67.5,5.9,3,Yes,Graduate,Yes,77.19,High
Female,19,1.5,66.6,94.7,8.2,6,No,Graduate,No,70.17,High
Female,19,5.3,98.3,77.5,8.3,7,Yes,Graduate,No,79.77,High
Female,22,2.6,62.0,88.3,7.1,2,Yes,School,No,56.17,Low
Male,20,4.9,95.1,41.7,6.9,10,Yes,Graduate,No,70.29,High
Female,18,7.7,79.0,87.9,6.1,8,Yes,Graduate,No,97.55,High
Female,17,7.2,56.2,78.4,7.2,6,Yes,Graduate,No,72.51,High
Female,20,3.8,73.4,49.4,8.0,9,Yes,Graduate,Yes,68.16,Low
Female,20,3.0,97.4,41.4,7.7,9,Yes,Graduate,No,57.0,Low
Female,22,2.6,70.9,54.3,4.2,9,Yes,Graduate,No,51.34,Low
Male,17,4.7,93.2,90.4,7.7,9,Yes,Graduate,No,77.7,High
Female,19,1.8,62.8,76.7,7.6,2,No,Graduate,Yes,50.25,Low
Male,18,4.8,78.5,90.6,4.5,10,Yes,Graduate,No,76.38,High
Male,19,1.0,92.2,64.5,4.8,10,Yes,Graduate,Yes,56.97,Low
Male,20,3.3,96.0,91.5,7.9,7,Yes,Graduate,Yes,74.17,High
Male,18,2.5,74.3,65.5,6.8,5,Yes,School,Yes,58.17,Low
Female,21,7.8,82.0,51.2,8.1,9,Yes,Postgraduate,No,80.57,High
Male,20,6.1,50.1,48.3,4.9,1,Yes,Graduate,No,50.99,Low
Male,19,3.4,62.7,94.7,4.2,10,Yes,School,Yes,85.33,High
Female,19,1.6,63.9,58.4,4.8,7,Yes,Postgraduate,Yes,49.53,Low
Female,22,4.6,54.7,48.8,6.3,10,Yes,Graduate,Yes,55.09,Low
Female,19,2.5,64.0,40.5,6.6,5,No,Graduate,No,53.59,Low
Male,17,4.8,66.1,55.7,8.3,9,Yes,Postgraduate,No,68.91,Low
Female,20,6.8,98.4,88.9,7.6,7,Yes,Graduate,Yes,87.31,High
Female,23,5.3,83.4,69.4,9.0,4,Yes,School,No,68.89,Low
Male,23,5.4,71.3,74.8,4.4,8,Yes,Graduate,Yes,77.5,High
Female,18,4.8,99.4,90.7,4.7,9,Yes,Graduate,No,85.96,High
Female,19,7.5,57.7,68.2,4.4,9,No,School,No,77.01,High
Female,22,7.5,73.8,86.1,6.7,10,Yes,Postgraduate,No,93.55,High
Female,22,4.6,82.4,57.8,5.3,4,Yes,Graduate,Yes,64.61,Low
Male,19,3.1,52.8,93.7,7.4,6,Yes,Postgraduate,No,69.08,Low
Female,17,4.2,85.8,44.3,4.7,4,Yes,School,No,53.2,Low
Female,22,2.3,55.0,79.9,4.5,1,Yes,Graduate,No,54.06,Low
Male,23,5.5,57.0,76.3,6.3,6,Yes,School,No,67.17,Low
Female,18,4.5,58.0,50.5,5.9,8,Yes,Graduate,Yes,62.91,Low
Male,20,1.7,96.4,61.4,8.1,6,Yes,School,No,59.78,Low
Female,21,2.4,84.2,57.2,8.2,3,Yes,Graduate,No,56.56,Low
Male,17,4.4,82.8,45.2,4.6,8,Yes,School,No,70.61,High
Male,22,7.2,77.8,72.2,8.1,10,Yes,Graduate,Yes,89.76,High
Male,20,5.0,64.6,94.7,6.8,9,Yes,School,No,86.43,High
Male,21,5.8,81.0,70.8,6.5,1,Yes,Graduate,No,69.65,Low
Female,19,3.4,70.5,70.0,4.5,6,Yes,School,Yes,71.62,High
Male,19,5.0,57.3,42.2,7.7,10,Yes,Graduate,Yes,69.28,Low
Female,18,4.1,84.5,47.7,4.3,8,Yes,Graduate,No,56.82,Low
Male,21,5.6,56.5,68.2,5.4,2,Yes,School,Yes,57.89,Low
Male,19,1.4,59.5,94.2,4.5,4,Yes,School,No,52.67,Low
Male,19,4.5,90.9,88.2,6.7,1,Yes,Graduate,No,69.35,Low
Female,23,3.1,83.0,58.7,7.2,4,No,Graduate,Yes,56.53,Low
Male,22,3.3,81.5,69.9,8.5,2,Yes,School,No,54.85,Low
Female,18,7.7,70.9,70.4,7.7,3,Yes,Postgraduate,Yes,78.0,High
Female,20,2.3,69.8,77.7,8.8,4,Yes,Graduate,No,50.56,Low
Female,19,3.2,84.5,77.8,7.8,3,Yes,School,No,74.0,High
Female,23,4.6,87.0,83.4,5.5,6,Yes,Postgraduate,Yes,74.89,High
Female,17,7.0,75.5,41.4,6.7,7,Yes,Postgraduate,No,80.84,High
Female,17,3.9,98.5,91.9,6.3,7,No,Graduate,No,74.89,High
Female,20,6.2,97.8,43.9,6.8,1,Yes,Postgraduate,Yes,65.28,Low
Female,21,7.0,70.6,66.2,6.9,5,Yes,School,No,81.25,High
Female,18,3.2,91.0,90.6,7.5,3,Yes,Postgraduate,Yes,79.73,High
Male,23,3.7,77.2,66.8,4.4,1,Yes,School,No,59.06,Low
Male,22,3.5,75.6,43.5,7.7,1,Yes,Graduate,No,45.09,Low
Male,23,6.8,52.7,52.6,4.7,2,Yes,Graduate,No,61.11,Low
Male,17,1.3,78.7,71.8,4.1,10,Yes,School,Yes,55.85,Low
Male,17,3.2,95.0,44.8,6.6,8,Yes,Postgraduate,No,68.61,Low
Female,20,5.8,89.0,63.3,6.9,4,Yes,School,No,75.39,High
Female,21,5.0,89.3,58.1,4.2,10,Yes,Postgraduate,No,79.67,High
Female,21,4.1,58.0,84.8,6.6,3,No,Graduate,Yes,67.32,Low
Female,20,4.8,67.9,46.1,6.7,8,Yes,Graduate,No,67.02,Low
Female,23,2.4,61.7,77.6,4.3,2,No,School,No,46.02,Low
Female,17,4.0,65.8,62.4,7.6,9,Yes,Graduate,Yes,67.43,Low
Female,23,4.5,79.0,72.3,5.1,4,Yes,Graduate,Yes,70.14,High
Male,23,7.3,68.2,51.3,8.0,9,Yes,Graduate,No,75.58,High
Male,18,2.8,78.0,73.5,5.6,1,Yes,Graduate,No,50.16,Low
Male,17,7.1,71.9,77.1,6.4,5,Yes,School,Yes,83.95,High
Male,21,5.5,64.3,43.9,8.5,10,Yes,School,Yes,71.73,High
Female,22,1.1,54.8,85.3,8.0,7,Yes,Postgraduate,Yes,64.98,Low
Female,23,6.1,94.6,87.4,7.9,4,Yes,Graduate,No,82.1,High
Female,17,1.2,50.6,43.5,4.8,5,Yes,Graduate,Yes,41.23,Low
Male,23,8.0,50.1,73.2,4.2,9,Yes,School,No,80.61,High
Female,18,7.1,91.3,72.7,7.0,6,Yes,Graduate,No,85.76,High
Female,19,3.1,99.8,40.7,6.1,6,Yes,Graduate,No,69.55,Low
Female,17,2.8,86.4,58.8,8.5,2,Yes,School,No,63.76,Low
Male,20,3.7,50.8,93.3,5.7,1,Yes,Graduate,Yes,65.55,Low
Female,19,3.5,61.3,70.5,6.1,4,Yes,School,No,54.53,Low
Male,23,3.6,98.6,91.3,6.6,10,No,Graduate,No,81.44,High
Male,20,3.2,90.4,77.2,8.0,3,No,Graduate,No,67.01,Low
Male,20,5.3,78.3,41.6,5.3,7,Yes,School,Yes,63.05,Low
Male,20,2.1,61.8,44.3,8.7,7,No,School,No,57.13,Low
Female,17,6.9,50.7,79.7,6.7,6,No,School,No,80.68,High
Male,21,6.7,51.0,70.5,8.2,5,Yes,School,Yes,66.92,Low
Male,23,4.3,80.6,47.0,6.6,3,Yes,Graduate,No,57.73,Low
Female,19,7.0,51.1,73.8,7.9,4,No,School,No,67.18,Low
Female,18,2.7,99.7,84.6,4.3,5,Yes,Graduate,Yes,63.22,Low
Male,21,1.1,59.2,81.4,8.0,4,Yes,Graduate,Yes,57.75,Low
Female,23,5.3,85.5,53.5,6.6,3,Yes,Postgraduate,Yes,70.34,High
Male,17,4.2,57.8,54.2,6.2,2,Yes,School,Yes,43.25,Low
Male,20,5.0,77.0,93.2,4.6,5,Yes,School,No,76.15,High
Male,18,7.3,54.0,88.8,7.7,2,Yes,School,No,82.67,High
Male,23,7.8,88.3,57.5,4.7,2,Yes,Graduate,No,65.26,Low
Female,19,5.4,79.2,85.3,5.0,2,Yes,Graduate,No,70.72,High
Male,23,6.3,54.3,48.9,4.6,2,Yes,Graduate,Yes,48.26,Low
Female,21,1.6,92.4,50.8,4.0,8,Yes,School,No,56.1,Low
Female,22,2.1,77.4,50.0,7.3,7,Yes,School,No,63.33,Low
Female,21,6.1,96.1,44.8,5.4,9,Yes,Graduate,No,77.35,High
Female,23,4.0,95.8,87.0,4.7,3,No,School,No,68.16,Low
Male,18,4.1,96.0,71.8,5.6,1,Yes,Postgraduate,No,69.55,Low
Female,23,3.2,53.9,54.2,6.5,6,Yes,School,No,50.9,Low
Male,23,5.3,56.0,86.7,6.5,9,Yes,Graduate,Yes,86.16,High
Female,17,2.3,99.4,84.1,5.8,1,Yes,School,Yes,62.45,Low
Female,19,5.4,74.4,45.6,6.5,1,Yes,Postgraduate,Yes,56.07,Low
Male,18,2.2,61.9,75.4,6.1,4,Yes,Graduate,Yes,57.72,Low
Male,23,1.4,88.5,79.7,8.1,10,Yes,Graduate,Yes,72.48,High
Male,20,3.3,63.2,79.4,4.1,1,Yes,Graduate,No,61.53,Low
Female,19,2.6,86.4,79.8,8.3,9,Yes,Graduate,Yes,76.19,High
Female,21,7.2,91.9,49.3,5.2,6,Yes,School,No,80.63,High
Male,18,1.4,89.2,57.3,7.6,5,Yes,Postgraduate,Yes,55.25,Low
Male,21,2.2,63.7,86.4,6.0,5,Yes,Graduate,No,58.63,Low
Male,23,4.8,70.1,89.4,5.5,2,Yes,Graduate,No,68.34,Low
Male,21,4.4,70.7,55.4,7.1,3,Yes,Graduate,No,64.26,Low
Female,21,1.3,74.6,41.3,7.8,7,Yes,Graduate,No,53.44,Low
Male,17,1.1,58.4,87.3,6.2,4,Yes,Graduate,No,50.92,Low
Male,21,7.9,72.6,60.7,6.3,6,Yes,Graduate,Yes,74.26,High
Male,20,5.6,75.5,58.1,4.3,8,Yes,Graduate,Yes,74.54,High
Male,20,3.6,76.6,59.1,8.6,1,No,Postgraduate,No,66.3,Low
Female,19,4.3,91.0,62.9,8.2,6,Yes,Postgraduate,No,71.19,High
Male,23,2.9,75.9,60.8,6.0,1,Yes,School,Yes,57.48,Low
Female,22,3.4,61.5,71.2,7.8,8,Yes,Graduate,Yes,61.1,Low
Male,21,5.5,83.2,44.3,5.6,4,Yes,School,No,68.03,Low
Male,21,7.2,89.9,93.4,7.7,5,Yes,School,No,89.05,High
Female,18,2.3,66.0,91.5,6.6,10,Yes,School,No,74.6,High
Male,17,6.9,82.3,91.4,6.3,2,Yes,School,Yes,91.99,High
Female,22,1.9,57.3,88.4,4.3,3,Yes,Postgraduate,No,58.19,Low
Female,19,2.5,67.1,76.3,8.8,7,Yes,Graduate,Yes,61.43,Low
Male,22,1.3,95.5,52.2,8.2,7,Yes,School,Yes,53.05,Low
Female,21,2.0,95.6,42.7,8.0,8,Yes,Graduate,Yes,51.1,Low
Female,18,7.4,78.8,45.5,5.5,3,Yes,School,No,69.1,Low
Female,23,4.2,85.1,57.8,5.4,2,Yes,Graduate,No,55.36,Low
Female,17,1.5,92.7,67.7,6.9,2,Yes,Graduate,No,45.98,Low
Female,23,7.7,97.9,94.6,8.2,6,No,Graduate,No,100.0,High
Female,19,7.2,74.5,63.9,8.7,2,Yes,Postgraduate,No,75.4,High
Female,22,6.3,78.1,68.9,5.3,4,Yes,Graduate,No,74.51,High
Female,19,7.5,70.8,78.2,7.0,9,Yes,Graduate,Yes,83.2,High
Male,21,2.5,53.6,49.9,7.6,10,Yes,Postgraduate,Yes,62.71,Low
Male,19,6.9,71.1,91.3,5.1,3,Yes,Graduate,Yes,77.03,High
Female,23,5.8,89.5,69.1,6.0,1,Yes,Graduate,Yes,64.78,Low
Male,18,7.1,90.2,55.2,4.9,2,Yes,Graduate,Yes,72.96,High
Female,19,6.6,94.6,91.4,7.5,10,Yes,Graduate,No,92.93,High
Female,20,3.4,52.6,74.4,8.3,10,No,Graduate,Yes,76.89,High
Male,18,6.4,76.4,66.6,8.4,7,Yes,Graduate,Yes,80.81,High
Female,22,2.8,55.4,71.9,7.4,9,Yes,Graduate,No,54.31,Low
Female,17,3.3,60.0,81.2,5.7,9,No,Postgraduate,Yes,71.46,High
Female,17,1.8,95.0,48.5,7.3,4,Yes,Graduate,Yes,67.44,Low
Female,21,7.5,74.8,87.6,8.3,8,Yes,Postgraduate,Yes,87.07,High
Male,21,3.0,87.9,92.8,7.1,1,Yes,Graduate,No,58.17,Low
Female,20,4.6,53.2,71.2,6.1,6,Yes,Graduate,Yes,74.98,High
Female,22,3.7,70.8,77.5,8.6,8,No,Postgraduate,Yes,68.87,Low
Female,23,7.7,83.7,87.3,8.2,2,Yes,Postgraduate,No,85.63,High
Male,17,3.3,56.7,60.6,8.4,8,Yes,Graduate,Yes,56.5,Low
Female,17,6.4,66.3,94.6,8.5,4,Yes,Graduate,No,77.91,High
Male,17,7.0,53.2,77.4,6.0,2,Yes,Graduate,Yes,69.09,Low
Male,23,4.0,82.6,63.3,8.3,4,Yes,Graduate,No,67.31,Low
Female,17,3.6,98.5,77.3,6.9,8,Yes,School,No,71.46,High
Female,19,6.2,91.4,68.7,4.2,4,Yes,Graduate,Yes,74.59,High
Male,22,7.4,98.7,46.1,7.2,8,Yes,School,No,77.33,High
Female,18,6.3,92.3,83.8,6.4,7,Yes,Graduate,No,87.27,High
Male,18,2.6,92.8,71.0,5.4,5,Yes,Postgraduate,No,61.83,Low
Male,20,7.2,78.9,83.8,8.9,8,Yes,School,No,89.95,High
Female,19,3.7,75.9,48.5,4.3,2,No,School,No,49.18,Low
Female,17,5.0,70.3,69.6,8.7,3,Yes,Postgraduate,No,72.07,High
Male,17,6.8,90.9,82.2,4.8,4,Yes,Graduate,Yes,84.97,High
Male,21,2.3,59.1,94.4,5.9,10,Yes,Graduate,Yes,68.55,Low
Male,21,6.5,52.8,88.6,6.1,5,Yes,Graduate,Yes,74.76,High
Male,20,5.2,97.4,87.5,7.7,5,Yes,School,Yes,91.27,High
Female,17,7.3,50.2,53.6,5.1,1,Yes,School,No,64.32,Low
Female,20,2.2,98.8,86.1,8.9,1,Yes,Postgraduate,No,68.08,Low
Female,19,3.9,86.4,49.3,7.7,1,Yes,Graduate,Yes,63.75,Low
Female,18,6.8,66.4,50.9,7.9,5,Yes,School,Yes,69.61,Low
Female,17,1.1,84.9,46.1,4.5,2,Yes,School,No,49.94,Low
Male,22,1.8,90.9,87.2,6.4,3,Yes,Graduate,Yes,52.75,Low
Female,23,7.9,62.3,46.0,8.7,8,Yes,School,No,87.36,High
Female,19,3.0,88.5,47.6,5.4,10,Yes,School,No,61.06,Low
Female,17,7.8,90.2,53.5,4.7,8,Yes,School,No,84.66,High
Female,23,2.3,62.5,71.5,6.4,10,Yes,School,No,67.96,Low
Female,22,3.5,52.1,88.4,8.7,2,Yes,Graduate,Yes,60.13,Low
Male,21,6.3,60.2,63.0,6.4,8,Yes,Postgraduate,Yes,79.51,High
Male,20,5.6,60.0,70.0,6.0,9,No,Graduate,Yes,79.43,High
Male,21,5.1,53.3,49.2,7.3,10,Yes,School,No,67.94,Low
Female,18,4.7,86.3,54.6,8.7,10,Yes,School,Yes,71.45,High
Male,21,6.9,69.0,47.4,4.2,6,Yes,Postgraduate,No,76.08,High
Male,17,2.6,94.2,62.5,4.8,1,No,Graduate,Yes,55.96,Low
Female,22,4.1,62.6,72.5,4.7,3,Yes,Graduate,No,65.99,Low
Female,21,2.1,72.7,55.6,4.4,5,Yes,Postgraduate,Yes,39.83,Low
Female,17,5.2,82.0,86.5,5.5,3,Yes,Graduate,No,76.37,High
Male,18,2.8,93.9,94.0,5.1,3,Yes,Graduate,Yes,65.25,Low
Male,23,3.3,76.2,46.6,6.7,9,Yes,Postgraduate,No,62.25,Low
Female,22,4.3,68.7,41.0,5.6,5,Yes,Graduate,No,60.63,Low
Female,21,1.2,93.4,83.4,6.0,8,Yes,Graduate,Yes,57.08,Low
Male,20,1.6,65.5,50.5,8.7,7,Yes,Graduate,No,50.41,Low
Male,20,5.8,54.0,59.4,4.8,4,Yes,Postgraduate,No,64.54,Low
Female,22,4.0,72.3,61.7,5.9,3,Yes,Postgraduate,Yes,51.0,Low
Female,20,7.1,89.3,90.4,5.3,3,Yes,Graduate,No,84.78,High
Male,21,5.9,51.5,76.2,6.7,2,Yes,Graduate,No,60.53,Low
Female,21,1.1,79.3,42.2,7.7,5,Yes,Postgraduate,Yes,57.16,Low
Male,22,5.3,79.7,40.8,8.1,2,Yes,Graduate,No,63.34,Low
Male,21,1.7,96.4,51.0,6.6,2,Yes,Graduate,No,54.65,Low
Male,23,6.5,64.3,57.5,8.3,4,Yes,School,No,65.42,Low
Male,17,7.9,63.9,66.6,7.9,6,Yes,Graduate,No,81.39,High
Female,18,4.7,72.0,86.1,4.8,6,No,School,No,71.05,High
Female,23,5.8,67.8,57.3,5.2,8,Yes,Graduate,No,73.57,High
Male,23,2.7,86.8,60.7,7.4,6,Yes,Graduate,No,66.42,Low
Male,20,4.1,82.1,58.1,8.9,6,No,Graduate,No,67.58,Low
Male,17,7.0,87.9,40.5,5.9,4,Yes,Graduate,No,70.2,High
Male,22,2.2,91.0,92.5,5.1,5,Yes,Graduate,Yes,66.09,Low
Male,20,2.9,96.1,47.6,8.3,7,Yes,Graduate,Yes,72.85,High
Female,17,4.1,71.5,55.8,5.0,10,Yes,Postgraduate,No,61.84,Low
Female,21,6.0,99.2,47.1,7.5,9,Yes,School,No,72.11,High
Female,22,3.6,60.8,67.0,4.2,4,Yes,Graduate,Yes,58.39,Low
Female,22,7.5,85.7,91.3,4.1,10,Yes,Postgraduate,No,90.54,High
Male,20,1.7,76.7,45.5,6.3,1,Yes,Postgraduate,Yes,38.5,Low
Male,21,3.6,90.8,64.2,7.3,6,Yes,Postgraduate,No,70.05,High
Male,20,6.0,73.8,41.2,4.7,2,Yes,Postgraduate,No,53.44,Low
Male,19,2.6,89.2,82.4,7.8,7,Yes,Graduate,No,71.9,High
Male,17,5.6,96.5,75.3,4.6,6,Yes,School,Yes,76.76,High
Female,19,2.1,86.6,78.5,6.7,9,Yes,School,Yes,69.01,Low
Male,17,1.4,88.8,66.0,5.5,6,Yes,School,No,53.23,Low
Female,18,1.8,53.4,89.9,7.8,6,Yes,School,No,57.11,Low
Female,23,7.5,60.2,62.5,8.0,4,No,Postgraduate,Yes,73.18,High
Female,22,4.9,98.7,68.3,4.3,9,Yes,Graduate,Yes,85.72,High
Female,20,6.6,84.7,78.2,5.0,3,Yes,School,Yes,68.57,Low
Male,18,3.3,78.1,68.6,8.5,1,Yes,Graduate,No,61.66,Low
Female,18,5.1,68.3,50.4,6.1,10,Yes,Graduate,No,64.46,Low
Female,22,4.5,52.2,57.4,6.4,8,No,School,No,64.85,Low
Female,22,7.6,68.5,45.1,4.8,8,No,School,No,74.47,High
Male,17,6.2,74.9,63.8,9.0,1,Yes,Graduate,No,70.64,High
Male,19,6.1,60.6,73.5,8.6,9,Yes,Graduate,No,89.28,High
Male,21,1.3,58.7,46.5,4.0,2,Yes,School,No,42.44,Low
Female,17,4.8,75.4,74.7,6.8,6,No,Graduate,No,72.13,High
Female,21,4.3,79.3,89.1,8.4,9,Yes,School,No,89.08,High
Male,18,7.5,62.0,58.6,6.2,6,Yes,School,Yes,70.4,High
Female,21,2.8,79.4,52.2,6.2,7,Yes,School,Yes,53.66,Low
Male,19,2.9,95.0,89.1,5.9,9,Yes,School,No,85.33,High
Male,17,3.9,73.7,78.1,4.1,5,Yes,Graduate,No,66.08,Low
Female,22,2.7,92.9,45.8,8.0,1,Yes,Graduate,No,56.35,Low
Female,19,1.9,96.4,62.4,6.3,9,Yes,School,No,60.21,Low
Female,23,7.0,54.6,77.1,6.7,10,Yes,School,No,80.74,High
Female,19,4.9,54.8,71.6,5.3,7,Yes,Postgraduate,Yes,75.67,High
Male,23,7.0,73.8,74.0,7.9,8,Yes,School,No,75.05,High
Male,17,6.8,79.4,71.2,8.0,2,Yes,Graduate,Yes,76.76,High
Male,22,3.0,71.3,83.9,6.8,5,Yes,Graduate,Yes,72.05,High
Male,19,4.8,66.3,57.6,8.5,8,Yes,Graduate,No,61.39,Low
Male,23,1.6,82.0,79.0,4.6,7,Yes,School,No,61.69,Low
Female,22,7.4,50.1,94.5,7.9,7,Yes,School,No,75.03,High
Male,20,3.8,98.4,61.4,6.8,4,No,Graduate,No,65.19,Low
Male,20,3.8,61.6,83.5,5.2,2,Yes,Graduate,No,62.21,Low
Male,20,3.1,95.9,53.5,4.7,10,Yes,Graduate,No,68.51,Low
Female,21,4.2,55.5,55.5,5.5,3,No,Postgraduate,No,59.83,Low
Female,19,2.8,61.9,91.4,8.3,9,Yes,Graduate,Yes,73.66,High
Female,17,3.6,61.7,41.4,7.9,4,Yes,Postgraduate,No,54.08,Low
Female,17,6.6,99.8,52.0,7.2,1,Yes,Graduate,Yes,72.77,High
Male,21,6.8,50.2,66.6,4.5,10,No,School,Yes,75.0,High
Male,17,3.1,82.0,62.1,8.8,4,Yes,Graduate,Yes,62.47,Low
Female,23,4.3,93.5,74.6,5.5,8,No,Postgraduate,No,69.44,Low
Female,20,7.1,83.6,50.6,7.0,8,Yes,School,Yes,97.26,High
Male,19,1.4,68.1,43.9,8.0,10,Yes,Graduate,Yes,57.64,Low
Male,17,7.2,97.9,60.3,4.7,10,Yes,School,No,82.62,High
Female,17,2.5,94.7,68.8,7.3,2,Yes,Postgraduate,No,67.51,Low
Female,18,5.7,71.7,70.9,4.2,10,Yes,Graduate,Yes,87.77,High
Female,18,5.1,78.7,73.1,4.5,4,Yes,School,No,65.8,Low
Female,18,4.9,98.4,70.2,7.6,7,Yes,Postgraduate,No,75.28,High
Male,19,7.0,99.1,53.5,4.8,8,Yes,School,No,89.91,High
Male,20,1.7,72.5,82.1,6.2,1,Yes,Graduate,Yes,48.2,Low
Male,22,3.4,92.4,44.8,5.2,8,Yes,Graduate,No,65.3,Low
Female,20,4.8,65.1,50.9,6.1,1,Yes,Postgraduate,No,53.75,Low
Female,20,6.7,68.6,80.7,4.4,6,Yes,Graduate,No,83.02,High
Male,19,2.5,58.2,55.4,7.8,5,Yes,Postgraduate,No,57.15,Low
Male,23,6.6,60.5,67.1,4.4,10,Yes,School,No,79.15,High
Male,23,3.8,82.8,58.0,8.2,7,Yes,School,Yes,69.65,Low
Male,19,2.3,75.5,67.9,7.3,6,Yes,School,No,56.22,Low
Female,18,6.3,61.6,59.1,6.1,10,Yes,Graduate,No,76.59,High
Male,17,1.6,70.1,94.7,8.3,1,Yes,School,Yes,58.52,Low
Male,21,4.6,68.7,59.7,4.9,6,No,School,Yes,60.95,Low
Male,21,1.4,99.4,74.5,5.3,3,Yes,Postgraduate,No,54.57,Low
Male,22,3.5,92.7,88.9,4.7,6,Yes,School,No,68.94,Low
Male,17,5.2,69.4,75.1,5.9,7,Yes,Graduate,No,78.24,High
Male,22,4.9,95.7,71.1,8.9,6,Yes,Graduate,No,78.4,High
Male,18,3.8,67.1,71.3,4.8,9,No,School,No,63.21,Low
Female,22,4.0,83.4,67.3,8.2,9,No,Graduate,No,78.89,High
Female,17,2.6,98.3,84.4,7.3,8,Yes,Graduate,No,80.34,High
Female,17,4.2,69.5,42.8,4.1,5,Yes,Graduate,No,53.6,Low
Female,21,7.7,84.0,88.7,8.7,10,Yes,Postgraduate,No,94.49,High
Male,23,7.0,64.8,72.2,8.9,3,Yes,Graduate,No,82.8,High
Female,18,2.0,63.3,86.7,8.6,4,Yes,Postgraduate,No,70.28,High
Female,19,1.2,78.7,40.6,6.5,10,Yes,Graduate,No,60.19,Low
Male,22,7.5,99.0,87.8,5.1,8,Yes,Graduate,No,92.9,High
Male,21,4.7,72.7,46.6,6.0,9,Yes,School,No,63.14,Low
Female,22,4.8,96.9,79.7,7.1,8,Yes,Graduate,Yes,71.58,High
Female,22,6.5,95.7,62.9,5.9,10,No,Graduate,No,90.96,High
Male,19,3.2,62.7,77.5,7.5,3,Yes,Graduate,No,53.11,Low
Female,18,4.4,70.1,74.6,8.0,7,Yes,Graduate,No,68.17,Low
Male,17,7.8,82.2,49.0,5.0,8,Yes,Graduate,Yes,77.09,High
Male,20,5.7,75.9,68.3,6.0,3,Yes,Graduate,No,71.86,High
Male,22,2.1,54.8,55.2,8.8,1,Yes,Graduate,Yes,32.41,Low
Male,20,1.9,99.7,70.8,5.2,7,Yes,Graduate,No,64.91,Low
Female,18,2.4,87.6,80.6,5.7,3,No,School,No,70.11,High
Male,20,6.4,71.9,44.5,4.2,1,Yes,Postgraduate,No,55.8,Low
Male,22,3.1,80.9,68.4,5.7,7,Yes,Postgraduate,No,68.86,Low
Female,19,1.1,54.4,74.0,5.9,7,No,Graduate,No,51.5,Low
Male,20,7.6,74.8,56.2,4.5,4,Yes,Postgraduate,No,74.13,High
Female,18,2.2,96.5,92.4,4.0,2,Yes,Graduate,Yes,62.09,Low
Female,18,1.1,94.8,68.6,6.9,10,Yes,School,No,60.79,Low
Female,23,2.7,66.9,50.0,5.5,5,Yes,Graduate,Yes,54.66,Low
Male,23,2.6,76.6,45.9,4.1,9,Yes,Postgraduate,No,58.29,Low
Female,19,4.0,84.9,69.8,8.3,6,Yes,Graduate,Yes,71.5,High
Female,20,7.4,67.0,60.6,6.9,10,No,School,Yes,90.61,High
Male,20,7.2,53.2,50.6,4.9,9,Yes,School,Yes,72.61,High
Female,23,4.2,75.3,41.7,8.3,1,Yes,Graduate,No,55.99,Low
Female,17,3.9,80.1,71.2,5.3,2,Yes,Postgraduate,No,57.71,Low
Female,21,4.9,50.3,72.9,5.1,6,No,School,Yes,69.11,Low
Female,18,2.7,54.8,47.8,8.5,3,Yes,Graduate,No,43.13,Low
Female,17,1.4,60.4,73.1,4.9,2,Yes,Postgraduate,Yes,48.08,Low
Male,18,7.6,67.4,92.4,8.4,6,Yes,Graduate,No,86.71,High
Female,17,2.3,77.1,93.8,8.0,7,Yes,School,No,73.39,High
Female,23,2.4,64.7,88.9,5.5,4,Yes,Postgraduate,Yes,56.76,Low
Male,23,4.3,63.8,84.4,4.2,10,Yes,Graduate,No,76.81,High
Male,21,4.4,93.5,51.5,4.4,9,Yes,Graduate,No,69.71,Low
Male,17,1.1,57.3,48.6,4.5,3,No,School,No,46.15,Low
Female,18,2.0,74.8,64.5,8.5,2,Yes,Graduate,No,45.03,Low
Male,20,3.6,97.6,74.1,6.0,5,Yes,Graduate,Yes,64.94,Low
Female,18,5.8,81.3,86.8,4.2,9,Yes,Graduate,No,80.33,High
Female,22,2.6,85.9,52.8,6.8,1,Yes,Graduate,Yes,53.03,Low
Male,23,4.0,71.6,66.4,5.0,6,No,Graduate,No,66.32,Low
Male,19,4.9,51.0,75.6,5.2,8,Yes,Graduate,No,72.52,High
Female,19,7.2,82.3,64.5,4.8,7,Yes,Graduate,No,80.95,High
Male,23,3.3,81.6,65.0,7.8,6,Yes,School,No,65.54,Low
Female,22,1.9,55.5,52.4,4.0,3,Yes,School,No,40.29,Low
Male,19,4.4,73.1,94.3,6.2,9,Yes,Postgraduate,No,84.02,High
Male,23,6.2,95.8,66.1,4.4,5,Yes,School,No,71.84,High
Male,19,1.8,60.3,69.3,6.8,1,Yes,School,Yes,50.33,Low
Female,23,4.0,73.1,52.0,5.7,9,Yes,School,Yes,66.3,Low
Male,21,1.1,73.1,68.3,4.1,10,Yes,Graduate,No,50.78,Low
Female,20,1.2,90.5,54.0,6.3,9,Yes,School,No,60.92,Low
Female,20,4.4,91.2,51.1,6.9,1,Yes,Graduate,Yes,72.73,High
Female,18,3.1,88.0,55.2,5.2,7,Yes,Postgraduate,No,72.36,High
Female,22,6.9,68.3,40.2,7.8,9,No,Graduate,No,80.23,High
Male,23,5.2,53.6,71.4,5.9,2,Yes,School,No,64.92,Low
Female,17,4.2,67.5,61.3,7.7,10,Yes,School,No,65.77,Low
Female,18,3.9,84.0,89.4,6.9,6,Yes,School,Yes,77.19,High
Male,18,4.5,85.1,42.2,8.3,10,No,School,No,81.54,High
Female,23,1.3,98.3,42.4,6.7,1,Yes,School,Yes,43.09,Low
Male,23,7.2,72.7,88.7,4.9,3,Yes,Postgraduate,No,71.59,High
Female,18,8.0,81.6,47.0,8.1,5,Yes,Graduate,Yes,82.53,High
Male,18,2.3,77.0,40.1,7.9,7,Yes,Graduate,No,51.22,Low
Female,20,1.8,57.5,49.8,8.9,5,No,Graduate,Yes,44.81,Low
Male,17,2.0,73.1,85.3,4.5,8,No,Graduate,Yes,66.49,Low
Female,18,5.6,77.2,84.1,7.0,5,Yes,Graduate,No,81.99,High
Female,20,5.6,97.5,58.7,6.5,6,Yes,Postgraduate,No,75.75,High
Male,18,6.9,68.3,76.7,7.4,2,Yes,School,No,79.07,High
Male,19,6.3,99.0,67.9,8.9,5,No,Graduate,No,88.47,High
Male,18,4.1,77.1,89.8,6.7,7,Yes,Graduate,Yes,78.39,High
Male,23,5.3,62.1,43.1,7.4,1,Yes,Graduate,No,58.48,Low
Female,22,5.8,59.6,84.7,5.7,10,Yes,Postgraduate,Yes,79.79,High
Female,22,4.6,57.1,49.4,5.5,9,Yes,School,Yes,73.13,High
Male,18,4.3,72.6,61.5,5.7,9,Yes,Graduate,Yes,72.06,High
Female,21,5.5,51.1,50.6,4.2,8,Yes,School,No,66.11,Low
Male,19,4.9,72.3,78.6,5.4,9,No,Graduate,Yes,75.1,High
Male,17,5.5,99.4,77.3,4.9,5,Yes,Graduate,Yes,74.05,High
Female,18,5.3,83.5,70.1,6.3,7,Yes,Postgraduate,No,71.92,High
Female,17,6.0,88.0,78.4,6.3,1,Yes,Graduate,No,71.06,High
Female,19,5.5,56.0,75.2,7.8,7,No,Graduate,No,74.38,High
Female,18,4.6,73.7,82.7,6.5,9,Yes,Graduate,No,79.78,High
Female,21,5.8,64.3,53.2,6.3,3,Yes,Graduate,No,54.05,Low
Female,20,4.1,94.7,63.6,5.2,9,No,School,No,79.82,High
Female,21,2.7,59.1,48.3,8.3,5,Yes,Postgraduate,No,52.2,Low
Male,23,1.0,72.9,63.6,4.5,9,Yes,Graduate,No,63.48,Low
Male,21,4.9,79.4,78.6,8.9,8,No,Graduate,No,82.72,High
Male,20,5.1,75.7,78.0,6.4,7,No,Postgraduate,No,77.61,High
Male,23,7.8,91.5,79.0,4.9,10,No,School,Yes,99.02,High
Male,20,3.5,61.6,57.0,5.8,6,Yes,Graduate,Yes,65.76,Low
Female,22,3.8,68.9,76.4,4.1,2,Yes,Graduate,Yes,59.08,Low
Male,20,2.4,89.6,60.2,4.8,7,Yes,Postgraduate,Yes,68.33,Low
Male,18,1.5,76.4,91.9,5.7,2,Yes,Graduate,No,58.23,Low
Male,17,6.4,70.1,58.9,6.8,6,No,Graduate,No,72.68,High
Male,22,2.7,51.5,73.2,4.6,6,No,Graduate,No,55.76,Low
Male,22,5.3,87.7,81.3,7.4,9,No,School,No,77.7,High
Male,17,5.8,98.6,89.9,8.2,10,Yes,Graduate,No,80.12,High
Male,22,4.3,81.0,64.1,6.9,4,Yes,Graduate,Yes,62.5,Low
Female,20,7.1,92.8,59.8,5.5,9,No,School,Yes,85.84,High
Female,21,4.1,75.8,63.7,4.6,2,Yes,Postgraduate,Yes,61.12,Low
Male,19,3.0,61.6,57.8,4.1,5,Yes,Graduate,No,44.4,Low
Female,20,7.3,50.7,76.0,7.7,3,Yes,Graduate,No,77.27,High
Female,23,7.0,82.7,91.3,7.1,6,Yes,School,No,82.72,High
Female,23,2.1,74.7,46.9,6.4,2,No,School,Yes,51.63,Low
Female,21,1.2,89.1,70.9,4.5,10,Yes,Postgraduate,No,66.12,Low
Male,21,1.6,84.7,89.4,5.0,9,Yes,Postgraduate,No,62.8,Low
Female,22,3.0,99.4,45.5,8.1,4,No,Postgraduate,No,57.04,Low
Female,18,7.8,75.5,67.2,6.4,7,No,Graduate,No,76.55,High
Female,18,4.9,71.4,87.6,8.8,5,Yes,Postgraduate,No,80.26,High
Male,22,3.6,64.3,89.5,9.0,8,Yes,Postgraduate,No,75.04,High
Male,22,7.2,73.8,68.3,8.0,4,No,School,No,76.31,High
Male,17,4.2,93.6,41.4,5.3,7,No,Graduate,Yes,61.41,Low
Male,17,3.2,52.1,45.8,5.2,5,Yes,Postgraduate,No,57.17,Low
Male,19,7.6,98.9,72.3,5.3,3,Yes,School,Yes,82.17,High
Male,19,6.9,99.7,46.8,8.9,8,Yes,Graduate,No,86.25,High
Male,19,6.9,79.9,48.2,5.7,6,Yes,Graduate,No,72.93,High
Female,19,4.6,66.6,82.5,7.5,4,No,Graduate,No,68.63,Low
Female,21,6.5,61.2,81.3,8.8,9,Yes,Graduate,No,96.18,High
Female,21,2.3,63.8,86.4,8.1,9,No,Graduate,No,63.37,Low
Male,17,5.0,52.5,45.8,7.0,2,Yes,Graduate,No,49.71,Low
Male,18,7.9,73.8,50.9,4.8,10,Yes,School,No,82.34,High
Male,22,3.0,52.9,85.8,4.9,9,Yes,Graduate,No,59.37,Low
Male,23,6.6,85.9,79.7,6.5,4,Yes,Graduate,No,71.84,High
Male,18,4.4,68.6,84.3,8.8,9,Yes,Postgraduate,Yes,77.89,High
Female,20,1.3,60.0,94.4,8.5,10,Yes,School,No,64.2,Low
Female,21,6.3,77.2,87.5,4.8,8,Yes,School,Yes,88.96,High
Male,19,2.2,98.7,68.6,5.4,10,Yes,Graduate,No,72.73,High
Male,19,5.4,84.8,57.1,6.9,3,No,Graduate,Yes,69.52,Low
Male,20,1.6,74.6,71.3,6.4,10,No,School,Yes,65.31,Low
Male,18,7.6,88.8,75.1,4.6,7,Yes,Graduate,No,76.18,High
Female,19,3.0,86.9,58.4,5.8,2,Yes,Graduate,No,54.12,Low
Male,18,2.6,94.6,82.4,8.8,2,Yes,School,No,71.36,High
Male,22,1.9,60.2,45.1,8.8,4,Yes,Graduate,No,45.1,Low
Male,20,7.6,92.9,82.9,6.8,10,Yes,Postgraduate,No,100.0,High
Male,23,6.0,65.1,41.8,7.2,7,Yes,School,No,71.33,High
Female,18,6.2,97.0,67.4,5.1,4,Yes,Graduate,No,80.06,High
Male,22,4.5,64.1,87.4,7.7,2,Yes,Graduate,No,68.88,Low
Male,18,4.3,96.3,44.8,4.3,2,Yes,Graduate,No,61.93,Low
Female,18,1.8,98.2,68.5,5.1,5,Yes,Graduate,Yes,57.68,Low
Female,19,4.9,57.3,48.8,4.0,3,Yes,School,No,61.46,Low
Female,17,2.7,98.7,89.2,5.9,3,No,Graduate,No,61.09,Low
Male,21,7.8,54.3,85.8,8.3,1,No,School,Yes,71.39,High
Male,18,6.6,60.9,91.4,8.9,3,Yes,Postgraduate,No,78.31,High
Female,18,3.9,72.2,88.1,7.3,4,Yes,Graduate,Yes,63.81,Low
Female,18,2.1,99.7,80.5,7.7,6,Yes,School,Yes,63.03,Low
Female,17,6.5,74.4,50.2,5.3,6,Yes,School,Yes,71.65,High
Female,22,1.9,77.5,56.6,6.6,5,Yes,Postgraduate,No,51.09,Low
Female,23,2.3,84.7,67.3,7.7,4,Yes,Graduate,No,62.13,Low
Female,23,2.5,98.4,72.4,6.5,6,Yes,Postgraduate,Yes,76.9,High
Male,20,4.9,89.2,83.0,4.4,5,No,Graduate,No,70.36,High
Male,19,6.5,61.2,52.5,7.7,10,Yes,Graduate,Yes,83.2,High
Male,17,3.2,65.1,47.1,5.1,1,Yes,Postgraduate,Yes,45.8,Low
Female,22,1.6,54.9,66.5,4.5,2,No,School,No,46.23,Low
Female,18,4.3,82.2,48.7,6.4,9,Yes,School,No,74.98,High
Female,22,6.2,59.0,78.2,4.4,10,Yes,School,No,90.16,High
Female,17,2.6,62.9,71.7,7.1,4,Yes,School,Yes,59.49,Low
Female,17,2.5,94.4,80.8,7.2,6,Yes,School,No,73.41,High
Female,17,7.6,66.3,43.5,5.3,5,Yes,School,Yes,72.34,High
Male,20,7.7,78.3,93.1,8.8,2,Yes,Graduate,No,93.99,High
Male,21,7.9,69.9,40.0,8.1,1,Yes,Graduate,No,69.54,Low
Female,19,6.7,53.7,57.9,4.5,1,Yes,School,Yes,63.83,Low
Male,20,2.3,68.1,77.4,7.7,1,Yes,Graduate,No,51.51,Low
Female,20,2.5,70.4,42.5,5.8,6,Yes,School,No,52.48,Low
Male,21,3.4,94.8,44.6,7.8,10,No,Postgraduate,No,66.38,Low
Female,20,3.2,66.2,44.2,8.0,7,Yes,School,Yes,53.01,Low
Female,17,7.7,69.0,72.0,4.8,7,Yes,Postgraduate,Yes,80.53,High
Male,17,6.5,89.1,89.3,7.3,9,No,Graduate,No,87.02,High
Male,22,6.1,87.9,70.5,8.3,3,Yes,Graduate,No,66.95,Low
Female,18,2.3,89.9,73.2,5.6,9,Yes,School,No,64.95,Low
Female,20,7.4,97.7,59.0,4.4,1,Yes,School,Yes,75.57,High
Male,18,6.8,89.8,41.0,4.1,2,Yes,Postgraduate,Yes,62.11,Low
Male,19,2.1,70.4,41.2,4.6,7,Yes,Graduate,No,47.05,Low
Female,23,7.1,91.1,88.9,4.0,2,Yes,Graduate,Yes,78.81,High
Male,17,2.9,75.4,45.6,5.6,10,Yes,Postgraduate,No,55.19,Low
Female,22,1.6,63.9,95.0,5.5,4,Yes,Graduate,No,54.23,Low
Female,19,5.6,65.1,49.0,4.6,2,Yes,School,Yes,56.43,Low
Female,22,5.6,61.2,77.1,7.3,2,Yes,Graduate,No,69.5,Low
Female,23,1.7,57.2,92.2,9.0,1,Yes,Graduate,No,46.53,Low
Male,23,3.2,59.2,59.9,8.5,9,Yes,Graduate,Yes,61.4,Low
Male,21,7.9,53.2,80.4,5.3,10,Yes,Postgraduate,No,79.42,High
Male,17,5.7,94.4,59.3,7.8,3,Yes,Graduate,Yes,71.19,High
Male,19,6.1,96.6,56.8,8.7,1,No,Graduate,No,78.2,High
Male,21,2.5,79.3,51.1,8.5,10,No,Graduate,Yes,61.32,Low
Male,23,1.6,92.0,85.2,8.4,6,Yes,Graduate,Yes,64.95,Low
Male,19,2.9,59.2,54.2,7.9,8,Yes,School,Yes,62.68,Low
Female,22,2.7,95.1,55.6,5.5,7,No,Graduate,Yes,67.94,Low
Male,21,2.6,75.3,94.9,4.4,7,No,School,No,67.42,Low
Male,21,2.3,53.4,58.0,6.4,2,Yes,Graduate,No,52.54,Low
Female,17,5.0,57.1,63.3,4.3,4,Yes,School,No,52.25,Low
Male,18,3.3,65.4,94.5,9.0,6,Yes,Postgraduate,No,81.19,High
Male,22,6.7,52.2,60.3,5.8,2,Yes,Graduate,Yes,67.09,Low
Female,22,2.3,65.5,60.1,8.8,5,Yes,Graduate,No,50.33,Low
Male,21,4.3,53.0,85.5,7.9,5,Yes,Postgraduate,Yes,61.77,Low
Male,21,1.1,61.8,57.2,6.1,3,Yes,Graduate,No,41.37,Low
Male,17,4.4,63.3,52.9,4.6,2,Yes,Graduate,No,55.07,Low
Female,18,1.4,99.7,63.3,5.2,7,Yes,School,No,67.7,Low
Male,22,7.8,61.8,78.5,7.4,8,Yes,Graduate,No,85.16,High
Male,23,6.5,62.0,42.4,8.1,4,Yes,School,No,66.09,Low
Female,20,4.4,84.3,60.6,8.9,4,Yes,Graduate,No,73.9,High
Male,20,1.6,93.0,59.0,4.7,9,Yes,Postgraduate,No,58.55,Low
Female,18,5.1,69.4,53.5,4.8,4,Yes,Graduate,No,63.81,Low
Female,19,6.3,93.8,76.0,4.2,10,Yes,Postgraduate,Yes,88.88,High
Male,17,2.3,67.0,55.9,5.3,3,Yes,Graduate,No,45.67,Low
Female,18,5.0,59.9,73.4,8.1,1,Yes,Graduate,Yes,70.53,High
Female,20,6.7,66.5,67.7,5.0,3,Yes,Graduate,Yes,66.96,Low
Male,21,6.4,80.5,51.9,6.7,5,Yes,Graduate,No,73.1,High
Female,20,6.6,68.4,54.7,6.2,2,Yes,Postgraduate,Yes,66.42,Low
Female,21,7.2,83.6,49.4,5.6,5,Yes,Postgraduate,Yes,67.27,Low
Male,17,7.6,61.8,43.1,7.1,9,Yes,Graduate,No,69.01,Low
Male,21,3.8,85.0,74.1,6.5,10,Yes,Graduate,Yes,88.74,High
Male,18,5.0,67.4,77.0,5.7,6,Yes,School,No,73.5,High
Female,21,6.5,72.8,49.1,7.4,3,Yes,Graduate,No,75.38,High
Male,19,5.9,77.9,73.8,5.4,5,Yes,Graduate,No,78.31,High
Female,18,8.0,84.3,94.0,7.2,1,Yes,School,No,87.08,High
Female,17,1.1,61.9,44.1,8.8,8,Yes,Graduate,No,52.72,Low
Female,18,3.5,91.8,67.0,7.6,9,No,Graduate,No,81.15,High
Female,19,3.0,86.1,80.3,6.1,5,No,Graduate,Yes,67.16,Low
Female,17,2.8,61.7,42.5,7.7,9,No,Graduate,Yes,55.81,Low
Female,20,2.6,98.7,82.8,8.0,8,Yes,Graduate,No,79.49,High
Female,19,6.0,83.2,93.9,5.6,8,Yes,Graduate,No,79.83,High
Male,17,1.6,72.6,44.9,7.5,2,Yes,Graduate,Yes,47.29,Low
Male,23,6.2,57.9,85.2,6.2,5,Yes,School,Yes,81.09,High
Female,21,5.9,76.7,60.8,8.1,8,Yes,Graduate,Yes,71.26,High
Female,18,2.8,58.2,47.9,5.5,3,Yes,Graduate,Yes,53.17,Low
Male,17,2.8,71.5,67.1,8.7,1,Yes,School,No,47.52,Low
Female,18,5.4,70.4,43.9,6.9,4,No,Graduate,No,56.0,Low
Male,21,6.3,86.0,68.7,5.8,4,Yes,School,Yes,76.37,High
Male,17,7.1,59.6,41.1,6.1,10,Yes,Postgraduate,Yes,85.84,High
Male,20,7.0,91.1,80.1,5.7,4,Yes,Graduate,Yes,74.78,High
Female,23,7.8,66.3,66.8,4.7,4,Yes,Graduate,No,75.59,High
Female,23,5.1,72.2,65.2,4.3,9,No,Postgraduate,Yes,68.33,Low
Male,19,7.4,88.6,50.8,5.6,1,Yes,School,No,72.35,High
Male,17,6.7,81.3,59.9,6.3,9,Yes,Postgraduate,No,84.04,High
Male,21,7.3,65.4,50.0,5.8,7,Yes,Graduate,Yes,68.23,Low
Male,17,1.1,69.3,80.4,4.1,5,Yes,Postgraduate,No,55.86,Low
Male,18,7.8,65.3,50.9,6.9,2,Yes,School,No,73.62,High
Female,22,4.3,79.7,73.9,4.7,10,Yes,School,No,84.59,High
Male,17,6.6,66.6,55.4,5.1,10,Yes,School,No,75.21,High
Female,23,1.9,86.3,76.1,4.6,10,Yes,Graduate,No,77.52,High
Male,23,3.8,79.0,69.7,6.6,4,Yes,School,No,61.52,Low
Female,23,2.9,57.3,63.3,4.5,4,Yes,Graduate,Yes,56.09,Low
Female,20,3.0,65.5,77.0,5.3,4,Yes,School,No,54.6,Low
Female,17,1.9,61.1,62.9,6.3,2,Yes,School,No,50.76,Low
Female,19,6.6,69.5,85.2,4.8,8,Yes,School,No,70.32,High
Female,17,1.1,75.8,80.1,6.2,4,Yes,Graduate,No,57.2,Low
Female,22,3.2,75.3,69.7,5.7,9,No,Postgraduate,Yes,77.79,High
Male,23,2.2,87.7,88.2,8.3,2,Yes,Postgraduate,No,62.15,Low
Female,18,5.1,59.5,85.6,8.0,7,Yes,School,No,81.92,High
Male,23,2.8,97.3,69.3,9.0,5,Yes,School,Yes,64.53,Low
Female,17,2.8,67.1,43.8,6.6,5,Yes,Graduate,No,60.64,Low
Female,20,4.4,65.0,71.1,6.9,7,Yes,Graduate,Yes,64.29,Low
Male,21,5.6,84.3,59.5,8.7,4,Yes,Graduate,Yes,72.19,High
Female,17,1.8,90.3,69.7,6.0,3,Yes,Postgraduate,Yes,54.14,Low
Male,17,2.2,68.9,75.6,6.8,9,Yes,School,No,70.22,High
Male,19,2.7,87.3,75.5,5.9,3,Yes,Graduate,No,58.6,Low
Male,20,7.8,94.2,77.0,6.7,5,No,School,No,86.03,High
Male,22,3.8,88.3,77.4,4.4,2,Yes,Graduate,No,50.09,Low
Female,21,5.2,51.7,46.0,7.9,7,Yes,Graduate,No,64.38,Low
Female,23,2.7,91.4,50.5,8.9,7,Yes,Postgraduate,Yes,64.87,Low
Male,18,4.4,88.7,74.7,4.3,5,Yes,Graduate,Yes,67.57,Low
Female,17,1.5,83.5,62.4,8.0,8,Yes,Postgraduate,Yes,50.77,Low
Female,22,1.2,88.0,82.0,5.2,9,Yes,School,Yes,62.76,Low
Male,21,4.3,99.0,46.9,5.0,4,Yes,Graduate,No,64.46,Low
Female,18,3.8,71.6,50.5,7.5,2,Yes,Graduate,No,46.78,Low
Male,22,2.0,53.4,70.7,4.2,2,Yes,Postgraduate,Yes,33.98,Low
Male,20,5.8,73.0,67.5,6.3,4,Yes,Graduate,No,75.06,High
Female,20,8.0,52.3,54.7,4.0,6,Yes,Graduate,Yes,71.82,High
Female,21,3.8,64.7,62.5,6.8,6,Yes,Graduate,Yes,70.39,High
Female,23,5.4,79.3,41.9,6.3,2,Yes,Postgraduate,Yes,57.78,Low
Male,18,7.7,65.5,42.0,8.6,1,Yes,School,No,63.9,Low
Male,20,6.8,84.3,45.2,7.6,2,Yes,School,Yes,58.17,Low
Female,21,4.2,91.1,71.7,4.6,8,Yes,Graduate,No,84.72,High
Female,20,6.2,71.0,87.5,5.8,5,Yes,School,No,78.74,High
Female,20,1.9,95.0,54.3,8.7,3,Yes,Graduate,No,52.99,Low
Female,22,4.6,54.0,41.9,7.6,9,Yes,Graduate,No,58.85,Low
Male,22,3.0,92.0,79.0,7.0,7,Yes,School,Yes,83.17,High
Female,20,2.1,91.4,87.0,6.8,8,Yes,Graduate,No,72.42,High
Male,19,4.0,66.1,47.6,6.0,6,Yes,School,Yes,63.91,Low
Male,22,1.9,64.9,61.2,6.9,7,Yes,School,No,58.42,Low
Female,18,5.9,65.3,48.7,7.9,3,Yes,Graduate,No,70.52,High
Female,21,4.2,90.6,45.8,4.6,1,Yes,School,No,54.53,Low
Female,21,4.7,91.6,75.6,8.8,1,Yes,Postgraduate,No,70.42,High
Male,23,2.0,66.5,93.2,5.2,1,Yes,Graduate,Yes,54.98,Low
Female,18,2.0,79.6,77.3,6.2,7,Yes,Postgraduate,No,70.04,High
Female,18,5.1,56.9,94.2,4.1,2,Yes,Graduate,Yes,70.11,High
Male,18,7.9,73.4,63.9,6.8,6,Yes,Postgraduate,No,90.12,High
Female,23,1.7,99.9,89.4,5.9,1,Yes,Graduate,No,60.23,Low
Male,18,3.0,57.9,51.3,5.2,10,Yes,School,Yes,54.41,Low
Female,17,7.1,97.4,46.5,8.9,8,Yes,School,Yes,86.16,High
Male,23,1.5,91.2,78.6,6.1,5,No,Graduate,No,62.92,Low
Female,21,7.1,98.6,60.4,6.1,9,Yes,Graduate,Yes,82.75,High
Female,17,4.7,59.0,57.5,6.3,3,Yes,School,Yes,52.64,Low
Male,23,3.9,60.7,76.9,4.6,2,Yes,School,No,60.34,Low
Male,20,3.2,50.8,58.3,6.0,8,Yes,Graduate,No,47.38,Low
Female,20,3.1,86.2,71.5,5.7,5,Yes,Graduate,No,62.83,Low
Male,21,3.1,82.2,56.5,6.3,1,No,Postgraduate,No,58.68,Low
Male,20,7.2,58.9,83.1,8.3,6,Yes,School,No,82.92,High
Male,18,6.1,89.6,57.2,5.0,3,Yes,Graduate,No,63.09,Low
Male,23,5.7,65.0,69.4,7.0,8,Yes,Graduate,No,75.12,High
Female,17,6.6,56.7,41.3,4.2,6,Yes,School,No,61.84,Low
Female,18,2.8,71.1,83.5,5.6,2,Yes,Graduate,Yes,72.77,High
Male,20,5.3,54.5,74.1,6.4,6,Yes,Graduate,No,80.76,High
Male,22,4.2,63.2,50.6,4.4,3,Yes,Graduate,No,55.99,Low
Male,17,6.5,68.6,51.8,6.7,7,Yes,Graduate,No,75.08,High
Male,18,3.2,92.6,54.4,5.6,1,Yes,School,Yes,49.83,Low
Female,23,5.5,89.6,71.7,9.0,1,Yes,Graduate,No,66.57,Low
Female,21,7.2,72.1,70.2,7.2,10,Yes,School,No,86.23,High
Male,18,3.8,86.2,55.1,5.2,4,Yes,Graduate,Yes,61.27,Low
Male,22,1.5,78.4,78.2,4.5,7,Yes,Graduate,No,62.14,Low
Male,20,4.6,67.0,88.9,4.2,4,Yes,School,No,64.11,Low
Female,17,3.4,86.3,42.4,4.5,9,Yes,School,Yes,64.46,Low
Male,21,5.7,84.2,62.9,7.4,8,Yes,School,Yes,70.77,High
Female,17,7.7,81.0,72.6,8.3,5,Yes,School,Yes,82.47,High
Male,21,4.4,80.9,72.3,4.8,1,No,School,No,63.85,Low
Female,23,4.3,84.1,41.1,6.0,3,Yes,Graduate,No,46.02,Low
Male,17,5.6,69.2,51.6,5.8,8,Yes,School,No,65.04,Low
Female,20,1.7,93.5,43.4,7.2,7,Yes,Postgraduate,Yes,55.88,Low
Male,23,2.8,58.1,71.3,4.9,8,Yes,Graduate,Yes,60.59,Low
Male,23,7.4,94.2,75.5,8.8,1,Yes,Graduate,No,75.72,High
Male,21,5.7,67.1,48.8,7.6,2,Yes,School,No,55.51,Low
Female,19,1.1,56.3,58.3,8.8,10,Yes,Graduate,No,58.49,Low
Male,17,2.4,80.0,58.1,5.4,7,Yes,Graduate,No,51.24,Low
Female,17,5.8,68.8,85.1,6.9,5,Yes,Graduate,Yes,73.96,High
Female,18,6.4,90.8,50.7,7.7,5,No,Graduate,Yes,75.97,High
Male,21,6.9,71.5,70.2,7.6,10,Yes,Postgraduate,No,84.25,High
Male,22,3.0,83.4,83.1,4.1,9,Yes,Postgraduate,Yes,70.19,High
Male,19,7.5,65.4,85.6,9.0,1,Yes,Graduate,Yes,83.1,High
Female,20,4.9,60.5,76.7,8.6,5,Yes,Postgraduate,No,66.01,Low
Male,18,5.9,69.4,56.5,4.6,7,Yes,Graduate,Yes,65.73,Low
Female,19,5.2,80.3,85.3,6.7,5,Yes,School,No,76.81,High
Female,21,1.9,82.8,80.8,5.6,10,Yes,Graduate,Yes,65.49,Low
Male,19,7.7,78.9,78.7,8.4,7,Yes,Graduate,Yes,87.92,High
Male,23,1.9,99.4,43.7,7.5,1,No,Graduate,No,45.38,Low
Male,17,2.8,84.6,42.4,5.1,5,Yes,Postgraduate,Yes,50.76,Low
Male,23,6.7,96.6,78.2,4.2,6,Yes,Graduate,No,86.22,High
Male,17,5.3,55.9,92.0,5.5,6,Yes,School,No,71.03,High
Male,18,6.9,53.1,82.6,4.2,4,Yes,Graduate,No,76.73,High
Female,21,4.6,65.5,85.7,4.7,5,Yes,Graduate,No,73.72,High
Female,21,3.6,56.8,70.0,7.2,8,Yes,Graduate,No,60.53,Low
Female,19,7.5,76.3,56.8,7.7,6,No,School,No,83.01,High
Male,18,1.3,75.9,77.3,6.3,1,Yes,Graduate,No,43.57,Low
Female,21,7.0,78.8,79.2,7.0,5,Yes,School,No,70.46,High
Female,22,2.6,87.3,77.1,4.8,7,Yes,Graduate,No,72.04,High
Female,22,6.9,98.6,92.1,5.6,8,Yes,Graduate,No,93.11,High
Female,23,2.0,93.9,60.2,7.6,4,No,Graduate,Yes,57.29,Low
Female,17,5.1,55.9,42.2,5.8,2,Yes,Graduate,Yes,54.62,Low
Male,19,7.2,66.9,90.0,5.7,4,Yes,Graduate,No,75.22,High
Male,20,4.3,62.8,48.8,5.0,6,No,School,Yes,57.31,Low
Female,17,6.2,58.8,78.4,7.0,6,Yes,Postgraduate,No,80.69,High
Female,18,6.6,77.2,88.0,8.0,6,Yes,School,No,94.71,High
Female,21,6.2,77.7,57.1,6.3,1,Yes,Graduate,Yes,65.59,Low
Male,17,7.5,61.4,85.7,4.6,7,Yes,Graduate,No,89.02,High
Male,20,4.1,85.6,58.3,8.2,7,Yes,Graduate,No,66.27,Low
Female,20,2.2,86.6,83.7,4.4,5,No,School,Yes,68.45,Low
Male,22,1.3,51.0,43.8,6.4,4,Yes,School,Yes,40.57,Low
Male,18,2.7,69.8,76.0,5.3,3,Yes,Graduate,Yes,57.52,Low
Female,17,2.0,94.5,77.2,8.7,8,Yes,Graduate,No,69.87,Low
Male,19,4.9,76.0,67.0,7.7,8,No,School,No,68.75,Low
Male,17,2.3,67.4,77.8,6.8,3,No,Graduate,Yes,52.33,Low
Female,22,1.3,62.7,90.8,7.3,5,Yes,School,Yes,61.11,Low
Male,23,1.3,62.2,80.4,6.7,8,Yes,Graduate,Yes,55.68,Low
Male,20,6.8,55.0,92.9,4.7,10,Yes,Graduate,No,88.45,High
Female,18,5.1,90.9,64.7,7.5,10,Yes,School,No,73.79,High
Male,18,3.5,54.3,69.1,6.5,6,Yes,Graduate,No,55.7,Low
Male,19,7.3,64.6,54.5,7.2,2,Yes,School,No,70.41,High
Female,18,1.5,52.3,94.2,4.2,1,Yes,Graduate,No,53.88,Low
Female,22,7.9,89.1,43.0,4.7,7,Yes,Graduate,No,85.23,High
Female,22,5.3,52.0,59.7,6.9,2,No,Graduate,No,57.3,Low
Male,22,2.3,65.4,56.4,6.3,10,Yes,Graduate,No,64.97,Low
Female,18,5.8,78.7,61.3,5.1,10,Yes,Postgraduate,Yes,75.55,High
Male,18,6.3,70.5,90.5,5.2,4,Yes,Graduate,No,86.38,High
Female,22,4.0,64.1,60.2,7.2,6,No,Graduate,No,58.19,Low
Male,18,7.0,63.8,90.4,4.3,7,Yes,School,Yes,81.86,High
Female,18,2.1,89.9,63.3,6.2,7,Yes,Graduate,No,57.64,Low
Female,20,3.0,98.7,87.0,6.6,7,Yes,Graduate,Yes,78.6,High
Female,17,1.7,67.4,68.7,5.5,4,No,Graduate,Yes,55.72,Low
Female,21,2.5,52.0,57.1,8.1,10,Yes,Postgraduate,Yes,68.49,Low
Male,18,2.7,51.8,64.7,4.3,10,Yes,School,No,67.22,Low
Female,21,7.4,88.0,63.3,8.3,6,No,School,Yes,82.7,High
Female,23,1.5,77.6,54.3,7.6,3,Yes,Graduate,No,44.83,Low
Male,21,4.0,89.2,55.9,6.2,8,Yes,Graduate,Yes,77.68,High
Female,20,4.7,84.9,50.3,8.6,1,Yes,Graduate,Yes,64.65,Low
Male,18,7.3,95.4,58.5,7.5,8,Yes,Graduate,No,86.7,High
Female,22,8.0,94.3,74.3,8.7,5,No,Graduate,No,86.43,High
Female,21,6.3,89.4,61.3,6.4,8,Yes,Graduate,Yes,75.92,High
Female,18,7.8,73.8,79.2,6.3,4,No,Graduate,Yes,83.23,High
Male,19,6.5,65.4,94.3,6.7,2,Yes,Graduate,Yes,80.12,High
Female,23,7.7,75.4,60.7,4.3,4,Yes,Graduate,No,79.9,High
Female,22,6.0,75.1,65.4,8.5,8,No,Graduate,No,86.06,High
Female,19,1.6,80.5,49.0,7.3,10,No,School,No,60.61,Low
Male,19,3.8,59.3,61.6,7.1,1,Yes,Postgraduate,No,52.4,Low
Male,21,5.5,82.8,80.0,8.6,5,Yes,Graduate,Yes,88.7,High
Female,19,3.5,72.8,52.0,9.0,6,Yes,Postgraduate,No,62.29,Low
Male,20,2.9,81.0,50.0,4.8,4,Yes,Graduate,No,45.64,Low
Female,20,5.0,62.0,60.7,7.7,4,No,Graduate,No,61.09,Low
Female,21,7.5,71.7,85.0,6.9,4,Yes,School,No,76.29,High
Female,18,1.2,60.5,74.3,6.3,3,Yes,Postgraduate,No,49.94,Low
Female,17,6.4,93.8,92.7,8.9,10,Yes,Graduate,No,100.0,High
Female,18,6.1,74.4,89.7,8.3,5,Yes,Graduate,No,86.5,High
Female,18,7.7,61.2,48.3,7.5,6,Yes,Postgraduate,No,78.5,High
Female,18,7.5,52.1,42.3,5.9,3,Yes,Postgraduate,No,65.59,Low
Male,18,6.3,83.8,62.0,7.3,3,Yes,School,No,81.4,High
Male,22,4.6,60.7,68.7,6.7,9,Yes,School,Yes,76.48,High
Male,17,2.4,99.5,68.4,5.2,2,Yes,School,Yes,62.57,Low
Male,22,4.8,76.7,47.4,6.3,6,Yes,Graduate,No,63.08,Low
Male,19,6.4,64.4,46.9,5.1,8,Yes,Graduate,Yes,60.39,Low
Male,23,7.3,82.9,42.6,6.5,8,Yes,School,Yes,67.3,Low
Male,18,6.5,63.8,86.8,7.6,1,No,School,Yes,69.59,Low
Female,23,2.4,91.0,92.1,4.2,1,Yes,Graduate,Yes,72.64,High
Female,20,5.2,65.4,46.4,7.8,8,Yes,School,No,62.85,Low
Female,21,3.3,99.4,51.7,4.1,1,Yes,Postgraduate,No,59.54,Low
Female,21,1.1,80.3,44.9,6.6,3,No,Graduate,No,46.99,Low
Male,22,2.4,92.2,88.3,6.9,9,Yes,Postgraduate,Yes,79.25,High
Male,22,1.8,53.6,92.7,7.8,3,Yes,Postgraduate,Yes,59.86,Low
Female,20,6.9,67.4,54.4,7.8,2,Yes,Graduate,No,61.88,Low
Female,18,2.8,86.9,56.7,6.1,1,No,Graduate,Yes,59.79,Low
Male,23,3.0,82.8,59.9,4.3,1,No,Postgraduate,No,59.27,Low
Female,23,7.7,59.7,67.6,7.5,10,Yes,Postgraduate,No,89.49,High
Female,17,3.7,67.8,77.5,6.6,3,Yes,Graduate,No,66.97,Low
Female,19,1.1,63.2,67.7,5.7,6,Yes,Graduate,Yes,54.31,Low
Female,21,3.0,80.7,92.3,5.2,7,Yes,Graduate,No,70.16,High
Male,19,1.8,67.2,45.5,4.6,6,Yes,Postgraduate,No,51.27,Low
Female,17,1.7,65.5,83.9,5.5,6,Yes,Postgraduate,No,60.71,Low
Female,22,1.5,60.4,58.4,6.3,9,Yes,Graduate,No,52.33,Low
Male,23,5.2,70.5,60.8,6.4,4,No,School,No,68.34,Low
Male,21,2.3,59.8,79.0,6.9,5,Yes,School,Yes,63.49,Low
Female,19,3.5,98.1,91.1,5.8,1,Yes,Graduate,Yes,69.13,Low
Male,22,7.0,57.7,79.4,8.6,4,Yes,School,Yes,79.53,High
Female,17,4.0,95.7,82.7,6.5,10,Yes,School,No,79.1,High
Female,19,7.4,71.4,81.3,6.1,6,Yes,School,Yes,82.69,High
Male,23,4.5,68.9,57.7,4.2,7,Yes,School,No,60.83,Low
Female,18,3.8,61.6,81.6,7.0,2,No,Graduate,No,57.11,Low
Female,22,6.3,81.8,83.1,7.0,10,No,School,No,83.36,High
Female,17,1.5,84.3,69.3,6.9,6,Yes,Postgraduate,No,60.75,Low
Female,19,1.6,73.4,69.5,8.4,3,Yes,School,No,59.0,Low
Male,23,5.6,52.8,81.8,7.8,7,Yes,Graduate,No,76.66,High
Male,18,4.4,95.9,84.9,8.3,9,Yes,Postgraduate,Yes,88.85,High
Female,18,6.5,99.0,58.5,4.3,4,Yes,Graduate,No,73.57,High
Male,17,7.4,71.6,84.1,5.6,8,No,Postgraduate,No,89.82,High
Female,20,3.7,80.7,84.8,5.6,10,No,Graduate,Yes,80.18,High
Female,23,5.2,72.5,52.9,7.3,6,Yes,Postgraduate,Yes,67.09,Low
Female,23,4.5,66.1,79.4,6.2,3,Yes,School,No,55.71,Low
Female,21,7.9,53.9,50.3,7.9,3,Yes,Postgraduate,No,71.86,High
Female,17,6.8,72.8,45.1,5.9,3,Yes,Graduate,Yes,61.36,Low
Male,18,7.4,90.9,71.6,5.1,4,No,School,No,78.33,High
Female,18,2.8,50.9,90.0,5.5,2,Yes,Graduate,No,65.48,Low
Male,17,6.4,79.1,42.0,4.9,5,Yes,Graduate,No,69.02,Low
Male,20,2.9,94.0,85.5,5.0,8,No,School,No,70.17,High
Female,21,2.5,60.9,67.9,5.1,7,Yes,Postgraduate,Yes,60.62,Low
Female,19,7.6,59.2,87.3,4.1,9,Yes,School,Yes,85.21,High
Female,17,1.1,88.6,86.4,7.6,3,Yes,School,Yes,55.85,Low
Female,21,7.8,62.8,88.1,6.0,4,Yes,Postgraduate,Yes,79.04,High
Female,23,2.0,59.6,82.3,4.1,8,Yes,School,No,64.36,Low
Male,21,6.7,68.9,86.4,5.9,10,Yes,School,Yes,88.46,High
Female,22,2.9,69.6,49.7,8.5,3,No,Postgraduate,Yes,47.13,Low
Female,18,3.5,93.7,56.7,6.6,1,Yes,Graduate,No,60.1,Low
Male,19,2.5,80.9,53.3,8.9,2,Yes,Graduate,No,52.55,Low
Male,17,5.1,70.3,80.8,6.7,10,Yes,Graduate,Yes,78.94,High
Female,18,3.4,76.7,48.5,8.8,10,Yes,Graduate,No,72.23,High
Male,22,5.6,97.7,50.0,5.0,8,Yes,Postgraduate,Yes,77.94,High
Female,22,1.1,55.7,88.3,5.4,7,No,Graduate,Yes,58.63,Low
Male,18,1.5,60.4,78.8,7.5,4,Yes,Graduate,No,58.62,Low
Male,20,1.7,98.1,88.1,8.9,8,Yes,School,Yes,73.09,High
Female,21,3.9,97.9,47.7,8.1,3,Yes,Graduate,No,59.26,Low
Male,17,6.7,58.9,61.9,6.8,1,No,Graduate,No,55.07,Low
Male,17,7.2,57.3,55.6,4.4,4,Yes,Graduate,No,71.84,High
Male,17,2.7,71.1,40.5,5.8,6,Yes,School,Yes,56.81,Low
Male,18,5.0,52.5,55.6,4.4,6,Yes,Postgraduate,Yes,66.68,Low
Male,23,6.4,82.7,60.9,5.6,4,Yes,School,No,67.98,Low
Male,20,3.0,53.9,45.1,5.3,8,Yes,School,Yes,53.1,Low
Female,19,3.9,52.9,71.2,5.9,9,Yes,School,No,59.69,Low
Female,22,4.7,74.3,61.1,8.2,2,Yes,Graduate,Yes,65.87,Low
Male,18,1.9,97.9,42.6,4.8,3,Yes,School,No,48.79,Low
Female,23,1.2,71.3,78.7,5.5,8,Yes,Postgraduate,Yes,60.06,Low
Female,19,2.1,67.8,80.1,5.3,1,Yes,Postgraduate,Yes,62.31,Low
Female,22,5.4,99.9,85.9,5.5,1,Yes,School,No,75.36,High
Male,22,1.5,76.6,66.7,5.8,7,Yes,Graduate,No,65.28,Low
Female,20,2.3,68.8,93.3,5.2,10,Yes,School,No,73.51,High
Male,21,3.4,69.3,90.3,8.7,7,No,Graduate,Yes,75.61,High
Female,17,1.5,59.7,70.3,6.1,7,Yes,Graduate,Yes,48.44,Low
Male,19,2.3,75.6,64.5,4.6,5,No,Postgraduate,Yes,51.89,Low
Male,18,7.4,71.9,40.2,6.3,7,Yes,School,No,67.01,Low
Female,19,1.1,63.5,79.1,4.9,9,Yes,Postgraduate,Yes,60.7,Low
Female,21,5.6,58.0,71.1,5.1,6,Yes,Postgraduate,No,58.54,Low
Male,17,3.7,65.6,91.6,5.4,6,No,Graduate,No,80.11,High
Female,19,5.7,75.4,72.7,4.6,3,Yes,Graduate,No,70.25,High
Female,21,5.1,52.9,94.6,7.6,7,Yes,Graduate,No,70.87,High
Female,18,2.6,57.7,87.0,8.0,6,No,School,No,63.73,Low
Male,20,6.9,97.4,92.4,6.0,5,Yes,Graduate,No,95.52,High
Male,23,4.4,77.1,58.0,7.4,3,No,Graduate,No,62.1,Low
Female,22,6.8,53.2,48.2,5.9,3,Yes,School,Yes,59.4,Low
Female,18,3.8,84.7,83.8,4.8,6,Yes,Graduate,No,72.82,High
Female,17,7.9,53.1,83.2,6.0,6,No,School,No,81.58,High
Male,22,6.4,86.9,51.6,6.8,5,Yes,Graduate,Yes,74.16,High
Male,23,7.8,87.5,82.1,4.2,3,Yes,Graduate,No,79.84,High
Female,18,4.6,82.6,72.0,7.3,2,Yes,Graduate,No,67.22,Low
Female,18,4.3,86.6,46.0,7.7,4,Yes,Graduate,No,63.37,Low
Female,18,6.3,54.4,67.6,8.3,4,Yes,Postgraduate,No,73.66,High
Female,18,7.2,86.3,91.2,4.5,10,Yes,Graduate,No,97.6,High
Female,22,7.7,56.8,67.9,4.0,2,Yes,Graduate,No,63.81,Low
Female,17,3.3,67.0,83.4,4.4,9,Yes,Graduate,Yes,64.42,Low
Male,23,6.6,97.1,41.6,8.6,3,Yes,School,No,67.0,Low
Female,21,2.5,75.1,80.0,7.8,1,Yes,School,Yes,69.09,Low
Male,19,4.8,98.4,92.1,8.2,5,Yes,Graduate,Yes,76.5,High
Female,20,2.3,54.4,67.5,6.6,10,Yes,Postgraduate,No,65.31,Low
Female,23,3.4,73.9,58.6,6.6,3,No,Graduate,Yes,53.02,Low
Male,19,7.5,53.1,75.6,5.5,6,Yes,Postgraduate,No,77.29,High
Male,19,2.0,81.5,90.4,8.2,1,Yes,School,No,61.2,Low
Male,20,5.4,53.9,49.7,8.1,10,Yes,Graduate,Yes,59.4,Low
Male,23,5.2,58.8,62.2,6.0,4,Yes,School,No,70.08,High
Female,22,1.8,62.9,48.6,5.6,1,Yes,Graduate,No,44.97,Low
Male,17,3.3,87.4,67.3,7.7,1,Yes,School,Yes,61.56,Low
Female,20,4.9,58.2,69.7,4.1,10,Yes,Graduate,No,75.55,High
Male,17,2.3,92.3,91.9,8.3,8,Yes,Graduate,No,69.65,Low
Female,22,6.6,56.6,62.7,6.2,10,Yes,Graduate,No,72.04,High
Female,19,7.8,51.8,71.2,6.2,4,Yes,School,No,75.14,High
Female,17,2.5,69.8,88.7,7.3,10,Yes,School,Yes,75.18,High
Female,22,2.3,99.0,57.7,7.2,3,Yes,School,No,49.91,Low
Female,22,4.2,55.5,77.1,5.3,6,Yes,Graduate,Yes,71.96,High
Female,21,6.2,55.1,81.6,8.7,10,Yes,School,Yes,89.28,High
Male,20,3.0,87.6,58.2,8.9,9,Yes,School,No,65.43,Low
Female,21,1.1,65.6,49.0,6.6,6,Yes,Graduate,No,51.2,Low
Male,19,4.8,85.9,67.7,6.8,1,No,School,Yes,63.92,Low
Male,20,7.7,60.0,59.6,6.8,8,Yes,Graduate,No,77.08,High
Female,19,3.7,73.0,54.7,6.4,1,Yes,School,Yes,53.55,Low
Male,21,3.9,63.3,93.5,8.7,3,No,Postgraduate,No,62.7,Low
Female,23,7.8,72.6,67.6,5.2,9,Yes,Graduate,No,87.04,High
Male,22,5.9,88.5,87.1,4.5,4,Yes,Graduate,No,81.59,High
Female,19,6.0,88.1,50.7,8.6,8,Yes,Postgraduate,No,80.28,High
Male,20,4.9,75.8,91.7,5.1,9,Yes,Postgraduate,Yes,88.09,High
Female,20,7.8,96.4,83.7,7.7,8,Yes,Graduate,No,90.8,High
Female,19,5.8,63.2,84.5,5.0,6,Yes,School,No,78.0,High
Female,20,7.3,62.0,61.4,8.8,9,No,School,No,92.9,High
Female,22,5.9,80.7,66.7,8.0,6,Yes,School,No,84.61,High
Male,23,6.1,81.1,72.6,8.6,5,Yes,Graduate,No,84.83,High
Female,22,3.0,52.3,83.4,8.8,8,Yes,Graduate,No,71.2,High
Male,20,3.1,80.4,86.7,4.4,4,Yes,Postgraduate,Yes,65.44,Low
Male,19,6.5,68.7,44.3,6.2,3,No,Graduate,No,64.88,Low
Male,21,3.1,87.4,89.7,7.2,4,Yes,Graduate,No,70.46,High
Female,20,4.9,90.4,91.6,8.0,9,Yes,Graduate,Yes,90.65,High
Male,20,2.7,77.6,72.6,5.2,4,Yes,Graduate,Yes,64.11,Low
Male,20,6.7,50.1,50.3,8.6,7,Yes,Graduate,No,64.62,Low
Male,20,1.8,81.8,85.0,5.1,1,Yes,Graduate,No,51.27,Low
Female,19,6.8,87.4,70.2,8.3,6,Yes,Graduate,Yes,78.36,High
Female,21,5.2,62.4,84.9,6.6,8,Yes,School,No,75.11,High
Male,21,2.3,73.2,84.8,6.6,7,No,Graduate,Yes,66.03,Low
Female,17,4.8,98.3,44.8,5.9,5,Yes,School,Yes,66.94,Low
Female,20,3.0,64.9,73.4,4.5,4,Yes,Graduate,Yes,59.98,Low
Male,20,3.3,61.2,66.6,5.7,2,Yes,School,Yes,58.13,Low
Male,17,3.5,60.5,92.0,6.1,1,Yes,Graduate,No,62.31,Low
Female,21,1.4,77.9,56.3,6.4,1,No,Postgraduate,Yes,45.29,Low
Male,18,7.9,97.5,51.3,7.7,5,Yes,Graduate,No,77.5,High
Female,22,1.2,80.4,89.3,5.8,9,Yes,School,No,64.33,Low
Female,18,5.6,65.2,48.2,6.0,7,Yes,Graduate,Yes,63.92,Low
Female,21,3.6,81.9,77.8,8.5,2,Yes,Postgraduate,Yes,69.49,Low
Female,23,5.5,81.2,56.5,7.8,6,Yes,School,No,74.72,High
Female,20,3.5,79.8,71.2,4.1,10,Yes,Postgraduate,No,71.58,High
Female,18,5.7,58.0,73.9,8.1,7,Yes,School,No,77.83,High
Male,19,6.1,81.7,63.0,8.9,8,Yes,Graduate,Yes,79.61,High
Male,19,5.8,71.5,93.6,8.7,9,Yes,Graduate,Yes,84.94,High
Female,17,1.8,50.9,47.3,8.2,3,Yes,Graduate,No,35.78,Low
Female,21,5.6,77.0,61.5,7.1,2,Yes,Postgraduate,No,64.14,Low
Female,21,3.0,99.5,63.7,5.4,7,Yes,School,No,59.15,Low
Male,18,1.2,67.5,74.7,7.3,8,Yes,Graduate,No,61.17,Low
Female,20,3.9,98.3,62.4,7.5,9,Yes,Graduate,Yes,69.9,Low
Male,21,4.0,54.8,45.3,5.4,10,Yes,Postgraduate,No,59.95,Low
Female,18,4.3,86.6,92.1,5.3,5,Yes,School,No,73.75,High
Female,18,5.9,55.7,62.9,6.0,9,No,Graduate,No,61.97,Low
Male,22,3.2,63.7,58.8,7.2,1,Yes,School,Yes,42.17,Low
Male,22,3.2,78.5,64.6,5.5,9,Yes,Postgraduate,Yes,69.99,Low
Female,21,1.4,79.6,51.9,6.8,10,Yes,School,Yes,59.23,Low
Female,18,5.8,88.8,45.5,8.5,5,Yes,School,Yes,77.52,High
Female,17,5.0,80.8,48.2,5.5,2,Yes,Graduate,No,61.65,Low
Male,17,3.4,79.7,49.2,8.8,6,No,Postgraduate,No,59.45,Low
Male,22,5.9,95.6,50.9,6.4,1,Yes,Postgraduate,No,55.66,Low
Male,21,4.8,72.6,63.1,4.5,7,No,School,No,71.61,High
Male,20,4.3,61.3,74.3,4.3,7,Yes,Graduate,No,73.69,High
Male,23,4.6,58.1,74.6,5.7,10,No,Postgraduate,No,63.08,Low
Male,17,5.5,70.0,40.0,5.3,8,No,School,No,65.99,Low
Female,17,5.6,85.6,90.7,8.2,1,Yes,Graduate,Yes,75.35,High
Female,22,3.0,52.1,85.3,7.7,2,Yes,Graduate,No,47.78,Low
Male,22,2.0,56.5,93.0,8.4,1,Yes,Graduate,Yes,50.75,Low
Female,21,2.1,55.3,59.8,6.9,8,No,Graduate,Yes,58.16,Low
Female,22,5.5,79.3,76.6,6.2,8,Yes,Graduate,No,86.38,High
Male,19,7.1,62.1,49.2,5.4,3,Yes,Graduate,No,65.98,Low
Female,23,3.9,58.3,84.9,6.9,10,No,Graduate,No,74.93,High
Male,18,2.2,79.6,48.9,7.1,2,Yes,Graduate,No,48.99,Low
Male,17,6.3,88.1,57.9,6.0,9,Yes,Graduate,Yes,82.85,High
Female,19,6.8,66.6,67.0,8.7,5,Yes,Graduate,No,74.44,High
Male,20,7.2,78.9,72.7,7.2,9,No,Graduate,No,88.26,High
Male,19,5.2,54.9,70.8,8.2,2,No,Graduate,No,72.24,High
Male,21,7.0,96.8,45.6,7.1,6,Yes,Postgraduate,No,71.72,High
Male,20,1.1,66.8,63.2,5.6,1,Yes,Graduate,Yes,44.51,Low
Male,20,1.8,99.9,90.8,7.7,7,Yes,Graduate,No,71.45,High
Male,22,1.6,98.9,88.0,5.2,4,Yes,Postgraduate,No,61.88,Low
Male,19,6.0,88.9,72.5,7.0,7,Yes,Graduate,Yes,78.79,High
Male,21,1.5,51.0,71.5,6.0,9,Yes,Graduate,Yes,56.62,Low
Female,17,4.5,77.2,46.1,4.7,1,Yes,School,No,52.66,Low
Female,23,4.3,54.3,51.0,6.1,1,Yes,School,Yes,48.17,Low
Female,22,3.2,94.8,53.9,5.6,7,Yes,Graduate,No,66.72,Low
Male,19,7.1,89.5,66.9,4.6,10,Yes,Postgraduate,Yes,84.21,High
Male,17,2.2,98.6,80.2,8.1,2,Yes,Graduate,No,60.73,Low
Female,19,3.5,80.4,65.3,6.5,8,Yes,School,No,64.22,Low
Female,22,6.4,76.1,46.9,5.7,4,Yes,School,No,70.24,High
Female,17,1.2,75.9,64.2,6.5,7,Yes,School,No,48.85,Low
Male,22,5.7,69.3,48.9,7.8,10,Yes,Graduate,Yes,75.22,High
Female,19,6.7,73.4,81.3,4.1,2,Yes,School,No,75.22,High
Female,20,7.5,81.8,49.2,6.7,8,Yes,Postgraduate,Yes,67.9,Low
Male,23,7.1,96.6,66.5,6.4,6,Yes,Graduate,No,79.02,High
Female,18,3.2,79.8,78.1,8.5,1,Yes,Graduate,No,66.97,Low
Male,23,5.1,92.9,52.6,6.8,9,Yes,Graduate,Yes,85.26,High
Male,20,1.5,93.1,44.2,4.7,2,Yes,Postgraduate,No,41.76,Low
Male,22,2.8,75.9,71.0,5.9,4,Yes,Graduate,Yes,55.09,Low
Female,23,1.7,67.4,43.0,7.1,9,Yes,Graduate,No,50.18,Low
Female,22,3.2,82.0,72.3,4.2,8,Yes,Graduate,Yes,70.03,High
Male,22,7.1,72.3,81.4,8.4,8,Yes,School,No,88.13,High
Female,17,3.4,54.1,58.1,4.3,4,Yes,School,No,53.13,Low
Female,21,4.9,68.9,66.9,4.2,1,Yes,Graduate,No,63.15,Low
Female,22,4.0,99.7,91.1,4.0,10,No,Graduate,No,90.4,High
Female,23,4.2,52.4,65.9,7.4,4,Yes,School,Yes,50.82,Low
Male,23,7.8,84.8,94.8,6.3,3,Yes,Graduate,No,90.64,High
Female,23,3.1,92.1,48.6,4.5,3,Yes,Graduate,No,60.17,Low
Male,20,5.4,82.4,79.0,8.3,1,No,Postgraduate,Yes,74.59,High
Male,18,3.9,78.5,75.9,5.0,9,Yes,Graduate,Yes,70.72,High
Female,22,1.4,85.4,88.0,5.6,3,Yes,Graduate,No,65.24,Low
Male,22,4.4,71.5,45.1,4.9,4,Yes,School,No,54.14,Low
Female,22,6.7,54.6,55.4,8.6,1,Yes,Graduate,Yes,65.58,Low
Female,17,1.7,98.1,47.3,7.8,3,No,Graduate,No,47.1,Low
Male,22,1.5,71.6,91.3,7.6,1,Yes,Graduate,Yes,55.93,Low
Male,20,2.1,83.3,63.5,4.2,4,Yes,Graduate,Yes,60.63,Low
Male,19,6.4,76.6,90.1,6.6,10,Yes,Graduate,No,94.93,High
Male,21,6.1,52.7,56.2,6.9,7,Yes,Postgraduate,No,71.99,High
Female,23,5.0,97.6,47.0,5.9,10,Yes,School,Yes,86.83,High
Female,22,4.3,89.6,56.3,5.6,8,Yes,Graduate,No,73.96,High
Female,17,7.2,57.5,72.8,8.3,8,Yes,School,Yes,80.19,High
Male,20,6.4,99.1,86.5,4.1,1,Yes,Postgraduate,Yes,78.55,High
Male,22,6.7,86.8,61.2,7.1,6,Yes,Graduate,No,79.55,High
Male,17,6.7,73.6,90.3,6.0,8,No,School,Yes,83.34,High
Female,19,5.5,80.6,53.4,7.3,10,Yes,Graduate,No,76.68,High
Male,18,4.2,55.3,78.1,5.0,10,Yes,School,No,72.08,High
Female,22,7.1,78.0,80.5,5.2,8,Yes,Postgraduate,No,90.31,High
Male,20,7.5,53.7,55.1,6.9,9,No,Graduate,No,84.08,High
Female,17,1.2,77.2,41.5,8.9,8,No,Graduate,No,47.29,Low
Female,17,1.4,77.6,60.1,8.9,5,No,Graduate,No,57.75,Low
Male,22,7.7,93.7,42.5,5.2,1,Yes,Graduate,Yes,70.31,High
Male,17,2.9,86.3,89.5,4.5,9,Yes,Postgraduate,No,79.57,High
Female,18,7.1,62.5,92.4,7.0,10,Yes,School,No,87.67,High
Female,17,3.7,94.4,80.4,6.1,10,Yes,School,No,77.42,High
Male,23,1.8,78.7,80.0,7.8,10,Yes,Graduate,Yes,71.09,High
Male,21,1.6,80.3,53.2,6.6,10,Yes,School,Yes,61.55,Low
Female,23,2.1,58.4,44.1,6.6,5,Yes,Graduate,Yes,50.99,Low
Male,21,2.7,92.9,84.1,7.2,7,Yes,Graduate,Yes,77.78,High
Female,17,4.4,96.5,70.8,4.6,7,Yes,Graduate,Yes,72.17,High
Female,22,5.9,88.7,77.5,7.4,4,No,Graduate,No,73.51,High
Male,21,7.9,97.0,82.9,6.4,8,Yes,School,No,89.55,High
Male,20,4.1,65.1,62.5,8.1,10,Yes,Graduate,No,78.21,High
Male,21,4.6,93.1,48.0,4.7,9,No,Graduate,No,64.7,Low
Male,23,4.7,74.4,83.7,5.5,4,Yes,School,Yes,75.29,High
Male,17,4.8,58.2,65.0,8.8,2,Yes,School,Yes,51.68,Low
Female,22,4.6,83.4,85.5,6.8,10,Yes,Graduate,No,85.66,High
Female,19,1.1,84.2,64.1,8.6,4,Yes,Graduate,No,54.53,Low
Male,22,1.0,64.3,51.9,7.4,2,Yes,Graduate,No,46.81,Low
Male,22,1.7,51.4,49.4,8.6,1,No,Graduate,Yes,40.83,Low
Male,22,1.7,60.0,80.9,5.6,1,Yes,School,No,49.61,Low
Female,20,5.9,70.0,71.6,4.5,4,Yes,Graduate,Yes,70.61,High
Male,18,2.4,58.4,62.3,8.0,9,Yes,Postgraduate,Yes,55.84,Low
Male,23,7.3,59.7,67.1,8.0,9,Yes,School,No,83.49,High
Female,17,7.5,69.6,70.2,7.1,7,Yes,Graduate,No,82.9,High
Female,18,7.8,98.1,53.2,6.9,5,Yes,School,No,89.5,High
Male,19,7.6,88.2,60.8,8.6,6,Yes,Graduate,Yes,88.34,High
Male,18,2.9,66.0,56.1,4.9,1,Yes,Graduate,Yes,52.03,Low
Male,17,4.6,97.6,61.4,7.1,3,No,School,Yes,69.13,Low
Female,23,2.2,82.3,67.5,4.2,1,Yes,School,No,55.37,Low
Male,23,6.6,72.8,49.5,4.7,10,Yes,Graduate,No,67.54,Low
Male,17,7.2,73.4,61.6,6.2,5,Yes,Graduate,No,80.21,High
Male,19,7.0,70.5,61.2,8.1,4,No,Graduate,No,70.53,High
Female,17,4.0,61.6,55.7,7.7,3,Yes,Graduate,Yes,50.88,Low
Female,19,6.3,69.3,94.9,8.9,6,Yes,School,No,84.85,High
Male,19,1.7,76.4,44.0,4.2,6,Yes,Graduate,Yes,51.33,Low
Male,17,1.3,76.4,75.4,5.9,9,Yes,Graduate,No,76.06,High
Female,21,6.3,88.1,49.6,4.8,4,Yes,Graduate,No,58.38,Low
Female,23,4.0,67.9,86.2,4.2,9,Yes,Graduate,No,70.21,High
Female,19,8.0,85.8,90.3,5.3,4,Yes,Graduate,Yes,88.21,High
Female,17,1.7,78.9,62.1,5.2,8,Yes,Graduate,Yes,55.58,Low
Female,21,7.0,98.1,85.3,6.1,8,Yes,Graduate,No,100.0,High
Female,23,4.4,69.3,53.7,4.7,2,Yes,Graduate,No,57.89,Low
Female,19,6.8,95.1,47.7,6.4,10,Yes,Graduate,Yes,80.96,High
Female,23,6.7,91.0,57.4,8.6,8,Yes,Postgraduate,No,76.6,High
Female,21,7.4,81.9,58.8,7.7,2,Yes,Graduate,Yes,71.3,High
Male,23,3.1,82.7,61.9,8.2,8,Yes,Graduate,No,71.37,High
Male,20,7.6,54.2,60.5,8.0,6,Yes,School,No,73.42,High
Male,22,2.1,97.5,62.6,5.9,3,Yes,Graduate,Yes,60.53,Low
Female,20,1.6,55.3,79.1,7.5,7,Yes,Graduate,No,61.91,Low
Male,21,4.0,78.2,53.5,7.8,6,Yes,Graduate,No,66.3,Low
Female,19,6.8,66.5,41.0,5.0,3,Yes,School,Yes,65.2,Low
Female,17,4.3,71.5,66.9,8.3,5,Yes,Graduate,No,71.22,High
Male,18,6.8,80.5,64.7,6.3,4,Yes,Graduate,Yes,74.57,High
Female,17,6.1,95.4,43.3,4.1,6,Yes,Postgraduate,No,68.36,Low
Male,23,2.5,72.9,47.4,7.2,1,Yes,Postgraduate,Yes,46.91,Low
Male,18,7.6,99.4,68.0,7.4,1,Yes,Graduate,Yes,72.56,High
Male,18,1.4,79.6,52.9,6.8,8,Yes,Graduate,Yes,62.42,Low
Female,23,7.3,58.0,88.3,5.1,8,Yes,School,No,76.69,High
Male,23,3.1,59.5,49.5,6.4,9,Yes,School,No,49.72,Low
Female,19,4.5,85.8,41.1,6.0,8,No,School,No,74.36,High
Male,21,4.0,52.5,64.6,8.9,2,Yes,Graduate,Yes,62.87,Low
Male,17,2.2,74.0,94.2,8.1,5,Yes,School,Yes,66.82,Low
Male,21,3.5,57.4,74.9,7.8,8,Yes,Graduate,No,75.26,High
Female,20,2.4,71.7,59.5,4.9,9,Yes,Graduate,Yes,57.78,Low
Female,19,2.4,87.5,40.9,5.7,6,Yes,Postgraduate,No,59.5,Low
Female,19,2.3,72.9,66.7,5.9,4,Yes,Postgraduate,No,54.19,Low
Male,20,4.4,58.2,51.4,6.5,9,Yes,Postgraduate,Yes,67.4,Low
Male,17,6.6,62.6,75.6,4.2,4,Yes,Graduate,Yes,72.05,High
Female,22,5.0,68.4,72.1,7.0,6,Yes,Graduate,Yes,63.45,Low
Female,20,7.3,53.5,54.6,5.8,5,No,Graduate,Yes,66.28,Low
Female,17,5.5,79.2,43.8,6.8,1,Yes,School,Yes,57.38,Low
Female,18,5.8,80.4,81.5,4.0,4,Yes,Graduate,Yes,75.05,High
Female,23,5.7,53.1,72.2,5.6,10,Yes,Postgraduate,No,75.81,High
Female,19,4.1,70.1,86.3,7.8,3,Yes,Graduate,Yes,59.98,Low
Male,17,5.8,70.7,54.3,6.5,8,Yes,School,No,68.02,Low
Female,21,1.5,66.7,75.9,7.9,7,Yes,School,No,66.88,Low
Male,23,7.0,77.9,46.5,7.5,10,Yes,School,No,78.56,High
Male,21,6.4,67.3,56.0,8.3,1,Yes,Graduate,No,58.72,Low
Female,23,2.7,70.8,76.1,4.0,8,Yes,Postgraduate,Yes,68.91,Low
Female,19,6.4,89.9,85.4,5.3,7,Yes,Graduate,No,83.96,High
Male,20,1.1,58.1,57.7,6.7,2,Yes,Graduate,Yes,47.55,Low
Female,22,2.5,81.0,83.9,8.7,10,Yes,School,Yes,71.59,High
Female,20,1.5,75.3,77.3,7.4,4,Yes,Postgraduate,No,53.55,Low
Male,17,6.5,65.3,59.2,6.3,2,Yes,Postgraduate,Yes,61.68,Low
Male,20,6.3,86.4,88.2,4.7,9,No,Graduate,No,87.76,High
Male,19,6.7,77.6,68.0,6.5,8,Yes,Graduate,No,91.39,High
Female,17,1.0,73.9,75.7,6.2,1,Yes,Postgraduate,No,47.08,Low
Male,18,4.5,83.4,67.3,7.9,1,Yes,Graduate,No,65.27,Low
Female,20,5.9,90.1,64.9,6.1,8,Yes,Graduate,No,89.49,High
Male,20,2.1,98.6,86.6,5.6,5,Yes,Graduate,No,67.45,Low
Male,22,5.5,81.5,56.2,4.4,1,Yes,School,No,55.66,Low
Male,17,1.6,93.7,42.0,4.2,4,No,Graduate,No,47.57,Low
Female,21,2.3,50.1,88.4,6.2,2,Yes,Graduate,No,56.18,Low
Female,20,4.3,76.5,85.4,5.7,9,No,Postgraduate,No,72.14,High
Male,19,5.6,60.7,60.2,6.8,10,No,Graduate,No,72.2,High
Male,20,2.0,54.7,50.2,7.6,6,Yes,School,No,46.61,Low
Male,22,2.3,76.6,77.2,4.2,9,Yes,Graduate,Yes,75.78,High
Female,18,2.4,87.3,44.3,6.5,1,Yes,Graduate,Yes,41.79,Low
Male,22,2.7,70.6,63.3,8.3,1,Yes,School,No,50.62,Low
Female,20,2.6,83.5,44.7,6.3,4,Yes,Graduate,Yes,45.16,Low
Male,21,3.8,74.5,72.9,6.6,2,Yes,Graduate,No,57.71,Low
Male,23,5.6,71.9,41.5,6.4,1,No,School,No,55.86,Low
Male,20,4.1,64.5,74.6,5.9,6,Yes,Graduate,Yes,69.71,Low
Male,17,6.4,69.1,77.0,4.6,8,Yes,School,Yes,83.04,High
Male,20,6.0,67.5,66.8,4.6,1,Yes,Graduate,No,61.19,Low
Male,21,1.9,82.3,49.6,4.9,10,No,Graduate,Yes,60.81,Low
Female,17,1.3,55.8,45.6,8.0,10,Yes,Graduate,No,42.73,Low
Male,19,7.1,54.6,57.2,5.4,6,No,School,Yes,71.95,High
Female,17,1.6,83.0,65.6,8.7,1,Yes,School,No,50.15,Low
Male,22,2.0,77.3,75.3,8.1,8,Yes,School,No,65.2,Low
Male,18,1.2,71.5,40.1,7.4,6,No,School,No,52.94,Low
Female,22,5.4,57.6,79.1,7.6,1,Yes,School,Yes,64.55,Low
Male,23,5.1,70.6,79.2,4.2,9,Yes,School,No,79.32,High
Female,17,7.9,89.5,64.4,6.8,1,No,Graduate,Yes,67.58,Low
Female,19,7.2,94.5,58.9,8.7,9,No,Graduate,Yes,88.36,High
Male,20,3.9,85.1,86.3,4.2,3,Yes,School,Yes,75.6,High
Female,17,3.6,53.0,83.2,5.5,8,Yes,School,No,65.5,Low
Female,22,3.1,83.5,94.1,4.3,8,Yes,School,Yes,68.18,Low
Male,17,2.1,62.0,60.5,6.8,7,Yes,Graduate,No,60.05,Low
Female,17,2.0,65.8,89.9,4.6,2,Yes,School,No,59.24,Low
Male,17,1.9,59.8,44.8,6.4,3,No,School,No,46.44,Low
Male,19,1.8,88.8,62.6,7.6,5,Yes,Graduate,Yes,48.68,Low
Male,21,2.7,82.4,65.6,4.8,5,Yes,Postgraduate,Yes,55.94,Low
Male,21,3.1,80.6,64.2,7.8,2,Yes,Graduate,Yes,54.67,Low
Female,17,7.7,83.4,74.4,4.3,1,Yes,School,No,74.62,High
Male,19,5.0,61.8,49.4,4.7,5,Yes,Graduate,Yes,53.75,Low
Male,19,7.9,72.2,87.7,5.4,5,Yes,Graduate,Yes,88.39,High
Female,23,3.6,81.7,70.3,8.0,3,Yes,Postgraduate,No,66.15,Low
Male,17,4.2,81.8,89.7,8.3,8,Yes,Graduate,No,90.65,High
Male,22,3.3,89.6,40.1,5.1,6,Yes,Graduate,No,60.27,Low
Female,22,2.3,64.4,74.6,4.5,2,No,School,No,47.8,Low
Female,18,2.0,88.5,62.7,8.2,2,Yes,Graduate,No,52.46,Low
Female,17,7.6,72.0,67.8,7.2,4,Yes,School,Yes,84.22,High
Female,18,7.9,83.5,80.9,4.8,6,No,Graduate,No,75.96,High
Female,22,1.3,72.8,52.5,6.8,9,Yes,Postgraduate,Yes,49.85,Low
Female,22,2.1,97.4,51.3,8.4,8,Yes,Graduate,No,66.26,Low
Female,17,4.0,59.0,78.7,4.3,8,Yes,Postgraduate,No,71.3,High
Male,18,2.3,83.8,68.7,4.4,2,No,Graduate,No,53.59,Low
Female,18,3.5,78.8,52.9,5.4,4,Yes,Graduate,No,55.39,Low
Female,17,1.9,58.6,66.6,7.3,6,Yes,Graduate,No,53.04,Low
Female,23,4.2,53.3,65.3,4.9,6,Yes,Graduate,Yes,57.42,Low
Male,18,2.9,90.0,78.0,8.1,10,Yes,Graduate,No,75.02,High
Male,23,3.5,57.9,40.1,7.8,6,Yes,School,Yes,63.58,Low
Female,20,1.7,59.3,72.3,6.8,8,Yes,School,No,47.01,Low
Female,22,4.0,98.9,73.3,4.6,8,Yes,School,No,69.39,Low
Female,21,7.9,85.9,81.0,8.9,7,No,Graduate,No,100.0,High
Male,23,3.3,62.5,88.9,6.5,5,Yes,Graduate,Yes,71.16,High
Male,23,7.1,79.5,64.2,6.3,6,Yes,Graduate,Yes,72.03,High
Female,23,6.9,76.7,58.8,9.0,6,Yes,School,Yes,77.59,High
Male,19,7.7,92.2,45.6,8.3,3,Yes,Graduate,Yes,79.66,High
Female,18,6.5,86.5,58.5,6.3,3,Yes,School,Yes,76.83,High
Male,18,5.6,91.6,43.8,6.1,7,Yes,Graduate,No,65.54,Low
Male,19,7.0,60.6,84.2,4.5,6,Yes,Graduate,No,75.33,High
Female,18,1.5,82.0,84.4,8.6,5,Yes,Graduate,No,58.79,Low
Female,19,4.2,52.0,62.9,8.2,6,No,School,No,61.97,Low
Female,23,7.9,53.4,54.3,5.6,6,Yes,Graduate,Yes,75.46,High
Female,17,6.4,85.7,46.5,7.8,4,Yes,Graduate,Yes,76.77,High
Male,20,7.7,51.2,86.8,7.8,5,Yes,Postgraduate,Yes,75.43,High
Male,23,6.5,79.0,88.3,5.1,7,Yes,Graduate,No,88.95,High
Male,20,7.1,92.0,54.6,7.1,1,Yes,Graduate,Yes,72.69,High
Female,22,5.9,69.0,74.2,5.3,10,Yes,Postgraduate,Yes,78.75,High
Male,23,6.3,52.2,54.2,7.9,6,Yes,School,No,80.96,High
Female,21,4.7,85.7,52.4,4.8,5,Yes,Graduate,Yes,72.45,High
Male,18,7.5,96.5,41.2,7.3,6,Yes,Graduate,No,68.87,Low
Female,21,6.8,85.9,71.7,5.6,1,Yes,Postgraduate,Yes,81.61,High
Female,17,6.9,78.9,48.2,4.2,4,Yes,Graduate,No,68.11,Low
Male,20,5.7,61.5,40.7,4.6,8,Yes,Graduate,No,57.18,Low
Female,23,3.1,50.8,45.8,7.3,4,Yes,School,No,55.86,Low
Female,17,1.2,84.7,57.3,5.2,10,Yes,Graduate,No,65.64,Low
Male,17,7.5,61.6,76.8,7.2,8,Yes,School,No,84.96,High
Female,18,5.1,92.9,51.1,6.1,8,Yes,Graduate,No,74.64,High
Female,17,3.1,73.3,88.8,7.5,2,Yes,School,No,64.85,Low
Female,23,2.0,76.5,55.9,6.5,6,Yes,School,Yes,55.09,Low
Male,23,6.8,87.7,58.2,5.5,7,Yes,School,Yes,86.41,High
Male,20,6.9,89.0,52.0,4.7,7,Yes,Graduate,No,74.93,High
Female,23,6.7,82.1,54.0,5.7,1,Yes,Graduate,No,73.36,High
Male,21,5.5,96.9,44.1,7.2,4,No,School,No,70.61,High
Female,20,3.6,99.1,56.2,7.7,7,Yes,School,Yes,63.08,Low
Female,18,3.1,97.3,87.3,4.8,6,Yes,Postgraduate,No,71.12,High
Female,20,1.1,91.2,77.9,7.3,3,Yes,Graduate,No,57.59,Low
Female,19,6.8,85.3,88.1,4.9,10,Yes,Graduate,No,87.85,High
Female,21,1.6,83.2,45.8,5.1,10,Yes,School,Yes,54.53,Low
Male,19,5.4,55.2,65.1,6.7,1,Yes,Postgraduate,Yes,63.69,Low
Female,19,4.5,63.6,52.6,5.4,5,Yes,Graduate,Yes,63.71,Low
Male,22,4.7,50.3,79.7,7.3,8,No,Graduate,No,75.24,High
Male,23,7.5,56.9,93.4,8.8,3,Yes,Graduate,No,83.53,High
Female,18,1.2,72.0,84.8,4.7,5,Yes,Postgraduate,Yes,54.92,Low
Female,17,6.4,57.3,41.9,6.9,9,Yes,Graduate,No,68.19,Low
Male,19,1.4,95.1,57.4,8.6,8,Yes,Graduate,No,63.7,Low
Male,20,1.3,90.3,41.6,4.9,9,Yes,Graduate,Yes,57.66,Low
Male,17,4.0,53.6,42.2,5.8,5,Yes,Postgraduate,No,60.85,Low
Female,20,1.4,62.4,44.4,4.6,3,Yes,School,Yes,42.46,Low
Male,20,6.5,91.0,55.2,7.2,9,Yes,School,No,84.89,High
Female,17,4.7,90.2,56.7,7.3,4,Yes,Graduate,No,59.25,Low
Female,17,1.2,97.3,62.0,7.3,1,No,Postgraduate,Yes,42.86,Low
Female,23,1.3,99.9,62.3,6.7,2,No,School,No,50.24,Low
Male,20,5.3,98.8,82.4,7.7,8,Yes,School,Yes,88.1,High
Female,18,6.6,70.5,47.8,4.2,2,Yes,School,No,59.4,Low
Female,23,4.1,62.5,48.7,8.8,6,No,Graduate,No,50.2,Low
Female,21,4.9,87.9,74.5,5.1,5,No,School,No,71.19,High
Female,22,6.6,65.0,71.4,4.6,9,Yes,Postgraduate,No,87.42,High
Female,21,5.3,90.3,48.5,8.7,8,No,School,Yes,80.42,High
Male,18,2.6,76.7,86.9,8.2,1,Yes,Graduate,Yes,54.16,Low
Female,23,5.3,89.7,58.1,7.8,3,Yes,School,Yes,68.74,Low
Female,22,5.4,63.8,60.2,4.5,5,Yes,Graduate,No,62.44,Low
Male,23,6.1,75.4,63.1,8.0,8,No,Graduate,No,77.16,High
Female,17,5.3,78.2,57.7,7.0,7,Yes,Graduate,No,73.97,High
Male,22,7.8,97.2,70.7,7.7,2,Yes,Graduate,No,81.31,High
Female,20,2.4,63.3,61.4,8.9,7,Yes,Postgraduate,No,66.93,Low
Male,21,7.7,96.8,54.3,5.0,5,Yes,Graduate,Yes,71.79,High
Male,22,4.8,90.2,89.7,6.5,6,Yes,Postgraduate,No,83.29,High
Female,20,5.7,86.5,57.0,7.8,8,Yes,School,Yes,82.02,High
Female,23,1.7,89.3,78.4,6.2,5,Yes,Graduate,Yes,60.49,Low
Female,18,3.7,80.3,59.1,4.3,9,Yes,School,No,67.61,Low
Male,22,6.4,62.2,63.9,4.6,1,Yes,School,Yes,74.85,High
Male,20,5.9,59.5,53.0,7.0,5,Yes,Graduate,No,66.06,Low
Male,23,1.3,93.3,81.4,5.4,1,No,Postgraduate,No,59.17,Low
Female,23,4.8,86.3,80.5,4.7,1,Yes,Graduate,No,71.69,High
Male,23,1.6,60.7,41.2,5.7,1,Yes,Graduate,Yes,32.66,Low
Male,18,8.0,80.8,43.3,5.0,5,Yes,Postgraduate,No,86.18,High
Female,17,7.3,72.4,90.7,4.1,9,Yes,Graduate,No,87.28,High
Male,18,1.1,57.9,88.9,4.8,2,Yes,School,No,49.53,Low
Male,18,7.0,76.6,67.8,8.4,6,Yes,Graduate,No,84.28,High
Female,21,7.4,64.1,67.1,4.1,5,Yes,School,Yes,74.94,High
Male,23,3.5,54.8,84.7,7.9,7,Yes,Graduate,No,67.06,Low
Female,20,6.0,73.3,47.6,7.8,7,No,School,Yes,74.55,High
Female,22,4.1,79.5,76.0,6.8,3,Yes,School,No,59.94,Low
Female,21,5.6,52.3,66.2,5.0,6,Yes,Graduate,No,74.29,High
Female,23,3.4,70.1,80.9,8.4,3,Yes,Postgraduate,No,66.63,Low
Female,19,3.3,62.9,41.7,6.4,2,Yes,School,No,50.64,Low
Male,18,4.0,51.5,72.6,4.9,5,Yes,Graduate,No,58.7,Low
Male,19,2.0,56.3,70.6,6.1,4,No,Graduate,No,49.83,Low
Female,23,6.8,57.0,86.2,5.0,4,Yes,Postgraduate,Yes,69.36,Low
Female,21,3.4,59.1,77.2,5.9,4,Yes,Graduate,No,64.26,Low
Male,20,3.8,90.2,88.4,6.5,8,Yes,Postgraduate,Yes,70.2,High
Female,21,7.3,72.0,88.8,5.8,1,Yes,School,Yes,78.61,High
Female,20,4.5,57.4,62.4,7.3,3,Yes,Postgraduate,Yes,57.44,Low
Female,20,4.8,55.0,47.6,8.7,9,Yes,Postgraduate,No,67.78,Low
Male,23,7.7,64.9,74.7,5.7,3,Yes,Postgraduate,No,71.8,High
Male,17,7.2,89.9,88.1,5.8,1,Yes,Postgraduate,Yes,86.74,High
Female,23,2.2,68.2,44.1,7.7,5,Yes,Postgraduate,No,45.8,Low
Female,18,4.3,58.0,70.7,6.7,4,Yes,Postgraduate,Yes,48.36,Low
Male,21,7.8,70.2,46.3,6.1,10,Yes,Postgraduate,No,78.54,High
Male,20,3.6,77.8,41.5,8.1,8,No,Graduate,Yes,58.02,Low
Female,23,3.6,51.5,77.4,8.5,9,No,Postgraduate,No,68.65,Low
Female,23,2.4,81.4,77.5,7.0,10,Yes,Graduate,No,66.98,Low
Male,21,1.8,69.8,73.0,4.9,5,Yes,Graduate,No,56.65,Low
Male,21,6.2,50.5,87.3,6.3,1,Yes,Graduate,No,62.1,Low
Male,20,6.4,83.7,44.4,6.5,4,Yes,Postgraduate,No,68.18,Low
Female,22,7.8,85.6,45.8,6.2,3,Yes,Graduate,No,71.21,High
Male,19,6.4,81.4,87.5,5.3,6,Yes,School,No,77.61,High
Female,18,2.7,67.1,67.7,6.4,2,Yes,Graduate,Yes,48.07,Low
Male,18,1.3,76.5,55.0,6.2,5,Yes,School,Yes,57.43,Low
Male,22,7.9,69.4,80.6,5.0,8,Yes,Graduate,No,80.25,High
Male,17,3.4,85.0,89.2,8.5,5,Yes,Postgraduate,Yes,69.54,Low
Male,22,3.2,79.2,77.9,8.4,5,Yes,Postgraduate,Yes,73.7,High
Female,17,7.3,54.1,83.6,7.8,8,Yes,Postgraduate,Yes,85.57,High
Female,17,5.1,82.2,55.5,6.0,5,Yes,Graduate,No,68.14,Low
Male,22,2.5,84.4,55.9,5.9,4,Yes,School,No,51.31,Low
Female,18,7.2,68.5,87.5,7.6,10,Yes,Graduate,Yes,90.34,High
Male,19,8.0,93.8,73.8,7.0,9,Yes,Graduate,Yes,100.0,High
Male,18,1.6,92.2,52.9,7.0,2,Yes,Graduate,No,56.17,Low
Male,23,7.0,58.8,68.8,4.6,1,No,Graduate,Yes,61.24,Low
Male,18,3.7,95.2,77.7,7.1,4,Yes,Postgraduate,Yes,68.46,Low
Female,18,4.7,72.0,52.0,8.5,10,No,Graduate,No,59.25,Low
Male,22,7.4,86.2,76.0,4.4,3,Yes,Graduate,Yes,82.03,High
Male,22,7.8,90.7,42.3,5.7,9,Yes,Graduate,Yes,75.91,High
Female,23,2.8,75.3,56.7,6.5,3,No,Graduate,No,56.58,Low
Male,23,2.5,70.0,77.1,7.4,3,No,School,No,58.93,Low
Male,22,1.6,95.8,48.2,4.4,10,No,Postgraduate,Yes,57.39,Low
Male,18,4.9,61.5,52.2,8.4,7,No,Graduate,Yes,65.24,Low
Female,19,1.1,62.8,88.4,4.2,2,Yes,Graduate,No,49.46,Low
Male,17,3.9,68.1,77.1,8.3,8,Yes,Graduate,Yes,66.89,Low
Female,21,1.5,93.0,67.4,4.1,6,Yes,Graduate,No,62.17,Low
Male,17,3.8,96.9,51.6,4.8,9,No,School,No,68.63,Low
Male,23,1.3,61.0,58.8,8.0,8,Yes,Postgraduate,Yes,61.24,Low
Female,23,6.8,93.2,71.6,8.3,4,Yes,Postgraduate,No,73.63,High
Male,17,2.5,62.9,48.5,8.9,8,Yes,Postgraduate,No,62.85,Low
Male,21,3.3,98.5,66.5,4.6,4,Yes,Graduate,No,60.64,Low
Female,18,7.1,79.9,62.5,6.6,5,No,Graduate,No,74.96,High
Female,19,6.2,50.4,66.2,4.4,10,Yes,Graduate,Yes,79.27,High
Female,19,2.5,51.7,45.8,4.8,7,Yes,Graduate,No,54.99,Low
Female,17,1.5,57.4,45.9,4.9,6,No,Graduate,No,52.73,Low
Female,21,6.0,59.4,93.0,4.3,5,Yes,Graduate,No,75.38,High
Male,23,3.7,88.4,93.9,8.5,2,Yes,School,No,70.84,High
Female,20,6.4,61.1,63.4,4.6,5,No,Graduate,No,75.78,High
Male,18,4.1,98.5,83.4,7.1,10,Yes,Graduate,No,86.61,High
Male,17,3.4,81.8,76.1,7.1,7,Yes,Postgraduate,No,71.63,High
Male,19,4.2,84.6,46.4,5.0,6,Yes,Postgraduate,Yes,51.39,Low
Female,23,6.2,60.9,56.3,9.0,6,Yes,Postgraduate,Yes,70.25,High
Female,22,7.3,94.6,57.3,5.7,5,Yes,School,No,76.32,High
Male,22,1.3,83.4,72.8,8.5,9,Yes,Graduate,Yes,64.39,Low
Female,21,4.7,93.2,71.9,8.7,1,Yes,Graduate,Yes,65.2,Low
Female,21,1.2,97.8,90.8,8.7,4,Yes,Graduate,Yes,64.32,Low
Female,17,4.3,56.3,83.5,7.8,7,Yes,School,No,79.19,High
Female,20,7.2,54.8,87.1,5.3,1,No,School,No,77.37,High
Male,19,3.5,90.2,89.0,4.6,4,Yes,School,Yes,71.62,High
Male,17,7.5,93.3,84.1,6.8,6,Yes,Graduate,No,91.39,High
Female,20,5.4,79.2,58.3,5.8,10,Yes,Graduate,No,70.63,High
Male,23,7.5,68.3,51.8,8.2,8,Yes,Graduate,Yes,82.04,High
Female,21,6.3,82.6,71.4,7.7,7,No,Graduate,No,84.14,High
Female,22,1.7,65.3,77.9,5.4,9,Yes,Graduate,No,62.17,Low
Male,18,2.6,61.9,61.3,4.1,7,Yes,Graduate,No,49.4,Low
Male,23,3.8,74.4,86.7,5.2,3,Yes,School,Yes,72.98,High
Male,22,2.2,60.8,92.8,6.8,10,Yes,School,Yes,69.89,Low
Female,19,4.5,74.2,71.3,4.4,4,Yes,Graduate,No,66.7,Low
Male,19,4.3,97.8,65.1,7.3,3,Yes,School,Yes,72.15,High
Female,22,7.7,92.0,86.4,7.4,9,Yes,Graduate,No,88.53,High
Male,23,4.0,97.1,41.3,4.8,8,No,School,No,72.22,High
Male,22,6.5,90.3,47.1,7.0,10,Yes,School,No,73.81,High
Female,20,7.6,67.7,86.5,7.0,9,Yes,School,No,89.66,High
Female,17,7.1,90.6,80.3,6.4,10,Yes,School,Yes,99.3,High
Female,21,2.5,96.1,62.9,8.8,10,Yes,Graduate,No,65.78,Low
Female,20,4.5,97.4,88.9,4.5,2,Yes,Graduate,No,70.0,High
Female,18,3.4,84.2,59.3,6.0,5,Yes,Graduate,No,65.81,Low
Female,22,3.8,60.6,74.9,8.4,5,Yes,Graduate,No,71.97,High
Female,18,3.5,52.0,74.9,5.9,7,Yes,Graduate,Yes,56.66,Low
Female,18,6.8,57.4,50.1,6.1,4,Yes,Graduate,Yes,60.37,Low
Male,20,4.2,98.3,55.7,7.3,4,No,Postgraduate,No,65.38,Low
Female,21,4.7,73.1,90.4,7.3,8,Yes,School,Yes,82.91,High
Female,23,7.9,92.7,50.1,4.1,1,Yes,School,Yes,70.02,High
Male,19,1.4,73.3,49.5,6.3,6,Yes,Postgraduate,No,50.45,Low
Female,17,4.4,83.0,66.4,5.7,9,Yes,Graduate,Yes,72.46,High
Male,19,6.4,51.2,45.1,7.1,2,No,Postgraduate,Yes,60.16,Low
Male,21,2.1,62.5,89.2,6.8,5,No,Graduate,Yes,63.68,Low
Female,19,5.3,71.8,45.5,7.3,10,Yes,School,No,74.31,High
Male,22,2.7,81.5,73.9,7.3,10,No,Graduate,No,79.56,High
Female,22,7.1,58.6,58.7,5.3,9,Yes,Graduate,Yes,78.34,High
Male,20,3.3,88.2,84.2,5.2,4,Yes,Graduate,Yes,70.61,High
Male,18,3.3,68.2,72.4,5.9,9,Yes,Graduate,Yes,71.81,High
Male,21,5.2,90.9,61.4,5.2,8,Yes,Postgraduate,No,78.62,High
Female,21,2.3,54.9,94.1,7.4,9,No,Graduate,Yes,71.01,High
Female,19,3.0,84.0,43.6,7.0,2,Yes,Graduate,No,60.11,Low
Male,20,3.9,64.7,71.8,5.1,10,Yes,Graduate,No,60.6,Low
Male,19,3.5,89.8,94.4,8.4,5,Yes,School,Yes,75.74,High
Female,19,4.7,70.1,78.0,6.3,10,Yes,Graduate,No,79.12,High
Female,21,5.2,83.3,80.7,4.6,9,Yes,Postgraduate,No,76.69,High
Male,19,5.0,96.7,41.8,5.1,5,Yes,Graduate,No,71.62,High
Male,18,5.6,51.0,41.2,6.7,4,Yes,Graduate,No,47.36,Low
Female,19,3.2,50.6,42.0,5.7,8,Yes,Graduate,No,51.35,Low
Female,18,1.9,88.5,94.5,8.3,6,Yes,Graduate,No,62.3,Low
Female,21,6.3,82.3,93.9,6.5,2,Yes,Graduate,Yes,77.27,High
Female,20,7.0,64.6,58.4,8.6,8,Yes,School,Yes,75.02,High
Female,22,2.8,74.7,56.0,4.5,5,No,School,No,56.45,Low
Male,18,3.8,52.1,48.0,7.3,7,Yes,Graduate,Yes,69.27,Low
Female,20,4.5,59.6,58.1,8.4,4,Yes,Graduate,Yes,68.46,Low
Male,20,4.7,71.2,60.4,5.5,9,Yes,Graduate,No,63.24,Low
Female,18,5.6,91.7,81.2,4.7,2,Yes,Graduate,No,75.16,High
Male,21,1.3,74.0,87.6,6.3,10,Yes,School,No,65.02,Low
Female,17,6.1,79.3,81.1,8.8,9,Yes,School,No,91.31,High
Female,20,1.4,93.7,75.6,7.2,4,No,Postgraduate,No,64.12,Low
Male,20,4.3,65.4,82.1,7.2,6,No,Postgraduate,No,78.1,High
Male,21,6.8,85.0,80.6,7.4,5,No,Postgraduate,No,91.35,High
Female,21,4.2,93.1,66.2,4.2,3,Yes,School,No,69.14,Low
Female,19,2.0,60.1,58.5,6.2,7,Yes,School,Yes,53.49,Low
Female,21,7.9,67.8,55.6,4.4,4,Yes,Graduate,No,71.36,High
Female,20,7.2,99.0,77.4,5.6,1,No,Postgraduate,No,72.33,High
Female,18,6.4,99.2,92.8,8.1,8,Yes,School,No,95.32,High
Male,17,3.9,61.2,72.0,7.3,3,Yes,Postgraduate,Yes,63.54,Low
Male,23,2.3,53.3,90.2,9.0,6,Yes,School,No,56.12,Low
Female,19,7.6,63.5,40.8,4.9,2,Yes,School,No,68.9,Low
Male,23,4.7,69.9,83.7,6.0,9,No,School,No,75.98,High
Male,18,7.0,72.1,86.9,8.0,4,Yes,School,No,77.22,High
Male,17,3.4,80.9,74.7,5.1,7,Yes,Postgraduate,Yes,68.81,Low
Female,17,3.3,95.0,91.4,4.8,9,Yes,Graduate,Yes,70.79,High
Male,17,7.9,66.5,72.4,6.1,3,No,School,Yes,73.8,High
Female,22,4.7,92.5,53.2,5.9,3,No,School,Yes,59.29,Low
Male,18,2.0,54.7,51.9,8.9,3,Yes,Graduate,Yes,43.59,Low
Female,19,2.5,52.1,70.6,6.3,5,No,School,No,50.21,Low
Male,19,4.4,75.2,89.9,8.3,10,Yes,School,Yes,81.76,High
Female,17,1.3,53.0,44.0,8.4,6,Yes,School,No,50.63,Low
Female,18,4.2,69.6,73.2,4.8,3,Yes,School,No,56.78,Low
Male,22,3.9,94.8,82.3,7.6,10,Yes,Postgraduate,Yes,78.46,High
Female,17,6.5,62.1,46.3,5.4,9,Yes,Graduate,No,66.05,Low
Female,21,3.5,85.3,46.4,4.5,1,Yes,Graduate,No,55.28,Low
Female,23,7.9,65.1,60.1,8.4,7,Yes,Graduate,Yes,79.63,High
Female,19,2.3,52.2,55.1,5.5,9,Yes,Postgraduate,No,57.14,Low
Female,23,5.1,77.8,50.9,5.7,5,Yes,School,Yes,62.31,Low
Female,20,1.6,91.7,50.9,5.6,3,Yes,Graduate,No,57.56,Low
Female,17,6.1,70.5,47.2,5.0,10,Yes,Graduate,Yes,71.81,High
Female,21,8.0,80.9,73.6,6.2,4,Yes,Graduate,No,88.04,High
Male,19,6.7,95.0,77.8,6.1,8,Yes,Graduate,No,91.76,High
Male,23,4.9,89.5,78.7,6.0,3,No,School,No,69.9,Low
Female,22,4.4,59.7,69.3,8.6,5,Yes,Graduate,Yes,62.97,Low
Female,18,6.8,86.7,92.4,5.7,3,No,School,Yes,80.22,High
Male,19,7.6,75.1,88.4,4.2,6,Yes,Postgraduate,Yes,83.51,High
Male,23,7.9,87.3,92.7,4.9,1,Yes,School,No,90.25,High
Male,18,3.8,74.7,61.4,7.6,7,Yes,Graduate,Yes,71.64,High
Female,23,7.9,56.4,88.3,7.0,6,Yes,Graduate,Yes,87.36,High
Male,18,2.1,78.5,82.0,8.8,6,No,School,No,63.85,Low
Female,22,2.8,74.6,58.7,7.5,3,Yes,Postgraduate,Yes,51.52,Low
Female,22,1.6,75.9,45.9,5.0,1,Yes,Graduate,No,34.56,Low
Male,17,2.9,93.9,77.5,4.6,1,Yes,Postgraduate,Yes,57.99,Low
Female,17,6.4,94.7,47.5,6.6,7,Yes,School,No,73.02,High
Female,19,7.0,72.7,56.2,7.3,4,Yes,Graduate,No,79.02,High
Female,22,6.5,72.8,67.5,4.8,6,No,School,Yes,77.11,High
Female,21,5.4,75.8,77.4,7.0,4,Yes,Graduate,Yes,72.77,High
Male,23,4.6,76.0,90.9,8.3,8,Yes,Graduate,No,85.26,High
Male,23,6.0,97.5,72.6,7.6,9,No,Graduate,Yes,92.77,High
Female,23,3.7,82.5,76.9,7.3,2,Yes,Graduate,Yes,63.85,Low
Female,19,6.9,63.9,57.1,7.9,1,Yes,Graduate,Yes,66.05,Low
Male,23,5.7,76.6,77.8,4.5,1,No,Postgraduate,No,60.52,Low
Female,20,5.9,81.4,64.1,5.0,7,Yes,Graduate,Yes,81.61,High
Male,18,4.8,82.0,87.1,4.2,2,No,Graduate,No,73.75,High
Female,23,7.2,79.3,61.6,4.7,3,Yes,Graduate,Yes,69.57,Low
Female,18,2.8,58.9,65.8,8.6,4,Yes,Graduate,No,62.14,Low
Male,17,3.7,51.7,63.8,5.1,9,Yes,School,No,51.12,Low
Male,23,6.4,66.9,84.6,7.3,10,No,Postgraduate,No,84.26,High
Male,21,4.4,71.4,92.5,7.5,2,No,Graduate,Yes,70.39,High
Male,22,7.2,53.1,58.0,7.2,10,Yes,Graduate,Yes,80.53,High
Female,22,3.4,90.7,66.1,6.8,2,Yes,Graduate,No,65.97,Low
Male,17,3.6,67.2,78.8,6.4,1,Yes,Postgraduate,No,55.09,Low
Female,20,7.2,95.7,89.2,6.1,8,Yes,Postgraduate,No,95.62,High
Male,19,4.3,57.7,67.2,8.6,8,Yes,Graduate,Yes,73.51,High
Male,19,4.6,52.8,46.0,4.0,5,Yes,Graduate,No,53.08,Low
Female,21,3.3,74.1,60.3,4.3,3,Yes,Graduate,No,52.6,Low
Male,17,2.9,59.5,70.3,6.5,1,No,Graduate,Yes,46.47,Low
Male,17,5.6,96.9,63.0,5.7,2,Yes,Graduate,No,66.41,Low
Male,20,1.8,50.5,50.3,6.0,9,Yes,Graduate,No,41.88,Low
Male,23,7.2,70.6,42.0,9.0,8,Yes,Postgraduate,Yes,75.49,High
Female,19,6.5,96.3,77.8,7.9,10,Yes,School,No,91.99,High
Female,23,2.3,69.2,94.6,8.4,4,Yes,School,No,64.33,Low
Male,17,5.9,54.7,90.6,5.8,3,Yes,School,Yes,69.83,Low
Male,23,5.2,65.1,77.6,5.2,5,No,Postgraduate,No,69.5,Low
Male,22,2.3,74.9,86.3,7.8,8,Yes,Graduate,Yes,70.84,High
Female,21,2.9,59.3,54.1,8.0,10,Yes,Graduate,Yes,65.47,Low
Female,19,3.9,73.3,74.2,6.7,6,Yes,Graduate,No,60.76,Low
Female,20,5.9,91.8,43.3,8.5,10,Yes,Postgraduate,No,76.18,High
Female,21,5.5,93.6,78.9,8.8,4,Yes,Graduate,Yes,71.83,High
Male,18,4.7,52.5,93.3,6.4,8,Yes,Graduate,No,73.36,High
Male,22,6.4,58.0,87.3,5.1,4,Yes,School,No,79.67,High
Male,20,6.3,63.8,69.4,6.6,5,No,Graduate,Yes,73.89,High
Female,21,5.3,79.7,83.4,8.9,2,Yes,School,No,72.07,High
Male,17,6.5,68.0,91.9,5.5,10,Yes,Postgraduate,No,84.03,High
Female,18,3.3,92.2,51.9,7.1,4,No,Graduate,No,57.89,Low
Female,20,7.2,85.8,83.6,7.5,10,Yes,School,No,90.55,High
Male,17,5.3,55.0,54.8,5.1,10,Yes,School,No,70.41,High
Male,22,6.8,81.2,88.2,6.9,3,Yes,School,Yes,76.71,High
Male,18,4.8,55.7,45.4,5.6,8,No,School,Yes,59.39,Low
Female,19,2.5,62.8,49.8,8.3,8,Yes,Graduate,Yes,54.48,Low
Female,17,4.8,58.9,79.6,7.6,7,No,Postgraduate,Yes,67.05,Low
Male,21,3.6,58.7,49.6,8.1,6,Yes,Graduate,Yes,50.43,Low
Male,23,5.9,80.8,48.7,5.0,9,No,School,No,72.65,High
Female,20,4.3,78.2,70.6,4.2,4,Yes,Graduate,No,57.71,Low
Male,18,6.9,58.8,85.9,8.3,4,Yes,Postgraduate,Yes,78.93,High
Female,17,5.7,99.5,54.8,5.9,6,Yes,Postgraduate,No,78.82,High
Female,19,5.8,71.1,86.3,4.9,1,Yes,School,No,69.35,Low
Male,23,2.5,54.9,84.4,4.5,2,Yes,Graduate,Yes,52.54,Low
Male,20,7.9,56.0,71.9,6.6,2,Yes,Graduate,No,66.09,Low
Male,20,6.9,79.2,75.6,4.8,10,Yes,Graduate,No,82.4,High
Male,17,6.5,99.0,42.2,6.8,4,Yes,Graduate,Yes,66.59,Low
Female,19,3.3,78.6,60.2,7.6,5,Yes,Graduate,No,58.92,Low
Female,22,4.7,97.5,54.5,6.7,2,No,Graduate,No,64.54,Low
Female,23,2.0,72.2,48.3,8.5,8,No,School,No,60.4,Low
Male,22,4.8,71.8,61.4,4.8,5,Yes,Graduate,No,52.27,Low
Female,18,2.0,75.0,59.5,6.5,8,Yes,Postgraduate,No,65.29,Low
Male,17,4.9,84.9,80.1,4.8,9,Yes,School,Yes,72.72,High
Male,23,5.5,68.4,72.9,8.4,9,No,Graduate,Yes,88.89,High
Male,18,3.7,93.2,90.2,8.7,4,Yes,School,Yes,72.35,High
Male,22,4.5,51.5,48.0,6.0,10,No,Graduate,Yes,65.01,Low
Male,23,7.1,72.0,43.3,5.5,2,Yes,Postgraduate,No,64.59,Low
Male,20,1.8,75.5,69.4,5.4,2,Yes,Graduate,No,49.25,Low
Female,18,6.5,80.4,40.1,8.3,5,No,Graduate,Yes,74.25,High
Male,19,2.2,63.8,83.3,7.4,10,Yes,Graduate,No,74.96,High
Female,21,1.3,71.4,67.8,8.4,4,Yes,Graduate,Yes,52.89,Low
Female,22,2.3,74.2,66.8,4.6,6,Yes,Graduate,No,52.99,Low
Male,22,6.4,84.3,59.9,6.4,9,Yes,Graduate,Yes,74.06,High
Male,19,3.8,88.7,60.6,7.4,7,No,Postgraduate,Yes,74.51,High
Male,23,7.1,86.9,63.7,8.5,4,Yes,Graduate,No,72.88,High
Female,23,4.7,67.1,40.9,5.9,7,Yes,Graduate,No,61.52,Low
Male,23,1.2,100.0,44.6,5.6,2,Yes,Postgraduate,Yes,49.42,Low
Female,18,6.0,92.4,67.8,8.6,5,Yes,Postgraduate,No,75.33,High
Male,17,1.8,63.0,48.3,4.2,9,Yes,Graduate,No,55.09,Low
Male,20,6.5,59.8,82.8,6.4,9,Yes,Graduate,Yes,82.27,High
Female,21,2.2,65.7,55.1,6.3,4,Yes,Postgraduate,No,49.47,Low
Female,17,3.4,72.6,45.4,4.7,8,Yes,School,Yes,51.26,Low
Male,17,6.3,92.5,52.9,6.0,5,Yes,School,Yes,70.09,High
Female,19,7.7,88.9,59.6,7.6,3,Yes,School,No,74.76,High
Female,18,3.6,92.6,41.9,5.8,6,Yes,School,Yes,63.88,Low
Female,22,6.8,63.6,47.8,5.5,4,Yes,Graduate,No,66.99,Low
Female,22,2.3,79.7,57.8,7.9,3,Yes,Postgraduate,No,50.72,Low
Female,19,6.7,64.2,57.1,8.9,4,Yes,School,Yes,63.31,Low
Male,18,5.6,55.5,84.0,7.9,1,Yes,Graduate,No,71.48,High
Male,19,2.3,84.2,86.4,8.2,10,Yes,Graduate,No,80.07,High
Female,22,3.1,57.1,50.6,8.7,8,Yes,Graduate,No,64.7,Low
Male,17,1.9,83.4,46.8,8.0,9,Yes,Graduate,No,61.32,Low
Male,20,3.7,82.4,74.9,8.9,6,Yes,Graduate,Yes,66.53,Low
Female,23,2.4,90.5,84.3,7.7,5,Yes,School,No,64.86,Low
Male,18,5.5,57.0,93.0,7.3,9,Yes,School,Yes,70.67,High
Female,21,8.0,89.2,40.4,7.5,4,Yes,Postgraduate,No,76.08,High
Female,21,1.1,100.0,62.8,8.5,1,No,School,No,56.33,Low
Male,17,4.8,92.6,80.4,7.4,7,Yes,School,Yes,75.16,High
Female,19,5.0,87.6,85.6,7.8,1,Yes,Graduate,No,68.24,Low
Female,19,7.4,83.1,43.4,5.1,9,Yes,Postgraduate,No,64.8,Low
Female,22,4.5,71.1,77.4,8.6,4,Yes,Graduate,No,72.3,High
Female,17,4.8,86.5,55.9,6.2,3,Yes,Graduate,Yes,69.73,Low
Female,22,4.3,86.2,44.1,4.8,4,Yes,Graduate,No,58.05,Low
Male,22,2.9,81.6,66.9,8.0,1,Yes,Postgraduate,No,53.93,Low
Male,21,1.4,89.8,48.7,5.8,6,No,School,No,48.59,Low
Female,22,3.9,72.4,80.5,4.9,7,Yes,School,No,66.98,Low
Female,23,1.4,56.1,80.8,5.3,7,Yes,School,No,60.64,Low
Male,22,4.9,78.0,86.3,4.2,5,No,School,No,70.3,High
Female,21,3.2,63.3,60.8,4.5,10,Yes,School,No,57.8,Low
Male,23,4.7,69.2,40.7,7.0,10,Yes,Graduate,No,76.89,High
Female,19,1.9,50.9,54.3,8.3,5,Yes,Postgraduate,No,43.69,Low
Female,18,7.5,69.1,65.7,6.2,6,Yes,Graduate,No,73.19,High
Female,20,7.3,90.4,78.2,7.1,10,Yes,School,Yes,88.51,High
Female,22,2.3,77.1,61.0,8.0,8,Yes,Graduate,Yes,63.49,Low
Female,23,3.4,50.5,69.5,5.8,9,Yes,Graduate,Yes,62.08,Low
Female,18,5.3,73.5,68.8,7.3,6,Yes,Postgraduate,No,70.13,High
Female,21,1.7,64.6,49.1,5.8,3,No,Postgraduate,No,44.39,Low
Male,18,3.5,73.9,74.3,7.2,6,Yes,Graduate,Yes,61.49,Low
Male,20,2.8,70.2,64.2,5.1,4,Yes,Graduate,No,57.09,Low
Male,18,7.4,96.6,84.4,8.9,4,Yes,Graduate,Yes,93.16,High
Female,23,7.0,52.1,78.0,4.4,7,Yes,Postgraduate,Yes,73.2,High
Female,18,5.1,84.2,46.1,6.5,6,Yes,School,No,67.44,Low
Female,18,4.6,92.6,66.9,5.4,8,Yes,School,No,73.05,High
Female,18,7.5,98.0,78.6,7.0,8,Yes,Graduate,No,94.67,High
Female,17,7.5,58.9,44.8,6.1,3,Yes,Graduate,Yes,65.29,Low
Female,22,7.8,76.6,83.6,5.5,4,Yes,School,No,87.72,High
Female,21,1.9,52.2,52.2,5.3,2,No,Graduate,No,53.91,Low
Male,20,2.1,75.0,67.7,4.9,1,Yes,Graduate,No,53.37,Low
Female,21,5.7,56.3,91.7,7.9,7,Yes,Graduate,No,84.04,High
Male,17,4.8,91.9,71.4,5.1,8,Yes,Graduate,Yes,73.53,High
Male,17,1.1,55.7,63.3,7.9,8,Yes,Graduate,Yes,51.13,Low
Female,23,1.4,75.7,40.4,6.4,6,Yes,Graduate,Yes,48.96,Low
Female,17,7.2,76.1,47.3,4.4,7,Yes,Postgraduate,No,67.08,Low
Male,22,7.1,98.6,71.8,4.8,8,Yes,School,No,91.47,High
Male,17,3.5,82.7,67.2,8.5,4,No,Graduate,Yes,68.6,Low
Female,18,7.2,64.4,60.0,7.0,8,Yes,Graduate,No,75.57,High
Female,21,5.2,62.0,90.8,4.9,6,Yes,School,Yes,77.05,High
Male,19,6.6,56.4,58.3,7.5,7,Yes,School,No,83.87,High
Female,20,4.0,87.8,69.5,8.1,10,Yes,Graduate,Yes,78.32,High
Female,17,1.8,84.5,71.3,5.7,7,No,Graduate,No,64.99,Low
Female,21,4.0,80.5,69.0,6.8,8,Yes,School,No,72.74,High
Male,23,4.2,52.0,66.3,5.5,5,Yes,School,No,61.34,Low
Male,17,4.9,88.1,58.5,4.4,2,Yes,Graduate,Yes,61.59,Low
Male,22,1.7,82.1,90.0,6.0,8,No,Graduate,No,78.52,High
Female,17,7.9,98.2,64.8,7.8,1,Yes,School,Yes,69.81,Low
Female,17,2.7,79.4,69.1,6.3,2,Yes,Postgraduate,No,58.7,Low
Male,17,2.4,65.2,76.1,6.0,5,Yes,School,Yes,57.9,Low
Male,23,4.7,69.1,43.7,5.8,4,Yes,School,Yes,63.03,Low
Male,17,4.8,58.8,83.0,6.3,2,Yes,Graduate,No,70.5,High
Female,20,4.1,86.1,68.2,5.6,4,Yes,School,Yes,69.5,Low
Male,21,6.4,85.4,76.1,7.1,7,Yes,School,No,78.68,High
Male,22,4.6,60.0,82.5,4.3,5,Yes,Graduate,Yes,73.69,High
Female,17,5.3,57.9,88.1,8.0,4,Yes,Postgraduate,No,71.12,High
Female,17,6.1,53.9,61.6,4.9,2,Yes,Graduate,No,67.48,Low
Female,17,1.2,95.6,84.6,7.2,2,Yes,Graduate,No,61.08,Low
Male,17,5.0,61.7,54.2,6.2,1,Yes,Postgraduate,Yes,57.35,Low
Female,18,7.2,67.2,76.3,7.9,10,Yes,School,No,86.05,High
Female,18,1.1,64.0,45.6,8.1,6,Yes,Graduate,No,37.6,Low
Male,19,3.8,70.7,41.1,5.0,6,Yes,School,Yes,65.28,Low
Female,17,7.5,85.7,45.3,7.4,4,No,Graduate,Yes,76.04,High
Male,19,3.5,93.5,57.6,4.9,9,Yes,Graduate,No,66.28,Low
Male,20,4.2,59.1,41.7,4.6,4,No,Graduate,Yes,54.22,Low
Female,19,7.9,84.3,74.7,8.7,3,Yes,Graduate,No,82.07,High
Female,21,2.4,67.6,57.4,4.8,10,No,Postgraduate,No,55.75,Low
Female,18,1.5,99.0,80.5,5.1,9,Yes,School,Yes,65.22,Low
Female,18,7.0,64.9,42.5,4.7,1,Yes,Graduate,No,57.5,Low
Female,17,7.1,50.4,51.9,6.4,2,Yes,School,Yes,60.63,Low
Female,17,4.3,75.8,62.4,8.6,1,Yes,Graduate,Yes,62.12,Low
Male,20,4.6,57.5,61.0,5.3,7,Yes,School,No,69.89,Low
Male,22,6.9,52.2,47.2,6.7,1,Yes,Postgraduate,No,62.18,Low
Female,20,6.2,84.9,94.7,6.1,1,Yes,Graduate,Yes,76.95,High
Male,21,2.9,86.6,55.6,5.7,6,No,Graduate,No,49.0,Low
Female,17,1.1,73.0,79.7,6.9,6,Yes,Postgraduate,Yes,61.03,Low
Male,17,4.4,83.8,52.1,6.8,5,Yes,Graduate,Yes,60.71,Low
Male,20,7.0,76.9,88.3,5.8,4,Yes,Postgraduate,No,82.89,High
Male,20,7.3,81.5,61.3,8.3,8,Yes,Graduate,No,86.34,High
Female,20,7.7,79.8,89.5,4.3,3,Yes,School,Yes,80.69,High
Male,18,7.2,83.3,58.8,4.4,1,No,Graduate,No,64.81,Low
Female,19,5.1,60.0,40.5,9.0,1,No,Postgraduate,Yes,56.7,Low
Male,19,4.1,63.4,68.4,7.7,5,No,School,No,58.78,Low
Male,17,6.4,72.0,68.9,8.0,3,Yes,Graduate,Yes,84.54,High
Male,18,6.2,72.3,46.6,7.0,3,Yes,School,No,64.98,Low
Male,20,4.8,88.7,52.9,6.1,2,No,Graduate,No,64.72,Low
Male,17,1.6,68.4,83.1,7.1,9,No,School,No,65.04,Low
Female,18,7.5,58.1,42.0,4.5,6,Yes,Graduate,Yes,63.67,Low
Female,21,4.2,62.6,66.9,7.8,7,Yes,Graduate,No,77.38,High
Male,22,3.5,60.7,69.2,6.7,2,Yes,School,Yes,50.71,Low
Male,18,5.4,86.6,77.9,8.8,1,Yes,Graduate,Yes,72.49,High
Male,23,5.7,73.5,42.1,7.2,8,Yes,Graduate,No,68.05,Low
Male,17,2.5,85.4,72.2,4.8,10,Yes,Postgraduate,Yes,66.4,Low
Female,19,6.9,70.8,40.2,6.4,4,Yes,School,No,62.6,Low
Male,23,3.0,94.5,54.6,4.3,9,Yes,School,No,63.23,Low
Female,20,2.3,99.2,67.5,7.7,9,Yes,School,Yes,72.96,High
Male,22,3.8,83.5,90.1,6.5,4,Yes,School,Yes,72.55,High
Female,21,6.1,93.2,47.0,5.8,10,Yes,Graduate,No,79.75,High
Male,22,7.8,75.4,49.3,8.8,3,Yes,Postgraduate,No,72.63,High
Male,22,6.7,96.7,76.8,8.7,5,No,Graduate,No,89.53,High
Female,18,7.6,91.6,60.6,8.8,6,Yes,School,Yes,76.88,High
Male,17,2.0,99.6,74.3,5.1,10,No,Graduate,No,69.44,Low
Male,17,1.5,81.2,94.9,7.6,4,Yes,School,Yes,62.94,Low
Male,22,4.9,89.0,94.3,8.7,1,Yes,School,Yes,74.52,High
Female,20,3.0,77.1,59.5,6.9,7,Yes,Graduate,No,61.28,Low
Male,17,6.8,63.0,67.7,5.1,5,Yes,School,No,71.78,High
Male,22,5.7,67.7,89.8,8.1,2,Yes,Graduate,Yes,77.33,High
Female,17,7.8,94.7,45.1,8.4,9,Yes,School,No,83.13,High
Female,20,2.8,52.8,64.9,7.5,8,Yes,Postgraduate,No,58.47,Low
Female,21,4.4,79.6,60.8,5.5,10,Yes,Graduate,Yes,78.26,High
Male,23,4.5,68.6,56.2,5.0,7,Yes,Graduate,No,68.83,Low
Male,22,2.7,69.3,94.7,7.1,9,Yes,School,No,73.9,High
Male,19,5.1,94.2,80.3,6.4,10,Yes,School,No,85.59,High
Female,19,4.1,92.7,61.4,7.3,2,No,Graduate,No,56.1,Low
Male,22,4.1,79.9,85.6,4.6,3,Yes,Postgraduate,No,66.03,Low
Male,18,3.5,63.6,66.9,4.7,9,Yes,Graduate,No,68.11,Low
Female,21,1.1,73.8,88.0,5.8,6,Yes,Graduate,No,63.4,Low
Female,18,4.7,70.4,54.7,5.3,2,Yes,School,No,52.05,Low
Female,23,3.3,67.7,52.3,7.1,6,Yes,School,Yes,51.61,Low
Female,19,1.0,55.1,53.6,5.8,5,Yes,School,No,47.82,Low
Female,20,3.2,77.2,69.6,7.4,10,No,Graduate,No,76.7,High
Male,22,3.0,65.1,56.0,7.8,5,Yes,Postgraduate,No,60.79,Low
Female,23,3.8,83.0,48.1,4.9,5,Yes,Graduate,No,68.67,Low
Male,17,1.9,66.0,94.7,8.6,2,No,Graduate,Yes,67.6,Low
Male,19,4.6,71.6,89.5,7.9,6,Yes,Postgraduate,No,72.76,High
Female,21,5.8,52.6,74.9,7.1,7,Yes,Graduate,Yes,80.49,High
Female,19,5.4,99.6,89.0,8.5,9,Yes,Graduate,Yes,86.25,High
Female,21,6.6,75.4,91.5,5.3,5,No,School,No,83.59,High
Male,21,4.2,51.2,77.2,6.1,5,Yes,Graduate,No,57.44,Low
Female,22,4.6,77.1,68.5,4.4,9,Yes,Graduate,Yes,77.57,High
Female,21,6.7,93.5,88.5,6.3,6,Yes,Postgraduate,No,85.05,High
Female,18,4.0,88.6,71.2,6.5,7,Yes,Graduate,No,83.71,High
Female,23,5.9,85.0,47.0,7.1,4,Yes,School,No,69.55,Low
Female,20,4.0,57.0,60.2,4.3,4,Yes,School,Yes,55.71,Low
Male,19,3.9,82.9,64.5,4.2,1,Yes,Graduate,No,52.96,Low
Male,20,6.3,88.3,91.4,6.1,5,Yes,Postgraduate,Yes,86.26,High
Male,23,2.2,78.6,76.3,4.9,2,Yes,Graduate,Yes,57.17,Low
Female,17,3.4,94.6,88.1,7.8,5,Yes,School,Yes,71.25,High
Female,23,2.6,63.8,81.7,7.3,5,Yes,School,No,70.61,High
Female,19,3.5,62.1,57.0,5.6,4,No,Postgraduate,No,51.82,Low
Male,20,2.6,93.5,79.5,4.2,10,Yes,School,Yes,64.94,Low
Female,20,5.1,81.3,50.7,4.9,9,Yes,School,No,69.65,Low
Female,22,6.6,50.1,62.4,7.5,5,Yes,Graduate,Yes,70.22,High
Female,22,6.5,67.7,84.3,9.0,6,No,School,No,81.57,High
Male,23,3.6,92.9,73.7,5.6,1,Yes,School,Yes,65.51,Low
Female,23,7.9,51.4,85.4,8.0,5,Yes,School,No,83.83,High
Male,17,5.2,50.2,54.0,8.3,9,No,Postgraduate,No,75.97,High
Female,21,3.8,64.1,81.2,4.2,6,No,School,No,71.52,High
Male,19,6.8,95.7,51.1,8.6,9,Yes,Postgraduate,No,87.48,High
Male,22,6.1,95.1,70.0,6.3,4,Yes,Graduate,Yes,80.58,High
Male,19,6.2,75.9,63.8,8.8,2,No,Postgraduate,Yes,63.2,Low
Female,17,2.4,77.7,70.6,6.7,9,Yes,Postgraduate,No,70.54,High
Female,22,4.3,66.6,47.5,5.2,4,Yes,Graduate,No,59.71,Low
Male,22,7.0,62.2,59.9,8.9,2,Yes,Graduate,No,78.27,High
Male,21,4.5,90.8,76.7,5.2,1,Yes,School,No,62.94,Low
Female,19,5.8,55.3,70.7,8.4,2,Yes,Graduate,No,63.3,Low
Female,19,5.1,74.4,70.2,4.9,5,Yes,Graduate,No,66.86,Low
Male,19,6.9,81.7,68.1,7.4,3,Yes,Postgraduate,No,76.34,High
Female,21,3.0,55.2,91.9,6.1,6,Yes,Graduate,No,60.65,Low
Female,22,5.0,76.0,91.4,8.9,4,No,School,No,70.8,High
Female,17,1.9,78.9,59.8,4.9,2,Yes,Graduate,Yes,46.29,Low
Female,19,5.8,87.1,59.4,6.0,7,Yes,Postgraduate,No,67.84,Low
Male,20,6.1,61.7,70.5,7.2,6,Yes,School,Yes,65.32,Low
Female,21,1.3,64.7,45.3,8.9,8,Yes,Graduate,No,49.25,Low
Female,18,5.7,78.5,56.7,5.5,10,Yes,Graduate,No,76.42,High
Male,17,3.9,99.2,52.7,6.0,5,Yes,School,No,63.57,Low
Male,20,1.9,60.9,52.3,6.3,3,Yes,Graduate,Yes,50.05,Low
Female,19,3.9,99.3,75.1,5.3,4,Yes,Postgraduate,Yes,61.62,Low
Female,18,2.4,85.7,61.1,8.1,5,Yes,Postgraduate,No,65.24,Low
Female,17,3.9,91.3,49.4,4.5,5,Yes,Graduate,No,59.44,Low
Female,21,3.7,54.5,88.8,7.5,6,Yes,Graduate,No,76.71,High
Male,18,6.2,65.0,88.1,6.7,9,Yes,Graduate,No,85.17,High
Male,22,6.4,52.9,87.4,5.2,4,Yes,School,No,73.32,High
Male,23,5.2,68.6,61.5,6.5,7,Yes,Graduate,Yes,68.83,Low
Female,18,1.2,99.1,43.1,8.1,7,Yes,Postgraduate,Yes,57.45,Low
Female,23,7.5,55.3,45.9,6.2,6,Yes,School,Yes,75.2,High
Female,20,5.8,78.1,55.2,4.6,1,Yes,Postgraduate,Yes,65.56,Low
Female,17,1.2,50.3,52.1,4.2,9,Yes,Postgraduate,No,49.5,Low
Male,20,6.7,85.6,88.1,7.9,6,Yes,School,Yes,86.39,High
Male,20,2.4,59.9,94.2,5.7,3,No,Postgraduate,No,60.89,Low
Female,19,5.1,56.5,84.9,8.7,2,Yes,Graduate,Yes,79.67,High
Male,21,4.3,66.9,80.1,7.1,3,Yes,Graduate,No,69.51,Low
Female,18,3.9,88.6,72.4,6.2,1,Yes,Graduate,No,68.13,Low
Female,17,7.2,55.3,82.3,6.8,3,No,Graduate,No,79.05,High
Male,22,4.1,61.5,92.1,6.3,5,Yes,Postgraduate,No,72.28,High
Female,21,1.5,50.4,73.1,8.5,4,Yes,School,No,39.88,Low
Female,21,7.6,98.4,48.5,6.3,10,Yes,Graduate,Yes,81.03,High
Male,17,7.4,79.6,49.0,4.5,1,Yes,Graduate,Yes,66.54,Low
Female,21,5.8,86.0,72.1,7.0,5,Yes,School,Yes,76.96,High
Female,19,4.3,82.6,58.3,7.1,3,Yes,Postgraduate,No,64.24,Low
Male,21,1.7,57.2,90.1,7.8,10,Yes,Postgraduate,No,71.22,High
Female,19,6.5,79.7,73.6,8.7,7,Yes,Graduate,Yes,76.82,High
Male,18,1.5,56.6,77.2,6.2,10,No,School,No,62.73,Low
Female,18,1.5,70.1,40.3,5.8,8,No,Postgraduate,No,50.6,Low
Male,20,4.8,78.4,67.4,6.5,5,Yes,Postgraduate,No,71.58,High
Male,19,2.1,77.9,63.7,8.5,10,Yes,School,No,60.46,Low
Male,22,1.1,56.0,78.8,8.9,8,Yes,Graduate,Yes,60.44,Low
Female,18,4.0,51.7,61.0,8.9,6,Yes,School,Yes,52.65,Low
Male,21,2.0,89.9,93.7,5.1,6,No,School,No,60.39,Low
Male,17,2.1,86.3,76.9,6.5,5,Yes,School,No,72.25,High
Male,17,1.5,54.1,76.3,5.3,10,Yes,Graduate,No,59.35,Low
Male,23,2.4,56.4,90.6,5.8,6,Yes,Postgraduate,No,57.42,Low
Male,19,6.0,94.6,94.7,4.2,1,Yes,School,No,67.72,Low
Female,22,6.7,88.5,50.9,4.8,8,Yes,Graduate,No,75.27,High
Female,20,4.2,99.8,84.6,6.0,5,Yes,Postgraduate,Yes,83.88,High
Female,21,4.5,62.7,48.9,5.8,8,No,Graduate,No,62.71,Low
Female,19,1.2,74.4,65.1,5.4,3,Yes,Postgraduate,Yes,51.76,Low
Female,23,1.5,61.8,45.5,5.2,10,Yes,Postgraduate,No,48.36,Low
Female,17,2.8,81.1,74.3,7.7,6,Yes,Graduate,Yes,62.3,Low
Female,19,4.8,55.8,65.8,5.5,1,Yes,Graduate,Yes,57.5,Low
Male,21,6.2,56.4,74.6,7.5,1,Yes,School,No,66.45,Low
Female,22,5.2,53.6,77.3,5.8,4,Yes,Graduate,No,65.75,Low
Male,22,3.7,84.7,74.1,8.0,10,Yes,Graduate,Yes,78.12,High
Male,18,1.8,74.7,56.2,4.8,6,Yes,Graduate,No,56.3,Low
Female,21,6.5,80.9,86.0,4.8,3,Yes,Graduate,Yes,67.01,Low
Male,23,3.5,94.0,70.3,7.4,5,Yes,Postgraduate,No,66.28,Low
Male,18,6.2,87.0,66.9,8.6,10,Yes,Postgraduate,No,89.24,High
Male,18,4.6,73.1,94.3,4.7,4,Yes,School,Yes,68.87,Low
Male,18,6.2,99.2,55.6,4.4,10,No,Graduate,Yes,88.11,High
Female,19,7.4,72.8,69.0,8.7,3,Yes,Postgraduate,Yes,81.55,High
Female,23,7.4,55.6,77.5,4.6,9,Yes,Graduate,Yes,78.01,High
Female,17,4.7,99.6,46.9,5.3,4,Yes,Postgraduate,No,61.16,Low
Female,22,4.6,51.1,59.5,8.6,10,Yes,Graduate,Yes,68.2,Low
Female,19,2.9,77.5,84.1,8.0,7,Yes,Graduate,No,66.57,Low
Female,17,7.6,65.5,53.0,5.7,5,No,Graduate,Yes,69.92,Low
Female,22,4.2,75.2,67.1,8.8,7,Yes,School,No,66.24,Low
Female,23,1.9,77.9,74.7,6.8,5,Yes,Postgraduate,No,58.83,Low
Female,23,4.0,62.0,76.9,4.4,3,Yes,Graduate,No,62.68,Low
Female,21,1.9,77.8,80.1,7.5,6,Yes,Graduate,No,66.47,Low
Male,22,4.5,87.8,87.6,6.7,9,Yes,Graduate,Yes,83.04,High
Female,22,4.9,63.3,61.6,6.9,6,No,Graduate,Yes,56.96,Low
Male,23,3.4,69.2,78.9,9.0,4,Yes,Graduate,No,67.39,Low
Male,22,1.5,63.4,80.3,4.8,1,Yes,Postgraduate,Yes,46.71,Low
Male,20,7.6,91.0,56.5,7.3,3,No,Postgraduate,No,78.05,High
Male,21,6.4,86.2,93.2,6.3,3,Yes,Postgraduate,Yes,77.71,High
Female,19,6.9,93.6,87.6,5.4,2,Yes,Graduate,No,76.52,High
Male,19,3.6,58.5,55.9,7.5,10,Yes,Graduate,No,63.93,Low
Female,17,6.3,53.7,77.1,7.3,2,No,Graduate,No,74.59,High
Female,19,4.4,56.0,79.5,8.3,8,Yes,School,No,56.68,Low
Male,18,2.4,58.1,63.7,8.4,8,Yes,School,Yes,63.91,Low
Female,22,1.9,76.7,87.5,6.8,3,Yes,Graduate,No,66.08,Low
Male,19,3.4,98.5,78.0,5.6,4,Yes,School,Yes,58.35,Low
Male,17,2.0,67.9,76.2,6.6,5,No,Postgraduate,Yes,56.61,Low
Female,17,8.0,97.9,52.1,5.8,9,Yes,Graduate,Yes,82.24,High
Female,18,1.3,51.9,62.4,5.4,5,Yes,School,Yes,43.73,Low
Male,17,4.1,96.3,63.9,6.8,6,Yes,School,No,69.29,Low
Female,23,4.2,59.1,80.4,7.3,7,Yes,Graduate,No,71.28,High
Female,20,3.1,95.6,74.0,7.0,2,Yes,Postgraduate,No,61.5,Low
Female,23,5.0,52.8,44.7,8.8,4,Yes,Postgraduate,No,50.65,Low
Male,22,2.0,97.4,56.9,5.5,6,Yes,Graduate,No,53.09,Low
Male,22,6.5,60.0,66.0,5.9,4,Yes,School,No,68.68,Low
Female,22,3.3,65.1,80.5,7.3,5,Yes,Postgraduate,Yes,64.99,Low
Female,21,5.1,74.5,80.9,7.0,3,Yes,Graduate,No,68.22,Low
Female,19,6.0,69.0,67.0,4.0,2,Yes,Postgraduate,Yes,58.12,Low
Female,20,7.2,83.4,46.4,5.6,1,No,School,No,62.01,Low
Female,19,6.9,98.7,56.1,5.3,3,Yes,Graduate,Yes,74.13,High
Male,20,5.3,80.3,54.0,8.2,10,No,Postgraduate,Yes,67.83,Low
Female,19,3.7,86.1,83.0,8.3,9,No,School,Yes,77.55,High
Male,18,4.5,54.4,49.9,5.4,1,Yes,Graduate,No,40.6,Low
Female,23,6.4,81.4,65.6,4.5,8,Yes,School,Yes,72.56,High
Male,17,7.1,72.7,76.9,5.0,5,Yes,Graduate,No,83.66,High
Female,17,1.7,94.3,93.1,4.9,4,No,Graduate,No,59.15,Low
Male,23,3.7,69.4,95.0,5.2,5,No,Postgraduate,Yes,77.78,High
Female,18,6.4,84.0,92.4,5.2,7,No,School,No,85.28,High
Male,20,4.0,61.4,79.5,6.4,8,No,Postgraduate,Yes,78.23,High
Male,23,3.3,63.0,81.1,5.6,2,Yes,Graduate,No,47.2,Low
Male,21,3.9,68.8,81.8,6.8,6,Yes,Graduate,No,77.05,High
Male,20,5.2,65.2,87.4,5.7,4,Yes,Graduate,Yes,70.96,High
Male,17,8.0,62.7,92.3,8.1,8,Yes,Graduate,Yes,91.44,High
Male,21,4.5,52.5,64.5,8.8,4,Yes,Postgraduate,Yes,58.42,Low
Female,19,2.5,91.8,62.9,6.0,3,Yes,School,No,56.68,Low
Male,21,2.1,53.2,65.3,4.2,5,Yes,Graduate,No,52.03,Low
Female,20,1.3,94.4,76.3,5.2,4,Yes,School,No,53.23,Low
Female,18,4.9,56.3,82.6,4.5,5,Yes,School,Yes,63.08,Low
Female,19,4.8,53.3,87.9,5.7,9,Yes,Graduate,Yes,77.06,High
Female,20,2.4,78.2,65.1,7.2,3,Yes,School,Yes,56.27,Low
Female,19,5.9,75.1,60.0,6.6,2,Yes,School,No,54.29,Low
Male,21,6.2,74.6,94.1,5.2,2,Yes,School,Yes,79.25,High
Male,17,2.8,78.7,52.8,7.8,9,No,School,Yes,67.64,Low
Male,20,3.4,64.4,52.2,4.7,7,Yes,Graduate,No,50.27,Low
Female,18,7.9,83.1,79.3,5.1,10,Yes,Graduate,Yes,86.8,High
Male,23,3.6,75.1,49.9,7.4,4,Yes,Graduate,Yes,51.9,Low
Male,21,6.3,66.7,62.0,5.0,6,Yes,Graduate,Yes,78.23,High
Male,20,4.2,91.3,56.1,7.4,10,Yes,School,No,70.47,High
Male,18,6.6,86.4,49.3,8.9,6,Yes,Postgraduate,Yes,78.32,High
Male,20,6.4,69.7,71.9,8.2,3,Yes,School,Yes,79.27,High
Female,21,5.7,92.4,60.5,4.8,9,Yes,Graduate,No,81.02,High
Male,20,7.0,96.0,65.4,6.6,4,No,School,Yes,78.93,High
Female,19,7.6,76.8,50.8,6.1,1,Yes,School,No,73.11,High
Female,21,5.1,60.7,82.2,9.0,2,Yes,Graduate,No,60.48,Low
Female,20,2.7,95.8,57.3,8.8,5,Yes,School,Yes,65.94,Low
Female,23,3.8,59.5,58.8,4.6,8,Yes,Graduate,No,59.91,Low
Female,17,6.3,52.4,53.9,8.5,7,Yes,Graduate,No,69.32,Low
Male,20,5.6,66.4,63.9,5.0,9,Yes,Postgraduate,No,74.07,High
Male,19,2.2,86.3,65.5,5.6,1,Yes,Graduate,No,58.81,Low
Male,18,1.4,96.2,69.1,5.8,2,Yes,Graduate,No,59.23,Low
Female,23,5.8,81.9,93.2,5.4,10,Yes,Graduate,No,86.29,High
Male,18,2.8,97.6,89.8,8.3,4,Yes,Graduate,Yes,73.1,High
Male,23,4.5,54.6,73.5,5.6,7,Yes,Graduate,No,62.42,Low
Female,18,6.2,53.0,42.1,8.1,1,No,School,Yes,55.82,Low
Female,17,4.9,80.2,73.7,9.0,5,Yes,Graduate,No,75.65,High
Female,19,1.6,98.3,44.9,8.2,2,Yes,Graduate,No,51.49,Low
Female,21,2.3,75.1,79.1,5.7,2,Yes,School,Yes,58.41,Low
Male,18,2.5,52.6,61.5,7.6,2,Yes,Postgraduate,Yes,50.62,Low
Female,23,2.8,61.1,86.1,6.7,9,No,School,No,66.82,Low
Female,19,5.0,62.2,91.8,7.9,10,Yes,Graduate,No,79.61,High
Male,20,4.5,66.9,62.9,4.8,5,Yes,Postgraduate,Yes,60.91,Low
Male,17,2.4,52.2,65.3,7.2,8,Yes,Postgraduate,Yes,60.23,Low
Female,19,1.5,95.2,72.5,7.9,10,Yes,Graduate,No,70.79,High
Male,19,2.2,75.8,50.8,7.8,6,Yes,School,No,58.17,Low
Female,21,7.9,83.5,91.0,8.8,1,Yes,Postgraduate,No,86.04,High
Female,19,4.3,53.4,63.8,4.3,10,Yes,School,No,66.12,Low
Male,21,7.1,52.7,49.2,5.7,9,Yes,Postgraduate,Yes,69.02,Low
Male,17,6.9,79.3,82.0,6.4,7,Yes,Graduate,No,85.81,High
Female,17,4.6,94.4,52.1,5.5,2,Yes,Postgraduate,No,67.1,Low
Female,20,5.9,76.4,47.9,5.5,8,Yes,Graduate,No,64.93,Low
Female,21,2.3,93.9,71.0,4.9,2,Yes,Postgraduate,Yes,58.61,Low
Male,21,5.8,90.5,76.9,8.1,2,Yes,Graduate,No,80.34,High
Female,18,2.9,53.8,71.3,8.5,4,Yes,Graduate,Yes,53.62,Low
Female,18,6.8,60.1,76.1,4.4,8,Yes,Graduate,No,79.35,High
Female,20,1.6,82.9,46.4,4.8,7,Yes,Graduate,Yes,50.64,Low
Female,17,6.4,72.2,66.2,5.1,2,Yes,Graduate,No,62.83,Low
Female,22,1.7,64.5,59.6,6.5,10,Yes,Postgraduate,No,58.87,Low
Male,18,7.2,70.9,93.5,8.0,6,Yes,Graduate,No,89.59,High
Female,19,3.1,72.3,42.7,4.4,4,Yes,Graduate,No,53.52,Low
Female,17,5.6,95.5,56.4,7.2,10,Yes,School,Yes,81.25,High
Female,22,4.4,55.2,91.8,4.7,1,Yes,Postgraduate,Yes,56.04,Low
Female,19,3.6,64.0,94.1,8.9,8,Yes,School,No,82.32,High
Male,23,5.5,76.9,85.4,8.5,8,Yes,School,No,78.55,High
Male,21,7.6,84.9,44.2,8.7,6,Yes,Graduate,No,72.5,High
Male,17,1.3,81.5,70.9,4.5,10,Yes,Postgraduate,Yes,64.67,Low
Female,23,7.4,97.1,62.0,6.4,7,Yes,Graduate,Yes,88.54,High
Female,20,5.3,89.8,84.4,4.8,3,Yes,Graduate,No,68.71,Low
Male,21,6.7,77.9,43.0,7.0,9,Yes,Graduate,No,69.81,Low
Male,21,3.7,60.7,50.8,5.2,4,Yes,School,No,58.95,Low
Male,19,4.3,72.5,66.9,7.9,2,Yes,Postgraduate,No,49.38,Low
Female,23,7.1,84.7,48.7,7.2,4,No,Graduate,No,64.34,Low
Female,21,3.9,91.9,78.1,6.9,2,Yes,Graduate,No,68.8,Low
Male,18,4.7,98.0,85.1,8.1,4,Yes,Graduate,Yes,73.4,High
Male,17,1.1,80.3,78.7,6.5,2,Yes,School,No,52.13,Low
Male,18,2.1,76.3,64.2,5.3,8,Yes,Graduate,Yes,51.75,Low
Female,19,5.5,50.9,88.3,7.1,6,No,Postgraduate,Yes,75.66,High
Female,22,6.0,53.6,47.6,8.8,8,No,Graduate,No,66.44,Low
Female,19,5.1,57.8,54.3,7.0,1,Yes,Graduate,No,57.96,Low
Male,17,2.0,52.7,66.9,7.1,9,Yes,School,Yes,65.14,Low
Male,21,4.1,70.0,43.4,8.7,2,Yes,Postgraduate,Yes,63.51,Low
Female,23,3.5,66.8,45.3,6.6,8,Yes,Graduate,No,64.24,Low
Male,23,4.5,81.9,61.9,9.0,4,Yes,School,No,68.62,Low
Female,20,7.1,76.8,91.9,4.8,2,Yes,Graduate,No,79.81,High
Male,19,6.4,79.8,90.0,6.7,1,Yes,Graduate,No,69.83,Low
Male,17,1.6,73.6,65.6,5.1,4,Yes,Postgraduate,No,52.92,Low
Male,20,7.2,63.9,47.8,6.3,10,Yes,School,No,74.51,High
Male,21,4.3,97.6,49.8,4.9,1,Yes,Graduate,Yes,61.13,Low
Female,22,6.2,54.3,60.8,5.1,8,No,School,Yes,69.86,Low
Male,19,2.0,96.9,51.6,5.1,2,Yes,School,No,56.36,Low
Female,22,5.7,65.6,44.6,5.6,8,Yes,Graduate,No,57.61,Low
Female,17,2.7,75.6,77.1,4.7,10,Yes,Postgraduate,Yes,71.85,High
Female,22,4.1,55.4,72.0,8.0,1,Yes,Graduate,Yes,63.55,Low
Male,22,1.1,53.5,56.0,5.1,7,Yes,Graduate,Yes,46.89,Low
Female,17,2.1,71.5,82.8,6.1,7,Yes,Postgraduate,No,63.34,Low
Female,17,1.6,87.1,82.7,4.1,5,No,Postgraduate,Yes,59.63,Low
Female,19,2.7,63.5,67.0,4.5,3,Yes,Graduate,No,55.32,Low
Male,22,1.7,78.1,45.3,8.5,6,No,Graduate,No,59.87,Low
Male,20,5.8,63.9,90.5,8.2,5,Yes,Graduate,No,76.88,High
Female,17,1.2,69.4,76.8,8.2,9,Yes,Graduate,No,67.29,Low
Male,21,5.3,95.3,53.6,6.1,4,Yes,Graduate,No,65.64,Low
Female,22,2.0,92.8,73.6,4.7,9,Yes,School,Yes,67.21,Low
Female,17,7.6,75.8,62.3,4.5,10,No,Graduate,No,81.94,High
Male,20,7.5,61.9,74.9,7.0,6,Yes,Graduate,Yes,82.88,High
Female,23,2.6,59.7,66.1,8.1,9,Yes,School,No,63.57,Low
Male,19,5.3,97.7,66.7,8.5,3,Yes,Graduate,Yes,68.66,Low
Male,22,1.2,60.1,80.5,5.4,1,Yes,Graduate,Yes,43.86,Low
Female,23,7.5,90.4,73.8,5.6,6,Yes,Graduate,Yes,88.2,High
Male,17,4.7,68.4,44.4,4.5,4,Yes,Postgraduate,Yes,52.55,Low
Male,17,1.3,99.3,43.6,7.9,10,Yes,School,No,55.63,Low
Female,21,3.4,68.4,56.8,5.4,4,Yes,Graduate,No,58.7,Low
Female,21,1.5,67.6,63.7,6.4,4,Yes,Postgraduate,No,54.78,Low
Male,22,3.8,81.9,55.1,8.6,1,Yes,School,No,53.62,Low
Male,23,5.7,98.1,75.8,7.8,5,Yes,School,No,76.14,High
Female,23,4.3,98.8,50.7,4.3,9,No,Graduate,Yes,71.09,High
Male,17,3.7,85.4,78.7,4.0,3,Yes,School,Yes,67.94,Low
Male,22,1.8,87.7,82.5,7.9,2,Yes,School,No,57.89,Low
Male,17,2.7,78.2,46.8,6.8,2,No,Postgraduate,Yes,48.37,Low
Male,21,1.7,87.8,75.8,7.6,10,No,Graduate,No,65.56,Low
Male,20,6.7,93.0,92.9,4.8,7,Yes,School,No,95.66,High
Male,18,1.9,74.3,50.6,8.4,6,Yes,Postgraduate,Yes,54.77,Low
Male,18,5.2,81.0,90.0,7.9,2,Yes,Graduate,No,75.61,High
Female,17,3.4,76.9,73.3,8.5,1,Yes,Graduate,Yes,59.48,Low
Female,23,2.6,78.1,72.5,5.7,7,Yes,Graduate,No,62.36,Low
Female,21,5.5,94.5,42.9,5.4,6,Yes,Postgraduate,Yes,71.82,High
Female,19,4.2,67.8,81.2,4.8,5,Yes,School,Yes,66.92,Low
Female,19,3.8,60.4,66.3,8.7,5,Yes,Graduate,No,67.43,Low
Male,18,5.1,72.8,79.7,4.9,10,Yes,Postgraduate,No,82.87,High
Male,20,4.4,60.4,84.5,4.6,3,Yes,School,Yes,61.57,Low
Male,18,3.1,74.9,68.8,5.0,5,Yes,Postgraduate,No,56.27,Low
Male,17,4.9,95.2,54.5,7.9,6,Yes,Graduate,Yes,68.02,Low
Female,20,5.7,80.9,47.8,8.4,7,Yes,Postgraduate,Yes,58.19,Low
Male,19,1.2,92.8,48.8,8.1,7,Yes,Postgraduate,No,64.02,Low
Male,23,4.3,58.3,87.7,6.8,10,Yes,Graduate,No,76.62,High
Female,21,1.4,95.0,46.8,9.0,10,Yes,Graduate,Yes,69.33,Low
Male,21,2.3,80.1,61.2,4.3,8,Yes,Postgraduate,No,67.45,Low
Male,17,4.9,51.6,58.4,8.3,5,Yes,School,Yes,66.59,Low
Female,18,7.1,81.7,87.6,6.1,4,Yes,Graduate,Yes,81.42,High
Male,17,7.2,97.6,66.3,6.3,7,Yes,School,Yes,86.02,High
Male,21,1.5,54.0,94.8,4.6,2,Yes,Graduate,Yes,52.39,Low
Male,19,3.9,79.1,80.5,4.2,8,Yes,Graduate,Yes,75.36,High
Male,21,5.1,95.8,86.8,5.6,4,Yes,Graduate,No,84.68,High
Male,20,2.0,50.5,45.4,4.9,10,Yes,Postgraduate,No,56.05,Low
Female,23,6.4,81.5,53.9,6.4,1,Yes,Graduate,No,72.76,High
Female,23,6.2,73.7,47.4,4.7,2,Yes,Graduate,No,58.96,Low
Female,22,7.3,67.3,65.5,4.7,1,Yes,Graduate,No,68.66,Low
Female,21,1.1,81.4,79.5,8.4,5,Yes,Postgraduate,No,60.66,Low
Female,21,2.5,52.6,49.3,8.6,1,Yes,Postgraduate,No,52.34,Low
Female,23,6.8,87.7,47.2,8.8,9,Yes,Postgraduate,Yes,81.14,High
Male,22,5.7,50.2,73.8,7.4,4,Yes,Postgraduate,No,68.3,Low
Female,20,7.3,65.3,52.7,7.9,10,Yes,Postgraduate,Yes,78.03,High
Female,18,1.4,75.2,66.4,8.2,3,Yes,Postgraduate,Yes,54.38,Low
Male,21,5.2,68.9,42.8,7.3,9,No,School,Yes,69.75,Low
Male,23,5.0,65.4,77.4,5.7,4,Yes,School,No,69.95,Low
Female,17,1.2,91.5,69.8,4.8,1,No,Postgraduate,No,53.82,Low
Male,21,4.6,96.7,75.6,5.2,2,No,Graduate,Yes,66.86,Low
Female,17,5.3,93.7,55.1,8.2,4,Yes,Postgraduate,No,75.95,High
Male,20,2.3,76.1,55.3,7.5,1,Yes,Graduate,Yes,43.5,Low
Female,21,2.9,94.2,84.1,6.3,6,Yes,School,No,79.99,High
Male,23,5.5,96.0,79.5,4.1,7,No,Postgraduate,No,68.38,Low
Male,20,4.3,70.5,71.9,5.3,1,Yes,Graduate,No,50.31,Low
Female,20,7.0,64.2,74.5,7.6,6,Yes,Graduate,No,81.93,High
Female,18,3.4,54.9,45.2,6.6,3,Yes,Graduate,Yes,44.07,Low
Female,21,2.9,74.0,87.1,6.2,7,Yes,Graduate,No,68.93,Low
Female,17,7.9,97.3,82.3,5.6,2,Yes,Graduate,No,84.99,High
Female,17,7.4,78.0,72.5,7.0,2,Yes,Postgraduate,No,85.84,High
Male,21,1.2,83.4,90.5,8.8,4,Yes,Postgraduate,Yes,68.81,Low
Female,22,6.4,55.6,49.3,8.5,8,Yes,School,No,65.71,Low
Female,18,1.8,57.2,77.8,4.2,3,Yes,School,Yes,37.94,Low
Male,18,1.2,73.2,93.0,6.4,8,Yes,School,No,67.24,Low
Male,18,2.9,97.6,57.1,5.6,7,Yes,Graduate,No,67.42,Low
Female,17,2.9,68.0,40.8,6.6,5,Yes,Postgraduate,No,51.76,Low
Male,20,6.7,93.9,80.4,7.0,4,Yes,Graduate,No,81.31,High
Male,23,6.0,56.0,40.4,5.0,10,No,School,Yes,65.55,Low
Female,22,7.9,80.9,88.0,7.9,10,Yes,Postgraduate,No,91.56,High
Male,18,6.0,80.0,43.1,6.4,2,Yes,School,No,53.74,Low
Male,17,3.9,93.0,75.9,9.0,9,Yes,School,No,74.46,High
Female,17,5.9,50.2,60.7,4.1,4,Yes,School,No,58.29,Low
Female,20,8.0,59.5,51.2,4.9,5,Yes,Postgraduate,Yes,88.4,High
Male,21,6.0,61.0,89.4,7.4,2,Yes,Graduate,No,74.31,High
Male,21,6.3,97.5,81.0,7.5,2,Yes,School,No,77.89,High
Female,23,7.6,57.7,58.7,6.9,2,Yes,Postgraduate,Yes,70.49,High
Male,23,1.8,51.8,55.6,8.9,10,Yes,Graduate,Yes,62.18,Low
Male,18,5.9,76.7,80.5,6.1,2,Yes,Graduate,No,72.33,High
Male,23,7.0,76.4,86.0,6.1,9,Yes,School,Yes,89.25,High
Female,18,7.7,92.2,79.4,8.6,5,No,Graduate,No,95.0,High
Male,22,2.5,97.4,75.2,6.7,6,Yes,School,No,79.49,High
Male,23,4.5,76.9,52.5,5.8,4,Yes,Graduate,Yes,58.66,Low
Female,20,5.8,96.5,86.9,7.6,2,Yes,Graduate,No,70.22,High
Male,18,2.7,86.3,81.2,7.1,3,Yes,Graduate,No,58.9,Low
Male,20,5.2,63.2,68.5,5.5,3,Yes,Graduate,No,60.16,Low
Female,17,2.8,96.4,68.1,5.5,10,Yes,Postgraduate,No,71.18,High
Female,18,3.3,83.4,71.3,6.0,8,No,Graduate,No,67.34,Low
Female,17,4.1,70.7,85.6,4.4,8,Yes,Graduate,No,81.41,High
Female,19,4.7,84.0,80.8,8.7,6,Yes,Postgraduate,No,76.25,High
Male,20,4.1,70.1,87.1,4.9,10,Yes,Graduate,No,77.88,High
Male,19,4.5,55.7,67.9,5.0,8,Yes,School,No,58.82,Low
Female,18,3.1,85.9,74.4,7.2,3,Yes,Graduate,No,59.45,Low
Female,17,2.1,91.2,87.0,7.6,7,Yes,Graduate,Yes,58.05,Low
Male,18,1.3,86.4,52.8,7.7,5,Yes,Graduate,Yes,57.91,Low
Female,19,2.4,61.5,64.4,5.9,9,No,Graduate,Yes,68.68,Low
Male,18,5.1,97.8,74.1,8.4,9,Yes,Postgraduate,No,80.58,High
Female,22,6.5,51.3,90.3,6.7,5,Yes,School,Yes,80.68,High
Male,21,2.2,66.6,40.9,6.2,6,Yes,Graduate,No,58.18,Low
Female,19,1.8,63.0,51.7,8.1,1,Yes,School,Yes,51.48,Low
Female,18,6.2,52.4,52.9,5.2,4,Yes,Postgraduate,No,63.8,Low
Male,17,3.1,70.3,58.0,8.3,1,Yes,School,No,56.08,Low
Female,18,7.7,81.2,55.5,6.7,4,Yes,School,No,74.65,High
Male,17,6.0,94.1,72.5,8.5,1,Yes,Postgraduate,No,68.06,Low
Male,21,3.3,99.5,88.7,5.0,10,Yes,Graduate,No,87.33,High
Male,18,3.0,90.4,75.0,8.7,4,Yes,Postgraduate,No,70.26,High
Male,23,4.7,73.4,53.3,7.4,6,Yes,Graduate,No,66.9,Low
Male,23,1.6,86.2,87.5,7.1,9,No,Graduate,Yes,56.54,Low
Female,21,1.8,92.2,74.8,6.1,2,Yes,Postgraduate,Yes,48.87,Low
Female,19,2.2,73.3,52.0,8.8,2,Yes,Postgraduate,Yes,53.45,Low
Male,17,6.4,89.3,59.9,6.2,6,Yes,Graduate,No,69.55,Low
Female,23,4.6,74.1,83.4,6.5,10,Yes,Postgraduate,No,79.52,High
Male,22,1.1,69.3,80.6,7.9,6,Yes,Postgraduate,No,57.77,Low
Female,19,5.7,76.3,71.7,5.4,3,Yes,Graduate,Yes,63.65,Low
Female,17,4.0,83.8,48.0,5.5,2,Yes,Postgraduate,Yes,53.14,Low
Female,21,4.6,86.3,84.2,7.9,3,Yes,School,No,83.13,High
Female,23,2.5,67.8,56.9,4.6,4,Yes,Postgraduate,Yes,51.78,Low
Male,20,4.9,78.6,82.4,8.1,4,Yes,Graduate,Yes,73.33,High
Male,18,7.9,95.5,75.6,7.1,7,Yes,School,Yes,97.72,High
Female,21,1.5,98.8,54.5,6.7,4,Yes,Graduate,No,51.09,Low
Female,17,3.0,61.4,51.7,5.1,10,Yes,Postgraduate,No,56.56,Low
Male,17,2.7,59.6,47.2,7.9,6,No,School,Yes,44.5,Low
Female,17,2.7,83.8,53.3,8.0,6,Yes,Graduate,Yes,67.18,Low
Male,17,3.7,70.7,48.7,6.4,10,Yes,Graduate,No,66.2,Low
Male,18,6.7,51.2,73.9,5.9,3,No,Graduate,No,59.69,Low
Male,19,7.4,67.3,72.9,5.2,9,Yes,School,No,76.0,High
Female,22,2.4,90.3,72.2,7.8,10,Yes,Graduate,Yes,73.74,High
Male,20,4.8,89.9,75.3,7.2,5,Yes,Graduate,Yes,81.85,High
Female,18,5.5,74.7,84.8,5.0,10,Yes,Graduate,No,78.06,High
Male,17,4.7,73.6,90.2,8.0,9,Yes,School,No,76.86,High
Female,18,4.0,79.0,52.7,8.4,10,No,Postgraduate,Yes,60.49,Low
Female,21,2.3,61.0,72.3,4.3,6,Yes,Graduate,No,50.72,Low
Female,22,4.4,76.3,44.3,7.9,6,No,Postgraduate,Yes,65.62,Low
Male,17,3.8,50.6,46.6,8.3,9,Yes,Graduate,Yes,59.2,Low
Male,20,6.6,73.8,76.0,9.0,10,Yes,Graduate,No,92.26,High
Female,17,6.3,66.8,66.8,5.2,5,Yes,School,No,65.65,Low
Female,22,1.9,83.7,81.7,5.9,3,Yes,School,No,64.48,Low
Female,20,1.6,81.9,63.4,8.8,3,Yes,Graduate,No,48.51,Low
Male,22,7.4,69.0,47.0,4.5,2,No,Graduate,Yes,69.38,Low
Male,20,4.7,50.4,88.0,6.6,2,No,Graduate,No,62.65,Low
Male,19,7.0,62.6,44.6,6.5,6,Yes,Postgraduate,Yes,70.8,High
Male,23,1.4,81.7,50.4,7.0,8,Yes,Graduate,Yes,59.19,Low
Female,19,4.7,53.6,55.2,5.7,8,Yes,Graduate,No,54.85,Low
Female,18,4.8,55.4,94.7,8.6,8,No,Postgraduate,Yes,74.51,High
Male,18,7.0,82.4,62.9,5.4,10,Yes,Graduate,No,85.51,High
Male,20,1.7,87.8,67.6,7.2,7,Yes,Graduate,Yes,59.0,Low
Female,17,2.7,66.1,82.3,6.5,2,Yes,School,No,56.7,Low
Male,23,3.8,74.5,75.0,5.3,10,Yes,School,Yes,72.19,High
Male,21,7.1,97.3,86.3,4.9,2,Yes,School,Yes,72.54,High
Male,21,7.6,97.3,66.8,8.8,10,Yes,Postgraduate,No,87.39,High
Male,17,7.9,65.4,93.5,6.8,7,No,Graduate,Yes,90.15,High
Male,17,7.7,90.5,83.8,7.0,4,Yes,Postgraduate,No,88.08,High
Male,19,1.0,79.7,62.1,7.9,6,Yes,Postgraduate,Yes,65.85,Low
Female,21,1.3,98.8,61.0,4.4,9,Yes,School,Yes,57.64,Low
Male,20,2.0,73.9,91.1,7.6,5,Yes,Graduate,No,65.32,Low
Male,22,3.4,88.7,77.6,4.8,10,Yes,Postgraduate,No,70.77,High
Female,18,6.8,88.4,74.2,7.7,4,Yes,School,No,81.18,High
Female,22,7.2,74.9,81.7,4.7,3,No,School,No,88.24,High
Female,19,2.3,89.8,70.8,8.2,7,Yes,Graduate,Yes,71.55,High
Male,21,5.3,63.1,48.8,7.4,7,Yes,Graduate,Yes,67.34,Low
Female,23,7.4,56.1,57.6,5.9,7,Yes,School,Yes,70.29,High
Male,17,4.2,71.3,70.7,5.8,5,Yes,Graduate,Yes,59.9,Low
Male,23,1.7,97.2,41.0,4.7,10,Yes,School,No,62.82,Low
Male,23,4.2,75.0,64.1,8.5,8,No,School,Yes,73.21,High
Female,21,3.6,81.8,81.6,4.6,2,Yes,School,No,54.21,Low
Female,20,5.0,81.2,49.0,6.4,4,No,School,Yes,67.41,Low
Female,19,4.1,56.6,43.6,5.2,1,Yes,School,No,40.94,Low
Female,17,1.1,69.5,86.0,9.0,6,Yes,Graduate,No,67.7,Low
Female,22,8.0,85.3,74.0,6.9,6,Yes,Postgraduate,No,79.33,High
Male,20,4.8,98.6,49.7,4.7,3,Yes,Postgraduate,No,60.8,Low
Male,22,4.3,58.4,84.3,7.3,1,Yes,Postgraduate,No,66.56,Low
Male,18,7.7,70.5,76.2,9.0,5,Yes,Graduate,Yes,80.9,High
Male,19,2.1,54.8,58.4,7.0,1,Yes,Postgraduate,Yes,44.81,Low
Female,20,2.3,62.1,60.7,6.3,3,Yes,Postgraduate,Yes,50.09,Low
Female,20,6.7,68.8,48.6,5.5,8,No,Graduate,No,70.13,High
Male,22,2.8,77.0,85.9,4.5,10,Yes,Graduate,No,78.54,High
Female,17,6.6,61.5,68.0,5.1,9,Yes,Graduate,No,82.39,High
Female,18,2.9,61.4,70.6,6.8,3,Yes,School,Yes,43.97,Low
Male,22,1.2,88.9,88.6,7.8,9,Yes,School,No,76.8,High
Male,20,4.6,98.1,40.9,8.4,7,Yes,Graduate,Yes,66.29,Low
Female,19,2.4,66.2,43.7,8.0,8,Yes,School,No,65.71,Low
Female,20,6.3,84.4,48.9,4.6,6,Yes,Postgraduate,Yes,66.01,Low
Male,21,5.5,62.9,41.7,7.9,5,Yes,Graduate,Yes,58.71,Low
Male,19,7.5,96.4,76.2,6.9,10,Yes,School,No,92.47,High
Male,19,6.5,83.6,74.9,6.3,8,Yes,Graduate,No,87.91,High
Female,20,2.3,90.1,51.6,6.9,2,Yes,Graduate,Yes,50.74,Low
Male,17,6.6,52.5,48.2,4.0,7,No,School,No,66.72,Low
Male,19,5.5,79.9,48.0,4.3,1,Yes,School,Yes,60.38,Low
Female,21,5.7,76.4,92.4,6.6,7,Yes,Graduate,Yes,80.21,High
Female,22,6.8,64.6,78.1,4.9,6,Yes,Postgraduate,Yes,87.37,High
Female,17,5.0,63.1,72.2,6.7,4,Yes,Graduate,No,65.51,Low
Female,17,4.3,79.0,57.7,5.8,3,Yes,Graduate,Yes,56.5,Low
Female,17,5.5,85.3,63.8,8.5,9,Yes,Graduate,Yes,79.95,High
Male,19,3.1,51.7,44.9,8.7,6,Yes,Graduate,No,60.23,Low
Male,17,2.3,78.4,94.9,8.9,6,Yes,School,No,69.8,Low
Female,20,5.3,58.5,81.5,8.5,1,Yes,School,Yes,69.18,Low
Female,17,2.6,57.0,74.2,8.9,5,Yes,Postgraduate,Yes,58.62,Low
Female,21,1.6,81.2,72.3,7.5,7,No,Postgraduate,No,66.27,Low
Female,18,1.0,65.5,67.7,8.8,4,No,Graduate,No,36.82,Low
Female,21,5.3,72.0,54.2,7.2,2,No,Graduate,No,64.23,Low
Male,19,3.5,68.0,52.5,8.0,9,Yes,School,No,64.12,Low
Male,17,6.3,82.4,70.2,4.7,6,Yes,Graduate,No,84.19,High
Male,17,3.6,73.5,43.9,7.4,9,Yes,School,No,64.11,Low
Male,20,4.4,98.2,44.1,8.7,8,Yes,School,No,68.59,Low
Female,22,3.8,67.6,70.8,6.7,1,Yes,Graduate,No,61.62,Low
Male,17,5.6,87.0,90.6,4.9,2,Yes,Graduate,Yes,75.3,High
Female,23,3.5,62.9,90.3,6.6,2,Yes,Graduate,Yes,62.74,Low
Female,21,7.7,75.4,40.6,7.5,2,Yes,Graduate,Yes,73.85,High
Female,19,7.6,77.6,45.9,7.8,4,Yes,Graduate,No,76.19,High
Male,18,6.9,66.5,72.1,6.6,7,No,Postgraduate,No,79.84,High
Female,17,7.4,73.6,86.7,5.1,7,No,Postgraduate,Yes,95.03,High
Male,18,4.1,64.0,92.5,8.6,1,Yes,Graduate,Yes,61.47,Low
Male,17,4.8,50.3,87.3,7.9,8,Yes,Graduate,Yes,76.03,High
Female,19,6.2,60.8,77.3,5.4,4,Yes,Postgraduate,No,76.46,High
Female,22,5.9,85.0,51.0,8.1,8,Yes,Postgraduate,No,62.82,Low
Female,21,7.2,88.5,44.0,5.7,10,Yes,Graduate,Yes,67.89,Low
Male,19,6.0,64.0,42.6,5.6,9,Yes,Graduate,No,62.67,Low
Female,18,8.0,70.4,73.7,8.3,7,Yes,Postgraduate,No,94.25,High
Male,17,3.4,51.9,42.0,8.4,3,Yes,School,No,55.48,Low
Female,18,6.8,61.9,80.7,6.0,3,No,Graduate,No,79.48,High
Female,21,5.9,89.0,79.2,4.0,5,Yes,Postgraduate,No,80.58,High
Male,23,5.8,80.3,44.4,4.9,7,Yes,Graduate,No,69.32,Low
Male,19,3.3,60.3,89.9,8.5,7,Yes,Graduate,Yes,77.26,High
Male,18,6.5,62.9,68.7,8.5,9,No,School,Yes,80.19,High
Male,18,7.3,90.8,89.7,6.3,1,Yes,School,No,78.91,High
Male,21,2.5,60.5,89.6,5.5,3,Yes,Graduate,No,68.31,Low
Male,23,5.4,66.7,50.8,5.5,1,Yes,Graduate,No,56.56,Low
Female,17,3.7,83.2,60.9,8.5,6,Yes,School,Yes,70.16,High
Female,23,7.9,78.1,47.4,5.6,10,Yes,School,No,89.57,High
Male,18,4.4,73.0,82.6,6.6,7,Yes,Graduate,Yes,72.39,High
Female,21,2.6,95.0,67.7,7.7,2,Yes,Graduate,No,64.08,Low
Male,17,3.7,61.0,91.1,5.0,9,No,Graduate,No,70.46,High
Female,23,5.6,87.1,51.5,5.3,5,Yes,School,No,69.01,Low
Female,23,1.5,58.0,77.9,5.8,3,No,School,Yes,59.29,Low
Male,23,5.2,80.8,94.4,7.3,7,Yes,Graduate,Yes,84.44,High
Male,22,7.5,93.5,76.6,8.1,7,Yes,School,No,91.6,High
Male,17,7.0,72.9,43.8,6.7,1,Yes,School,No,61.24,Low
Female,23,1.5,86.2,72.4,4.7,6,Yes,School,No,65.11,Low
Male,22,8.0,91.0,49.9,6.2,3,No,Postgraduate,No,84.23,High
Female,19,5.9,56.8,41.7,4.6,7,Yes,Graduate,Yes,64.6,Low
Male,21,2.1,85.3,58.4,4.4,5,Yes,Graduate,No,52.24,Low
Female,23,1.1,96.0,54.6,6.9,4,Yes,School,No,47.58,Low
Female,17,2.2,78.8,83.4,8.8,10,Yes,Graduate,No,69.86,Low
Male,22,6.9,59.3,60.6,8.2,7,Yes,Graduate,No,71.55,High
Female,22,1.2,56.3,80.3,7.9,7,Yes,School,Yes,62.04,Low
Female,19,2.6,63.0,40.9,7.6,8,Yes,Postgraduate,No,44.83,Low
Male,20,6.3,55.2,40.8,8.5,5,Yes,Graduate,No,64.41,Low
Female,21,5.1,75.7,41.6,7.8,4,Yes,Postgraduate,No,59.94,Low
Male,20,6.5,53.5,52.1,7.1,1,Yes,Graduate,Yes,66.84,Low
Male,17,6.2,61.2,60.6,5.8,4,Yes,Graduate,Yes,69.53,Low
Male,21,1.4,72.0,73.4,4.5,10,Yes,Graduate,No,57.25,Low
Male,19,7.2,73.7,94.2,6.3,1,Yes,School,No,78.58,High
Female,17,2.6,78.3,59.5,8.6,7,Yes,School,Yes,67.19,Low
Female,21,4.9,85.3,43.1,6.9,6,Yes,Graduate,Yes,65.42,Low
Female,21,5.5,52.4,50.7,4.9,7,No,Graduate,No,51.05,Low
Male,20,2.2,54.0,89.4,7.2,8,Yes,School,No,65.06,Low
Female,17,7.8,53.0,78.5,6.3,6,Yes,Graduate,No,71.35,High
Female,19,4.4,71.2,83.5,8.7,2,Yes,Graduate,Yes,67.57,Low
Male,19,1.4,52.1,46.8,4.8,2,No,Postgraduate,No,44.77,Low
Male,17,7.6,87.3,47.4,7.6,9,Yes,Graduate,No,84.23,High
Female,17,5.1,61.2,46.2,7.4,6,Yes,School,Yes,63.24,Low
Male,22,5.9,97.0,87.1,8.9,6,Yes,Postgraduate,Yes,82.49,High
Male,18,4.7,74.3,51.5,6.8,1,Yes,Postgraduate,No,56.96,Low
Male,20,6.8,72.3,75.4,8.4,8,Yes,Graduate,No,81.98,High
Male,17,1.2,89.0,68.4,4.1,8,Yes,Graduate,No,62.98,Low
Female,17,2.9,85.7,69.9,4.6,4,Yes,School,No,58.91,Low
Male,18,4.3,80.4,50.7,5.7,7,No,Postgraduate,Yes,66.59,Low
Male,18,1.5,96.8,74.9,7.1,9,Yes,School,Yes,67.85,Low
Male,21,5.9,71.1,42.4,6.2,1,Yes,Graduate,Yes,58.63,Low
Male,23,3.8,90.4,94.6,5.0,5,Yes,Graduate,Yes,72.38,High
Male,19,2.9,69.0,41.5,6.9,8,Yes,Graduate,Yes,54.83,Low
Male,20,1.0,91.9,42.8,6.8,7,Yes,School,No,52.42,Low
Male,21,6.0,63.0,57.9,6.6,10,Yes,Graduate,Yes,72.58,High
Male,17,6.8,64.5,85.7,4.5,4,Yes,Graduate,Yes,83.43,High
Female,18,3.8,83.9,54.1,8.6,3,Yes,Postgraduate,Yes,52.62,Low
Male,22,4.9,60.6,66.0,7.0,1,Yes,Graduate,Yes,64.2,Low
Female,19,2.6,61.5,41.0,5.3,3,Yes,Graduate,Yes,53.08,Low
Male,21,5.4,65.3,44.3,7.4,2,Yes,Graduate,Yes,56.25,Low
Male,22,1.1,83.9,73.4,5.6,5,Yes,School,No,55.19,Low
Male,19,4.4,94.5,50.7,6.5,1,Yes,Postgraduate,No,55.18,Low
Male,23,5.5,83.7,78.2,5.7,4,Yes,School,Yes,79.41,High
Female,23,7.4,91.4,83.2,8.4,8,Yes,Postgraduate,No,97.31,High
Male,22,3.7,77.2,86.8,9.0,9,Yes,Postgraduate,Yes,73.38,High
Male,18,6.4,53.4,47.4,4.8,1,No,School,No,49.81,Low
Female,21,5.2,55.0,65.1,4.1,3,Yes,Postgraduate,Yes,58.56,Low
Female,21,7.5,77.7,92.1,5.1,6,Yes,Graduate,No,90.71,High
Male,23,3.8,66.4,82.5,6.9,5,No,Postgraduate,No,70.62,High
Female,19,3.2,61.0,46.4,4.9,1,Yes,School,Yes,45.21,Low
Female,22,7.2,73.3,67.6,8.1,2,Yes,Postgraduate,Yes,76.5,High
Female,18,1.3,83.3,90.7,6.0,2,Yes,Graduate,Yes,58.17,Low
Male,17,2.0,69.2,64.2,7.1,7,Yes,Graduate,No,55.95,Low
Male,21,1.6,90.1,86.1,6.3,6,Yes,Graduate,No,66.15,Low
Male,17,6.9,86.9,67.3,8.5,6,Yes,Graduate,No,78.45,High
Female,18,1.1,86.7,45.9,4.2,1,Yes,School,No,46.61,Low
Male,23,7.0,99.3,48.1,7.6,1,No,Postgraduate,No,68.93,Low
Female,21,4.2,64.8,42.6,7.3,4,Yes,Graduate,No,53.57,Low
Male,21,1.0,82.2,50.7,7.2,10,Yes,Postgraduate,No,48.65,Low
Male,22,3.8,92.8,89.1,6.1,6,Yes,School,Yes,73.15,High
Female,17,2.3,79.0,75.8,4.1,6,Yes,Postgraduate,No,61.23,Low
Male,23,5.4,89.5,80.6,7.4,5,Yes,Postgraduate,Yes,70.52,High
Female,22,5.8,70.7,74.2,8.1,4,Yes,School,No,79.34,High
Female,20,4.4,79.5,61.3,4.4,2,Yes,Graduate,No,53.97,Low
Male,17,1.3,52.8,51.9,6.2,7,Yes,Graduate,No,48.44,Low
Female,17,5.6,99.3,90.9,4.8,6,Yes,Graduate,No,87.8,High
Male,20,6.9,90.0,68.3,7.1,7,Yes,School,Yes,74.73,High
Male,18,6.0,93.4,66.5,7.9,3,No,School,Yes,69.17,Low
Female,18,6.8,84.7,94.8,7.3,1,No,Postgraduate,Yes,82.61,High
Male,21,2.4,59.3,61.1,5.6,1,Yes,Graduate,No,49.83,Low
Female,19,7.2,51.6,87.0,4.7,4,Yes,School,Yes,63.05,Low
Male,22,3.3,93.2,87.4,8.0,4,Yes,Graduate,No,72.95,High
Male,19,1.1,69.8,52.8,5.6,7,Yes,Postgraduate,No,46.53,Low
Male,21,6.9,63.2,45.2,4.1,7,Yes,Graduate,No,68.85,Low
Male,19,7.6,78.1,93.7,6.9,4,Yes,School,Yes,86.74,High
Male,17,5.6,71.0,63.4,5.2,7,Yes,Graduate,No,75.61,High
Female,17,2.6,82.6,40.1,8.2,8,No,Postgraduate,No,55.69,Low
Female,20,2.8,74.2,67.4,4.7,9,Yes,Postgraduate,No,73.15,High
Female,20,4.3,84.9,74.1,6.2,6,Yes,Graduate,No,75.46,High
Female,21,7.3,92.7,82.7,5.3,4,Yes,School,Yes,81.77,High
Female,21,2.0,59.8,91.9,7.4,10,Yes,Graduate,Yes,65.84,Low
Female,23,6.8,66.5,90.3,6.7,2,Yes,Postgraduate,No,81.05,High
Male,21,3.0,71.8,91.7,8.0,9,Yes,Postgraduate,No,75.57,High
Male,17,6.7,98.1,41.8,6.3,7,Yes,Graduate,Yes,80.33,High
Female,19,7.4,68.3,79.1,4.0,6,Yes,Graduate,No,81.54,High
Female,22,4.0,69.1,52.4,5.1,4,Yes,School,Yes,44.62,Low
Male,23,3.6,82.7,50.3,9.0,4,Yes,Graduate,Yes,59.09,Low
Male,23,6.6,71.0,84.0,6.0,2,Yes,Graduate,No,75.06,High
Male,23,4.7,97.6,62.9,7.1,1,Yes,School,No,56.86,Low
Female,21,5.8,94.7,90.4,8.5,5,Yes,School,No,90.11,High
Female,21,5.4,75.7,42.3,4.1,6,Yes,Postgraduate,No,60.59,Low
Female,17,2.1,82.2,84.1,7.3,10,No,School,No,65.67,Low
Male,22,6.9,52.9,47.5,5.4,9,Yes,Graduate,Yes,68.14,Low
Male,17,2.4,84.8,49.7,5.4,1,Yes,Graduate,No,46.18,Low
Female,22,7.5,85.4,66.3,5.1,5,Yes,Graduate,No,81.18,High
Female,17,2.8,68.0,61.8,8.1,5,Yes,School,Yes,63.61,Low
Male,19,6.1,61.0,66.7,5.9,9,Yes,Graduate,Yes,67.86,Low
Male,21,3.0,95.8,91.7,4.3,4,Yes,Graduate,Yes,71.58,High
Male,18,3.2,71.3,76.2,4.5,3,Yes,Postgraduate,Yes,53.11,Low
Male,18,3.2,82.7,56.0,4.7,3,No,Graduate,Yes,56.6,Low
Female,21,6.2,51.7,49.5,8.5,6,Yes,Graduate,Yes,59.68,Low
Male,23,4.9,70.7,63.1,6.1,1,Yes,Graduate,No,65.05,Low
Male,21,7.2,90.9,64.8,8.6,1,Yes,Postgraduate,No,79.96,High
Male,21,3.2,69.4,73.1,8.1,1,Yes,Graduate,No,61.27,Low
Female,21,5.8,80.2,54.6,8.2,7,Yes,Graduate,No,77.66,High
Female,23,6.3,60.5,82.2,5.4,5,Yes,School,Yes,73.21,High
Male,22,2.1,70.8,45.4,5.4,9,Yes,Graduate,Yes,56.21,Low
Male,19,3.8,96.4,70.8,6.8,3,Yes,School,Yes,65.58,Low
Male,18,4.4,78.3,74.3,6.1,6,Yes,School,No,80.12,High
Female,20,3.5,95.1,51.4,6.5,7,Yes,Graduate,No,74.53,High
Female,18,3.3,95.1,85.4,4.3,3,Yes,Graduate,No,62.93,Low
Female,18,5.8,97.2,73.8,8.9,9,Yes,Graduate,Yes,98.5,High
Male,23,2.5,94.8,75.5,4.3,2,Yes,Graduate,No,64.23,Low
Female,17,6.0,50.2,67.4,4.9,7,Yes,School,No,79.15,High
Male,21,7.5,96.7,90.0,7.4,10,Yes,Graduate,No,92.04,High
Male,21,5.0,56.9,78.2,4.8,4,Yes,Postgraduate,No,59.52,Low
Male,21,5.3,52.0,61.0,4.5,9,Yes,Postgraduate,No,74.4,High
Female,17,1.5,52.8,53.1,4.8,7,Yes,Graduate,No,39.5,Low
Male,23,7.1,67.4,43.9,4.3,8,Yes,Graduate,No,70.06,High
Female,19,3.0,81.0,49.1,5.3,10,Yes,Graduate,No,66.98,Low
Female,19,5.3,70.1,94.6,5.4,3,Yes,School,No,77.8,High
Male,23,7.9,51.3,62.4,6.5,6,Yes,Graduate,No,79.06,High
Male,20,5.2,73.8,89.4,6.2,4,Yes,Postgraduate,Yes,79.15,High
Female,19,6.1,72.1,49.4,6.4,4,Yes,Graduate,No,59.19,Low
Male,23,4.1,87.8,63.4,7.1,2,Yes,Graduate,No,60.21,Low
Female,19,1.4,64.0,92.8,5.2,10,Yes,Graduate,No,71.17,High
Male,21,6.6,60.9,45.0,4.7,9,Yes,Graduate,No,70.66,High
Female,22,1.2,62.8,72.7,8.4,1,Yes,Graduate,No,44.61,Low
Female,23,5.9,65.2,90.6,7.2,1,Yes,Graduate,No,77.06,High
Female,18,1.2,80.0,92.2,4.3,7,Yes,School,No,60.43,Low
Female,19,7.0,73.6,86.5,8.8,10,Yes,Graduate,Yes,91.82,High
Male,19,2.1,66.8,87.1,7.5,7,Yes,Graduate,No,65.84,Low
Male,17,4.6,68.7,75.9,4.8,4,Yes,Graduate,Yes,65.37,Low
Female,20,5.2,68.5,52.1,8.8,8,No,School,Yes,74.29,High
Female,22,4.2,98.6,80.2,5.8,5,No,School,No,76.01,High
Male,17,3.4,61.6,93.8,8.9,6,Yes,School,Yes,65.59,Low
Male,21,4.3,90.9,68.9,4.5,4,Yes,School,No,65.18,Low
Male,18,3.2,85.4,54.3,4.8,3,Yes,Graduate,Yes,53.59,Low
Male,20,4.1,50.3,71.5,7.3,2,Yes,Graduate,No,49.97,Low
Male,17,3.5,99.7,78.0,4.1,8,Yes,Postgraduate,Yes,76.41,High
Male,23,5.0,87.8,51.5,4.1,5,Yes,Postgraduate,No,75.0,High
Female,19,2.7,84.1,79.6,8.0,10,Yes,Postgraduate,No,81.84,High
Male,19,7.9,70.3,72.3,4.8,6,No,Postgraduate,No,85.05,High
Male,20,4.5,77.8,73.7,8.6,6,No,Graduate,No,64.34,Low
Female,19,2.4,62.7,56.8,6.1,4,Yes,School,Yes,50.28,Low
Male,23,4.3,51.8,48.5,8.4,9,Yes,Graduate,No,70.8,High
Male,17,7.1,91.8,74.3,6.1,7,Yes,School,No,92.6,High
Male,17,1.2,94.8,72.2,6.7,10,Yes,Graduate,No,68.95,Low
Male,19,5.8,58.1,58.6,5.6,8,No,School,No,67.86,Low
Male,19,4.8,89.4,56.3,7.3,7,Yes,School,No,70.24,High
Female,21,2.2,87.1,59.1,5.6,4,Yes,Graduate,No,56.47,Low
Male,18,6.7,58.9,66.9,5.1,9,Yes,School,No,65.75,Low
Female,20,3.6,71.1,93.6,4.4,2,Yes,Graduate,No,60.05,Low
Female,17,3.1,71.1,82.0,4.3,5,Yes,Postgraduate,Yes,52.31,Low
Male,20,6.8,88.0,86.8,5.5,2,Yes,School,No,68.95,Low
Female,21,5.5,91.9,67.8,7.7,8,Yes,School,Yes,71.51,High
Male,17,7.3,54.7,68.9,5.0,9,Yes,School,No,80.27,High
Female,21,5.4,78.1,51.2,5.5,3,Yes,Graduate,No,57.91,Low
Female,21,6.2,88.1,79.7,8.5,5,Yes,School,No,81.98,High
Male,22,6.9,89.3,63.2,7.2,9,No,Postgraduate,Yes,85.59,High
Male,19,1.4,57.4,80.8,8.6,6,Yes,Graduate,Yes,51.82,Low
Male,23,6.4,76.3,62.5,8.6,3,Yes,School,Yes,65.38,Low
Male,22,5.3,92.9,46.0,4.3,6,Yes,School,No,61.32,Low
Male,20,1.5,65.9,49.5,8.8,9,Yes,Graduate,Yes,56.11,Low
Female,23,4.6,71.3,84.6,4.3,10,Yes,Postgraduate,Yes,83.13,High
Female,20,1.6,90.2,54.2,8.6,7,No,Graduate,Yes,45.39,Low
Female,19,6.2,54.5,54.5,6.7,4,Yes,School,No,70.67,High
Female,23,4.8,93.0,91.1,6.7,4,Yes,Graduate,No,82.34,High
Female,22,7.7,65.6,76.2,7.6,1,Yes,Postgraduate,Yes,70.19,High
Female,20,2.3,50.1,46.3,8.4,3,Yes,Graduate,No,44.95,Low
Female,22,5.2,61.7,47.9,7.1,9,No,Graduate,Yes,68.48,Low
Male,19,2.5,54.5,55.0,6.1,1,Yes,Graduate,Yes,44.65,Low
Male,23,5.3,54.6,72.7,4.6,2,Yes,Graduate,No,60.23,Low
Female,23,6.1,84.6,81.4,7.9,2,Yes,Postgraduate,Yes,80.84,High
Female,17,6.1,60.7,55.1,4.6,8,Yes,Graduate,Yes,64.47,Low
Male,21,6.7,96.7,87.9,7.6,6,Yes,Postgraduate,Yes,92.4,High
Male,21,7.0,75.8,46.0,6.6,7,Yes,Graduate,No,73.59,High
Male,22,1.5,73.0,51.4,5.9,4,Yes,Postgraduate,No,42.96,Low
Male,23,3.4,71.7,93.4,7.1,4,Yes,Graduate,No,66.0,Low
Female,20,5.8,84.6,47.4,7.9,4,Yes,Graduate,Yes,54.53,Low
Male,22,4.5,72.6,88.8,8.7,6,Yes,Postgraduate,No,82.81,High
Female,22,2.3,56.4,78.7,5.3,4,Yes,School,Yes,51.94,Low
Female,18,4.9,94.0,44.0,8.7,1,Yes,School,No,58.26,Low
Female,23,3.9,71.4,66.6,8.8,1,Yes,School,No,54.55,Low
Male,21,3.7,53.7,68.5,8.1,8,Yes,School,No,72.1,High
Male,23,6.7,76.5,91.3,8.4,2,Yes,Postgraduate,Yes,77.02,High
Female,19,3.9,82.4,63.2,7.5,9,No,School,No,72.47,High
Female,22,1.2,63.8,64.6,4.2,10,Yes,School,Yes,45.57,Low
Female,18,1.4,90.0,46.2,6.9,8,Yes,Graduate,Yes,66.78,Low
Male,18,7.0,83.5,75.2,7.7,1,Yes,Graduate,No,72.02,High
Female,21,7.7,82.5,51.6,8.7,10,No,Graduate,No,76.97,High
Male,21,5.8,71.0,44.3,6.9,8,Yes,Graduate,Yes,71.79,High
Female,21,3.6,98.1,94.8,8.0,9,No,Graduate,No,81.75,High
Female,19,7.6,63.7,54.8,7.5,4,Yes,Graduate,Yes,74.17,High
Female,18,5.6,78.9,47.8,5.4,7,Yes,Postgraduate,No,75.28,High
Male,20,6.9,65.5,78.5,4.8,4,Yes,School,No,70.11,High
Male,19,6.4,87.2,85.2,7.8,3,No,Graduate,No,78.39,High
Female,17,3.7,52.4,43.5,5.2,1,Yes,Postgraduate,Yes,43.16,Low
Male,22,4.4,52.3,45.8,5.2,2,Yes,School,No,43.92,Low
Female,21,2.3,90.5,45.0,7.2,7,Yes,Graduate,No,60.27,Low
Male,18,3.0,71.7,42.6,7.9,6,Yes,Graduate,Yes,49.49,Low
Male,22,6.4,67.1,76.3,6.9,8,Yes,School,No,83.12,High
Male,23,7.3,80.4,72.4,8.4,3,No,Graduate,Yes,81.17,High
Female,19,6.1,85.1,76.5,5.1,6,No,Graduate,No,75.06,High
Male,17,4.3,60.1,67.8,5.3,6,Yes,School,No,59.37,Low
Male,23,1.6,59.3,85.0,7.2,2,Yes,Graduate,No,49.34,Low
Female,19,1.4,97.9,70.1,8.1,1,No,Graduate,No,59.35,Low
Female,19,3.6,79.5,90.5,6.7,2,Yes,Graduate,No,74.1,High
Female,20,4.2,69.5,66.7,4.1,9,Yes,Graduate,Yes,65.13,Low
Female,22,5.3,90.1,83.5,7.4,6,Yes,Graduate,No,75.61,High
Male,20,1.0,76.3,62.4,8.1,3,Yes,Postgraduate,Yes,48.8,Low
Male,19,7.9,62.1,63.9,5.4,10,No,School,Yes,81.75,High
Male,17,3.5,60.3,86.7,4.3,7,Yes,Postgraduate,Yes,65.86,Low
Male,18,6.9,69.8,45.9,6.6,1,Yes,Graduate,No,61.88,Low
Male,18,4.7,93.0,71.1,4.2,8,Yes,School,No,75.52,High
Female,23,1.9,53.1,79.9,6.1,10,No,School,Yes,66.28,Low
Male,22,6.6,60.9,81.3,4.1,7,Yes,School,Yes,78.06,High
Male,21,6.0,94.7,72.5,5.1,3,No,Graduate,No,79.24,High
Male,21,4.7,56.1,64.6,5.9,4,Yes,Graduate,Yes,66.88,Low
Female,18,4.6,81.5,54.3,4.6,7,Yes,School,No,62.9,Low
Female,19,1.6,60.7,90.0,4.6,4,Yes,Postgraduate,Yes,54.49,Low
Male,19,5.6,80.3,60.3,8.1,5,Yes,Postgraduate,Yes,73.03,High
Female,20,7.4,69.2,83.9,4.2,1,Yes,School,Yes,80.02,High
Female,22,1.7,55.1,41.7,7.4,5,No,Graduate,Yes,43.25,Low
Female,20,2.8,79.1,52.8,8.1,10,Yes,School,Yes,75.25,High
Female,21,7.3,84.2,59.0,4.7,10,Yes,Graduate,No,79.8,High
Female,18,3.0,84.0,76.9,5.0,4,Yes,Graduate,No,58.66,Low
Female,23,5.6,81.9,57.6,7.2,3,No,Graduate,Yes,59.92,Low
Female,19,4.7,75.0,42.3,5.6,9,Yes,Graduate,No,66.62,Low
Male,18,5.2,76.0,49.6,6.4,1,Yes,Postgraduate,Yes,55.22,Low
Male,17,3.9,81.8,54.3,8.2,10,Yes,Graduate,No,70.6,High
Female,18,3.1,84.5,49.7,4.7,5,No,Graduate,No,54.17,Low
Male,17,1.3,82.7,51.2,7.1,10,No,Graduate,No,59.12,Low
Male,20,6.2,79.3,82.3,8.7,2,Yes,School,No,80.11,High
Female,20,6.2,57.8,62.7,4.3,5,Yes,Postgraduate,Yes,66.36,Low
Male,21,5.7,60.5,62.3,4.3,5,No,Graduate,No,63.98,Low
Female,18,5.5,63.0,93.2,6.8,10,Yes,Graduate,Yes,80.13,High
Female,18,2.7,96.0,64.6,8.8,1,No,School,No,68.3,Low
Female,17,1.2,88.0,91.0,5.1,4,Yes,Graduate,No,62.95,Low
Male,20,6.7,77.6,56.4,5.7,7,No,Graduate,No,67.45,Low
Male,17,4.4,62.6,62.0,4.5,1,Yes,Graduate,No,49.97,Low
Male,20,3.1,55.5,61.8,5.8,10,Yes,Graduate,Yes,67.81,Low
Male,17,1.7,94.9,70.0,4.2,2,Yes,Postgraduate,No,50.63,Low
Female,20,1.4,94.6,72.1,5.9,4,Yes,School,No,57.42,Low
Female,17,3.4,55.5,53.6,6.8,10,Yes,School,Yes,62.43,Low
Male,23,6.6,89.9,83.6,8.9,2,Yes,Postgraduate,No,78.4,High
Female,20,7.4,72.3,67.3,8.1,2,Yes,School,Yes,77.71,High
Female,22,7.3,66.2,40.4,8.1,1,Yes,Postgraduate,No,62.64,Low
Male,17,7.4,87.0,72.5,5.1,2,No,School,Yes,77.27,High
Female,18,7.4,80.7,83.9,4.4,3,Yes,Graduate,Yes,75.49,High
Male,21,4.7,89.0,53.8,7.0,4,Yes,Postgraduate,Yes,54.65,Low
Female,22,2.5,53.7,42.1,6.6,1,Yes,Graduate,Yes,36.9,Low
Male,22,6.6,65.9,84.4,6.6,1,Yes,Graduate,No,69.29,Low
Female,17,2.5,66.0,93.7,4.5,7,Yes,School,Yes,66.24,Low
Female,21,2.9,66.5,44.2,6.5,5,Yes,School,No,55.33,Low
Male,18,2.6,75.1,91.6,4.8,7,Yes,Postgraduate,No,70.68,High
Male,22,4.6,64.2,59.8,6.1,10,No,Postgraduate,No,72.99,High
Male,18,3.3,72.2,91.8,4.3,9,No,School,No,67.92,Low
Male,20,2.1,68.4,75.7,8.3,1,Yes,Postgraduate,No,51.77,Low
Female,23,4.2,86.8,89.0,4.1,8,Yes,Graduate,Yes,77.02,High
Female,21,7.1,80.2,83.2,8.7,10,Yes,Graduate,No,100.0,High
Male,23,5.0,82.7,41.5,8.3,4,No,School,Yes,78.34,High
Female,19,7.1,60.5,43.6,7.8,9,Yes,Graduate,Yes,71.79,High
Male,20,2.4,66.3,68.9,8.9,2,Yes,Graduate,Yes,49.8,Low
Male,21,2.2,51.1,47.1,4.3,9,Yes,Graduate,No,45.02,Low
Female,17,5.0,55.4,65.4,7.2,8,No,Graduate,Yes,65.15,Low
Female,23,4.2,63.3,92.5,8.2,6,Yes,Graduate,Yes,80.37,High
Male,17,5.6,53.3,56.2,4.6,5,Yes,School,No,65.68,Low
Male,18,6.6,80.1,66.9,6.9,3,Yes,School,No,63.51,Low
Male,22,6.3,99.9,61.1,6.0,1,Yes,School,Yes,62.39,Low
Female,23,7.6,55.0,74.6,6.2,6,Yes,Postgraduate,No,83.71,High
Female,19,3.8,91.1,50.7,8.6,10,Yes,Postgraduate,Yes,82.6,High
Female,17,2.4,55.9,54.3,6.7,5,Yes,Postgraduate,No,56.38,Low
Female,21,4.9,83.5,87.2,4.5,8,Yes,School,No,74.64,High
Male,23,1.8,82.2,84.6,8.7,1,Yes,Postgraduate,No,55.32,Low
Male,23,3.0,95.1,83.4,4.9,10,Yes,School,No,77.44,High
Male,22,2.5,55.7,82.4,8.5,1,Yes,Graduate,Yes,59.84,Low
Male,22,3.8,65.8,65.3,8.9,7,No,Graduate,Yes,69.86,Low
Male,21,1.8,54.5,80.1,8.4,8,Yes,School,No,53.17,Low
Male,22,1.2,70.4,61.3,7.4,10,Yes,Graduate,No,60.76,Low
Female,17,5.6,95.6,45.5,7.7,1,Yes,School,No,66.47,Low
Female,21,5.3,89.1,61.6,7.5,9,Yes,Graduate,No,81.8,High
Male,21,6.0,86.1,48.7,6.3,7,Yes,Graduate,No,71.81,High
Male,18,5.6,76.7,61.5,5.4,7,Yes,Graduate,Yes,82.43,High
Female,19,1.8,94.2,56.4,5.4,8,Yes,Graduate,No,62.01,Low
Female,23,3.0,72.5,73.0,7.7,8,Yes,Graduate,No,62.24,Low
Female,18,1.9,57.5,59.9,7.1,1,Yes,Postgraduate,Yes,45.19,Low
Female,19,6.9,91.9,78.8,6.9,4,Yes,Postgraduate,Yes,81.22,High
Male,21,6.2,64.0,68.2,7.3,9,Yes,Postgraduate,No,70.44,High
Male,23,2.4,52.7,90.6,7.9,3,Yes,Graduate,No,52.68,Low
Male,22,3.4,56.3,45.0,7.7,6,Yes,Postgraduate,No,62.01,Low
Male,19,7.8,80.5,77.8,4.5,4,Yes,Graduate,No,79.01,High
Male,21,5.2,80.4,77.0,5.8,1,Yes,School,No,77.21,High
Female,21,6.6,63.0,92.3,5.3,3,Yes,School,No,75.21,High
Male,18,2.9,86.4,60.4,6.7,3,Yes,Graduate,Yes,63.15,Low
Female,18,2.5,88.7,56.8,4.3,3,Yes,Graduate,No,59.19,Low
Male,22,6.5,96.0,49.5,7.8,6,Yes,Postgraduate,Yes,79.81,High
Male,20,5.8,79.2,54.6,4.5,9,Yes,Postgraduate,No,71.18,High
Male,17,5.8,89.0,67.6,5.4,7,Yes,Graduate,No,84.24,High
Male,20,4.9,87.7,86.1,7.9,7,Yes,School,No,77.12,High
Male,20,4.9,62.9,55.6,4.3,1,Yes,Graduate,Yes,56.52,Low
Female,23,6.1,65.5,48.7,7.3,9,No,Graduate,No,80.88,High
Female,23,2.9,73.9,55.0,8.6,4,Yes,School,No,61.93,Low
Female,22,3.5,51.0,45.6,7.1,8,Yes,Graduate,Yes,55.66,Low
Male,23,7.1,64.9,91.0,7.6,1,Yes,School,Yes,75.14,High
Male,19,3.2,73.7,88.0,8.0,8,Yes,Graduate,Yes,79.94,High
Female,22,4.8,55.4,57.0,5.1,9,Yes,Graduate,Yes,74.3,High
Male,22,5.9,56.3,53.6,6.9,5,Yes,Graduate,No,61.31,Low
Male,21,8.0,73.2,89.8,5.5,7,Yes,Graduate,No,91.38,High
Female,21,4.0,86.5,40.1,5.2,10,Yes,School,No,69.47,Low
Male,21,4.0,91.7,73.0,5.0,2,Yes,School,No,64.38,Low
Female,17,6.9,77.3,90.4,6.9,1,Yes,School,Yes,79.47,High
Male,19,6.6,73.7,68.0,8.0,6,Yes,School,Yes,83.13,High
Female,19,6.1,69.2,40.2,8.4,9,Yes,Postgraduate,Yes,69.09,Low
Male,21,4.2,59.6,52.0,6.1,1,Yes,Graduate,No,54.17,Low
Male,20,3.3,57.3,90.7,5.9,10,Yes,School,Yes,71.56,High
Female,17,5.3,89.6,40.9,7.4,1,Yes,Postgraduate,No,60.96,Low
Male,20,7.1,73.3,61.7,7.9,4,Yes,Graduate,No,82.69,High
Male,18,7.2,89.5,83.4,5.3,10,Yes,School,No,97.73,High
Female,19,1.8,85.2,86.1,5.5,6,Yes,Graduate,Yes,62.28,Low
Male,19,4.0,59.7,66.3,6.7,9,Yes,Graduate,Yes,68.88,Low
Female,20,4.3,75.5,52.8,6.2,2,Yes,Graduate,Yes,64.42,Low
Male,17,7.8,72.2,73.0,7.5,5,Yes,Graduate,Yes,79.18,High
Male,19,5.7,71.2,54.5,6.5,7,Yes,School,No,68.49,Low
Male,20,3.9,77.1,54.0,4.6,4,Yes,Postgraduate,No,64.5,Low
Male,22,1.2,99.1,84.4,4.8,6,Yes,School,No,63.73,Low
Female,22,5.0,90.6,48.5,8.5,6,Yes,Graduate,Yes,63.91,Low
Male,23,1.7,95.2,40.3,5.1,4,Yes,Postgraduate,No,52.2,Low
Female,17,6.8,51.5,58.5,4.3,4,Yes,Graduate,Yes,66.48,Low
Male,20,6.3,57.0,67.0,7.7,9,Yes,Graduate,No,82.68,High
Male,23,4.2,54.2,78.8,7.4,1,Yes,Postgraduate,No,62.87,Low
Male,22,4.0,63.2,83.0,7.0,5,Yes,Postgraduate,No,71.73,High
Male,17,7.3,72.1,76.5,6.5,9,Yes,Graduate,Yes,83.97,High
Female,23,3.0,82.1,74.5,8.8,9,Yes,Graduate,No,77.83,High
Female,21,2.7,75.0,76.6,4.6,9,Yes,Graduate,No,77.75,High
Female,17,7.6,95.2,54.9,6.6,2,Yes,Graduate,Yes,71.33,High
Female,18,6.7,97.0,61.0,6.8,7,Yes,Graduate,No,78.51,High
Male,21,6.7,58.2,73.9,4.1,10,Yes,School,Yes,84.56,High
Female,23,2.4,92.6,43.6,6.1,8,Yes,Postgraduate,Yes,59.84,Low
Female,20,2.0,74.1,56.2,7.9,1,Yes,School,Yes,45.17,Low
Male,21,1.2,72.7,62.4,6.4,2,Yes,School,No,42.79,Low
Male,21,2.7,89.2,69.3,8.4,1,Yes,Graduate,Yes,74.09,High
Male,23,6.4,54.7,66.8,7.2,9,No,School,Yes,69.78,Low
Male,20,2.7,94.1,79.5,7.8,10,No,Graduate,Yes,71.15,High
Female,20,6.1,83.5,66.0,8.0,5,Yes,Graduate,Yes,79.34,High
Female,22,2.8,93.8,89.7,7.4,4,Yes,School,No,65.55,Low
Male,18,3.8,99.7,60.9,7.7,8,Yes,Graduate,No,73.97,High
Male,20,7.9,75.9,68.9,7.5,3,Yes,Graduate,Yes,73.03,High
Male,19,2.7,54.7,40.2,6.8,8,Yes,Graduate,Yes,51.68,Low
Female,19,3.6,58.3,57.1,6.8,3,No,Postgraduate,No,53.12,Low
Female,18,3.1,66.2,87.7,4.9,6,Yes,Graduate,No,62.29,Low
Male,17,1.8,55.2,58.3,8.1,4,Yes,School,No,50.99,Low
Male,23,4.4,90.8,53.9,5.6,8,Yes,Graduate,Yes,66.56,Low
Female,17,3.7,64.8,69.9,6.7,7,Yes,School,No,69.15,Low
Male,19,5.9,98.8,44.3,5.2,5,Yes,School,Yes,64.77,Low
Male,20,6.7,85.1,69.2,7.5,3,No,Postgraduate,Yes,79.05,High
Female,18,4.8,58.7,56.7,8.9,5,Yes,Graduate,No,67.83,Low
Male,17,1.2,73.8,61.1,8.0,4,Yes,School,Yes,55.32,Low
Female,17,5.3,73.3,83.5,7.1,8,Yes,Graduate,No,86.29,High
Male,23,1.4,74.6,76.4,6.8,5,Yes,Graduate,No,50.24,Low
Male,21,5.3,76.8,64.5,6.4,10,Yes,School,Yes,71.18,High
Female,19,5.8,51.6,71.8,5.0,10,No,Graduate,No,67.29,Low
Female,20,2.4,84.3,82.2,5.7,5,Yes,School,Yes,66.45,Low
Male,18,6.7,74.4,81.0,6.0,2,Yes,Graduate,No,70.16,High
Female,17,7.4,89.5,50.2,8.7,9,Yes,Graduate,No,82.59,High
Male,23,6.7,90.8,56.6,6.1,6,Yes,Graduate,No,80.63,High
Male,21,3.1,61.5,59.2,6.9,1,Yes,Postgraduate,Yes,55.13,Low
Female,19,5.1,52.4,50.3,8.6,3,Yes,School,No,47.48,Low
Male,19,7.4,85.2,40.7,6.6,4,Yes,Graduate,Yes,71.74,High
Male,23,3.2,98.9,49.6,5.3,10,Yes,Graduate,No,65.13,Low
Female,18,6.7,72.3,84.5,5.9,10,Yes,Graduate,No,88.75,High
Female,17,1.1,63.0,70.0,5.9,2,Yes,Graduate,No,47.33,Low
Male,18,1.0,57.8,58.8,7.6,10,Yes,School,No,54.83,Low
Female,23,6.3,64.4,73.5,5.5,4,No,Graduate,No,80.04,High
Female,23,6.3,66.4,80.7,7.7,2,Yes,School,Yes,75.2,High
Female,18,6.5,71.2,59.5,8.4,6,Yes,School,No,72.65,High
Female,22,7.5,82.8,65.6,5.7,10,Yes,Postgraduate,No,85.34,High
Male,21,1.8,63.7,43.5,4.7,9,Yes,Graduate,No,42.06,Low
Male,19,2.6,52.5,72.8,7.2,1,Yes,Graduate,Yes,42.71,Low
Male,22,7.3,68.7,59.6,5.8,5,Yes,Postgraduate,Yes,71.68,High
Female,20,2.2,92.8,63.8,6.7,9,No,Graduate,Yes,68.37,Low
Female,19,5.8,74.9,63.2,7.2,7,No,Graduate,No,80.51,High
Female,19,4.7,98.2,74.8,6.0,6,Yes,School,No,70.66,High
Female,21,1.6,75.2,71.5,8.6,7,Yes,School,No,64.6,Low
Female,20,3.0,63.8,63.2,6.0,9,Yes,Graduate,No,71.7,High
Female,17,4.6,59.7,40.9,5.5,3,Yes,Graduate,No,59.12,Low
Female,20,7.0,84.7,74.2,8.4,8,Yes,Graduate,No,90.99,High
Male,17,6.0,76.8,88.4,4.7,1,Yes,School,Yes,65.13,Low
Male,20,5.4,80.2,82.3,4.6,10,Yes,Graduate,No,78.85,High
Female,18,4.5,87.8,94.0,8.7,6,Yes,Graduate,No,85.66,High
Female,23,3.1,86.3,47.6,5.0,9,Yes,Postgraduate,No,65.37,Low
Female,20,1.8,52.2,52.2,4.7,1,Yes,Graduate,No,42.48,Low
Male,22,3.9,90.1,69.7,6.7,5,Yes,School,No,73.02,High
Male,22,1.2,76.6,53.0,4.2,8,Yes,Postgraduate,Yes,50.36,Low
Female,21,2.5,69.6,41.9,7.1,10,Yes,Graduate,Yes,56.18,Low
Female,23,4.0,76.9,62.1,6.3,6,Yes,School,No,85.81,High
Male,23,3.9,80.6,55.8,7.2,6,Yes,Graduate,Yes,65.88,Low
Male,17,1.3,57.5,54.5,5.4,3,Yes,School,No,49.48,Low
Male,19,5.1,70.9,92.4,8.5,8,No,School,No,82.57,High
Male,21,4.8,66.8,53.1,5.4,1,Yes,School,No,56.78,Low
Female,22,1.5,67.5,47.1,7.2,4,Yes,School,No,45.05,Low
Male,22,7.6,54.6,46.9,8.7,8,Yes,Graduate,No,76.71,High
Male,17,1.7,58.0,84.3,6.0,6,Yes,School,No,51.68,Low
Female,22,7.0,58.1,79.3,4.8,9,No,School,No,86.29,High
Male,22,1.0,68.7,47.1,4.3,1,Yes,Graduate,No,54.39,Low
Male,17,7.2,94.7,52.1,8.8,2,Yes,Graduate,No,76.12,High
Male,22,1.1,60.3,81.1,7.8,1,No,School,Yes,40.88,Low
Female,19,6.3,70.8,55.1,8.6,4,Yes,Postgraduate,No,66.47,Low
Male,18,3.5,65.6,94.0,7.5,9,Yes,Graduate,Yes,84.12,High
Female,21,6.2,89.4,69.7,5.7,4,Yes,Graduate,No,68.71,Low
Female,19,3.8,52.5,50.6,4.6,9,Yes,Graduate,No,61.05,Low
Male,19,1.5,59.8,87.2,8.6,6,Yes,Graduate,No,67.71,Low
Male,18,6.4,60.5,57.6,6.4,5,Yes,Graduate,Yes,71.4,High
Male,23,1.5,99.6,55.9,6.0,10,Yes,School,No,54.6,Low
Male,21,7.5,78.5,58.0,6.9,4,No,School,No,73.34,High
Female,19,1.4,56.9,82.3,4.5,10,Yes,Graduate,No,66.17,Low
Male,22,4.4,63.6,49.5,5.5,2,Yes,Graduate,No,48.91,Low
Male,18,6.1,58.4,61.0,7.2,8,Yes,School,No,75.62,High
Male,23,3.8,56.2,41.7,4.5,3,Yes,Postgraduate,No,43.2,Low
Female,21,2.5,89.9,85.5,4.7,1,Yes,Graduate,Yes,63.35,Low
Male,20,6.3,74.8,58.7,6.6,10,Yes,Graduate,No,80.07,High
Male,17,6.5,81.6,53.6,7.1,7,Yes,Graduate,Yes,77.81,High
Female,22,7.5,66.6,71.9,4.9,8,Yes,Graduate,No,78.28,High
Female,18,3.6,77.7,78.8,4.2,7,Yes,School,Yes,63.57,Low
Male,17,4.5,62.9,84.7,8.8,4,Yes,Graduate,Yes,59.33,Low
Male,23,3.5,65.4,59.1,4.1,8,Yes,School,No,57.41,Low
Male,23,2.8,82.6,84.7,4.0,10,Yes,Graduate,No,69.98,Low
Male,20,6.3,57.5,65.6,5.6,4,Yes,Graduate,Yes,70.35,High
Male,19,3.4,80.9,45.6,5.1,5,Yes,Graduate,No,46.78,Low
Female,19,4.0,92.6,86.5,6.9,8,Yes,Graduate,No,87.59,High
Female,21,3.8,56.0,70.1,8.5,2,Yes,Graduate,No,55.3,Low
Male,18,6.0,94.9,73.1,6.4,10,Yes,School,No,84.11,High
Male,18,7.4,54.0,91.6,7.9,8,Yes,School,No,90.36,High
Female,23,5.7,67.4,70.8,8.5,5,No,Graduate,Yes,71.8,High
Male,21,4.3,80.5,40.3,4.9,5,Yes,Graduate,No,60.59,Low
Male,17,6.5,78.0,87.9,6.4,7,Yes,Graduate,No,81.2,High
Male,19,5.5,54.8,55.7,7.2,4,Yes,Graduate,No,59.34,Low
Male,19,1.4,89.9,67.6,5.7,3,Yes,School,No,52.42,Low
Male,23,1.7,98.7,51.3,7.7,6,Yes,Graduate,No,55.6,Low
Female,18,1.3,59.1,56.3,7.5,6,Yes,Postgraduate,Yes,51.62,Low
Male,23,4.2,94.8,77.8,6.1,10,Yes,Graduate,Yes,86.1,High
Male,18,6.8,77.8,63.6,4.4,6,Yes,Graduate,No,63.49,Low
Male,21,3.2,96.8,74.5,4.1,7,Yes,Graduate,No,74.68,High
Female,20,3.7,58.8,85.3,5.8,4,No,Graduate,Yes,65.48,Low
Female,17,7.4,89.6,58.7,4.4,3,Yes,Postgraduate,No,81.24,High
Female,22,6.9,53.0,71.3,7.9,3,No,Graduate,Yes,73.55,High
Female,20,5.7,94.2,82.8,5.7,3,Yes,Graduate,Yes,79.73,High
Male,20,2.9,83.7,79.3,7.3,2,Yes,School,No,56.38,Low
Female,18,1.8,68.5,69.7,5.7,6,Yes,School,No,62.79,Low
Male,18,1.1,59.5,61.1,8.0,1,Yes,Graduate,Yes,38.41,Low
Male,18,1.7,90.8,62.4,8.4,6,Yes,Graduate,Yes,60.14,Low
Female,20,3.0,80.2,63.8,8.2,8,Yes,Graduate,No,77.09,High
Female,23,4.9,68.0,59.2,6.4,6,Yes,School,Yes,69.61,Low
Female,17,1.4,72.2,78.4,4.4,2,Yes,Graduate,Yes,47.98,Low
Female,23,2.0,91.3,46.9,5.9,7,Yes,Graduate,No,55.85,Low
Female,18,2.3,66.9,93.2,6.1,3,Yes,Postgraduate,No,64.03,Low
Male,19,5.4,54.5,82.8,8.8,9,Yes,School,No,85.25,High
Female,23,5.3,95.6,56.4,6.8,8,Yes,Graduate,Yes,70.53,High
Female,17,4.9,69.4,42.3,7.2,6,Yes,School,Yes,66.36,Low
Female,19,2.8,67.4,79.1,7.9,1,No,Graduate,No,57.11,Low
Male,17,3.6,60.2,80.4,6.8,2,Yes,Postgraduate,No,54.98,Low
Female,18,1.7,94.9,93.0,7.0,8,Yes,Graduate,No,76.5,High
Male,23,2.6,60.9,54.0,5.2,6,Yes,Graduate,Yes,49.46,Low
Female,22,7.3,81.8,44.5,4.3,1,Yes,School,No,59.23,Low
Female,21,7.9,94.0,90.3,7.6,9,Yes,Graduate,Yes,99.07,High
Male,18,5.5,51.7,54.2,8.2,8,Yes,Postgraduate,No,69.81,Low
Female,20,7.4,91.4,79.7,6.1,2,Yes,Postgraduate,No,80.1,High
Male,22,5.5,70.5,43.3,6.7,10,Yes,Postgraduate,Yes,64.44,Low
Male,20,1.2,82.9,81.8,5.5,5,No,Graduate,No,67.32,Low
Male,17,8.0,68.6,47.0,6.3,3,Yes,School,No,74.89,High
Female,20,1.7,84.8,78.3,5.0,1,Yes,Postgraduate,No,56.8,Low
Female,22,5.8,62.7,69.3,7.8,7,Yes,Postgraduate,No,70.11,High
Female,22,2.8,51.1,92.6,6.5,9,Yes,Postgraduate,Yes,66.7,Low
Male,18,3.7,97.4,42.0,6.7,7,Yes,Graduate,Yes,56.89,Low
Female,19,5.5,50.8,56.1,4.2,3,Yes,School,No,55.89,Low
Male,18,4.1,91.2,43.8,7.1,6,No,School,No,57.42,Low
Female,17,2.8,58.5,88.4,5.0,3,Yes,Graduate,No,55.47,Low
Male,20,3.3,69.6,72.7,5.9,4,Yes,School,No,72.9,High
Male,19,3.4,91.1,69.4,6.1,1,Yes,Postgraduate,No,73.48,High
Male,23,7.7,60.3,47.2,6.2,2,Yes,Graduate,No,66.15,Low
Female,21,6.6,93.3,66.9,5.1,1,Yes,School,No,69.39,Low
Male,22,4.2,74.9,61.9,8.3,10,Yes,School,Yes,78.28,High
Male,19,2.4,68.3,57.4,6.1,2,Yes,School,No,48.31,Low
Male,23,6.7,83.1,82.5,7.1,4,Yes,Graduate,Yes,87.51,High
Male,19,2.1,67.1,43.4,7.1,6,Yes,Graduate,No,52.42,Low
Male,18,2.5,67.4,75.6,7.0,8,Yes,School,No,72.22,High
Male,23,3.6,86.7,85.3,6.8,10,No,Graduate,No,86.06,High
Female,21,7.2,65.5,89.9,8.1,9,No,School,No,87.17,High
Female,22,1.9,60.0,81.0,8.1,10,Yes,School,Yes,65.47,Low
Male,17,1.9,90.4,55.5,6.1,7,Yes,Graduate,No,60.65,Low
Female,17,4.5,90.3,73.0,7.2,4,Yes,Graduate,No,79.92,High
Female,19,2.9,74.9,47.8,4.5,7,Yes,Postgraduate,Yes,64.59,Low
Male,23,5.0,76.3,46.4,4.5,1,Yes,Graduate,Yes,55.24,Low
Male,19,4.2,84.8,75.1,6.4,10,Yes,School,Yes,76.92,High
Male,20,4.0,75.5,86.8,8.5,6,Yes,Postgraduate,Yes,77.92,High
Female,21,1.8,70.9,43.7,7.2,1,No,Graduate,No,44.65,Low
Male,22,2.0,99.7,45.8,7.3,8,Yes,Graduate,Yes,63.54,Low
Female,19,6.7,57.4,71.1,4.8,4,Yes,Postgraduate,No,71.22,High
Male,20,7.2,79.6,52.0,6.3,8,Yes,Graduate,No,67.0,Low
Female,23,2.6,94.3,73.6,6.0,8,Yes,Graduate,No,70.41,High
Male,21,1.8,84.4,51.8,7.9,2,Yes,Graduate,Yes,50.45,Low
Male,22,1.4,94.0,46.4,4.7,6,Yes,Graduate,No,51.86,Low
Female,17,5.3,66.8,70.0,6.7,10,Yes,Postgraduate,No,79.7,High
Female,20,6.0,63.6,87.4,8.6,4,Yes,School,No,70.84,High
Female,23,3.6,92.6,77.7,8.5,3,No,Graduate,No,72.32,High
Female,21,5.8,69.7,85.0,8.3,9,Yes,Postgraduate,No,81.56,High
Female,20,6.0,85.5,54.6,5.9,10,Yes,School,No,70.17,High
Female,19,7.5,57.4,88.7,8.7,9,Yes,School,No,93.79,High
Male,18,1.5,87.8,60.7,8.0,2,Yes,Graduate,Yes,55.5,Low
Female,17,2.3,77.4,86.9,8.3,5,Yes,Graduate,No,57.87,Low
Male,19,1.5,63.4,65.9,8.7,10,Yes,Postgraduate,Yes,54.78,Low
Male,19,7.1,74.7,54.7,8.7,10,Yes,School,No,77.25,High
Female,23,6.5,84.8,54.3,5.2,7,Yes,School,No,67.01,Low
Male,23,5.0,50.6,71.2,4.6,9,Yes,Postgraduate,Yes,66.59,Low
Female,21,1.6,81.9,44.3,7.5,8,Yes,School,No,58.72,Low
Female,23,2.9,77.1,91.2,6.8,10,Yes,School,No,79.32,High
Male,20,3.1,61.0,54.9,5.6,4,No,Graduate,No,50.18,Low
Male,17,4.9,87.6,58.5,7.4,3,No,School,No,57.97,Low
Female,19,2.8,65.2,52.8,4.3,1,Yes,Postgraduate,Yes,47.29,Low
Female,21,1.5,63.8,40.2,4.2,1,Yes,Graduate,No,39.35,Low
Male,17,6.1,73.6,78.1,5.8,9,Yes,Graduate,Yes,78.55,High
Male,23,3.1,83.8,72.5,5.0,4,Yes,School,No,56.67,Low
Male,23,4.2,96.4,84.5,7.6,8,Yes,Graduate,No,81.11,High
Male,20,1.9,57.1,42.3,8.7,4,Yes,Postgraduate,No,41.81,Low
Female,23,6.6,69.8,91.1,7.3,6,Yes,Graduate,No,73.56,High
Female,19,5.0,53.3,58.2,7.3,4,Yes,Graduate,No,54.88,Low
Female,22,7.3,87.9,90.2,4.0,2,Yes,Graduate,Yes,76.78,High
Female,19,4.5,72.4,45.9,6.6,1,Yes,Graduate,No,60.28,Low
Male,19,7.6,85.3,80.9,8.1,8,Yes,Postgraduate,Yes,87.59,High
Male,23,7.2,66.1,71.9,7.3,6,No,Graduate,Yes,76.64,High
Female,17,5.0,92.2,59.7,5.1,1,Yes,School,No,63.92,Low
Female,23,7.5,76.7,44.4,8.2,5,Yes,School,No,75.41,High
Female,17,3.3,97.2,73.3,8.8,3,Yes,School,Yes,60.89,Low
Female,17,3.6,53.9,41.5,5.4,2,Yes,Graduate,Yes,44.5,Low
Female,17,1.3,75.7,67.6,5.0,3,No,School,Yes,57.08,Low
Female,21,5.1,88.3,73.2,5.7,2,No,School,No,70.54,High
Female,18,6.1,80.0,80.3,4.3,10,Yes,Graduate,Yes,86.99,High
Female,23,6.4,51.2,94.5,8.4,2,Yes,Graduate,No,78.59,High
Female,21,2.0,98.6,54.3,8.6,1,Yes,Graduate,Yes,49.18,Low
Male,19,4.1,64.9,57.7,7.2,3,Yes,Graduate,No,63.86,Low
Female,21,2.2,62.5,58.8,7.8,3,Yes,Graduate,No,47.52,Low
Male,20,5.6,74.3,80.2,7.3,4,Yes,Postgraduate,Yes,71.93,High
Male,22,2.1,77.1,91.3,5.9,3,Yes,School,Yes,59.57,Low
Female,17,7.3,88.3,93.6,7.2,8,Yes,Postgraduate,Yes,100.0,High
Female,23,2.6,69.7,92.0,8.2,4,No,School,No,73.84,High
Male,20,3.0,72.0,88.4,8.0,10,Yes,Graduate,No,68.31,Low
Male,23,7.0,76.7,94.5,4.4,1,Yes,Graduate,No,79.77,High
Female,22,4.2,69.7,60.7,6.3,2,No,School,Yes,46.24,Low
Male,20,1.2,95.7,92.2,6.0,7,Yes,Graduate,No,72.3,High
Female,23,4.5,92.6,81.9,7.8,6,Yes,Postgraduate,Yes,73.52,High
Female,19,1.6,72.7,49.3,6.5,9,Yes,Postgraduate,No,57.91,Low
Female,17,7.9,50.0,42.5,5.7,6,Yes,Graduate,No,72.22,High
Male,20,5.1,95.0,51.8,7.5,2,Yes,Graduate,No,59.22,Low
Male,19,2.8,56.2,82.8,6.4,8,Yes,School,No,70.27,High
Female,17,4.9,62.2,74.7,5.3,9,Yes,School,No,69.61,Low
Male,18,1.5,57.6,52.3,8.5,5,Yes,School,No,39.1,Low
Male,19,6.6,59.0,80.8,4.6,6,Yes,Graduate,No,77.1,High
Male,21,7.5,90.1,47.8,4.1,4,Yes,Graduate,No,74.15,High
Male,23,7.1,79.0,85.2,4.7,2,Yes,Graduate,Yes,82.24,High
Male,17,3.4,97.8,83.7,4.8,5,No,Graduate,No,63.93,Low
Male,20,3.3,61.6,93.5,6.7,5,Yes,Graduate,No,56.55,Low
Male,22,1.2,74.3,48.3,7.1,1,Yes,Graduate,No,40.1,Low
Female,20,5.6,98.9,89.9,6.2,5,Yes,Graduate,Yes,81.28,High
Male,21,4.7,91.3,58.8,5.0,1,Yes,Postgraduate,Yes,55.85,Low
Male,23,4.2,86.4,62.9,4.7,3,Yes,Postgraduate,No,57.67,Low
Male,21,7.4,59.4,65.8,6.5,9,Yes,Graduate,No,79.29,High
Male,20,2.2,88.5,74.5,6.8,4,Yes,School,No,51.36,Low
Male,23,1.1,67.4,94.7,5.5,9,Yes,Graduate,Yes,61.27,Low
Male,22,1.5,76.5,73.0,5.1,6,Yes,School,No,60.21,Low
Male,17,2.6,80.5,91.0,4.4,1,Yes,Graduate,No,65.71,Low
Male,23,1.2,80.5,54.0,4.1,3,Yes,School,No,38.63,Low
Female,19,4.5,86.3,61.9,4.5,3,Yes,Postgraduate,Yes,62.55,Low
Male,23,3.2,83.1,67.7,7.7,4,Yes,Graduate,No,71.57,High
Male,21,2.3,53.4,57.8,5.7,10,Yes,School,Yes,61.47,Low
Male,21,6.3,72.9,93.7,4.1,4,Yes,Graduate,No,79.81,High
Male,21,2.4,83.2,79.9,6.5,8,Yes,Postgraduate,No,62.36,Low
Female,22,5.8,64.8,66.3,6.7,3,Yes,School,Yes,74.19,High
Female,23,3.4,65.7,81.3,6.1,4,No,Graduate,Yes,60.12,Low
Female,23,4.6,56.2,65.7,4.6,3,Yes,School,No,55.06,Low
Female,18,7.5,70.9,40.9,7.8,7,Yes,Graduate,Yes,77.73,High
Female,22,1.3,99.3,69.9,7.4,6,Yes,School,No,60.96,Low
Female,17,4.5,64.3,74.4,6.0,1,Yes,Graduate,No,62.55,Low
Female,17,7.0,76.6,94.0,5.9,10,No,Graduate,No,96.22,High
Female,17,5.1,87.2,42.2,4.8,1,Yes,School,Yes,60.03,Low
Female,17,2.9,50.7,68.2,7.8,6,Yes,Postgraduate,No,56.5,Low
Female,17,3.8,95.0,45.4,7.0,3,No,Graduate,Yes,68.3,Low
Female,20,5.8,69.3,48.2,4.4,9,Yes,School,Yes,87.38,High
Female,21,7.2,93.5,73.6,5.9,2,Yes,Graduate,No,79.13,High
Female,22,1.3,51.9,52.7,8.5,3,Yes,Postgraduate,No,50.69,Low
Female,20,1.5,57.3,81.2,6.3,9,Yes,Postgraduate,Yes,64.22,Low
Female,22,3.3,66.1,68.3,5.6,6,Yes,Graduate,Yes,60.46,Low
Female,18,2.6,67.3,52.0,7.2,1,Yes,Graduate,Yes,49.23,Low
Male,23,2.9,92.4,67.2,5.0,2,No,Postgraduate,No,55.35,Low
Female,19,2.5,50.6,40.0,6.6,7,Yes,School,No,45.51,Low
Male,21,2.4,82.1,87.5,7.3,6,Yes,Graduate,No,65.01,Low
Female,18,1.9,56.6,40.7,8.3,1,Yes,School,Yes,42.46,Low
Female,20,7.5,91.2,40.4,7.5,10,Yes,Graduate,No,86.83,High
Male,19,2.0,88.9,73.6,5.9,2,Yes,Postgraduate,No,57.28,Low
Female,23,2.4,75.0,93.5,7.8,6,Yes,Graduate,No,69.09,Low
Male,18,2.7,60.6,87.1,8.5,6,Yes,Graduate,Yes,70.33,High
Male,23,7.5,81.7,53.9,6.4,6,Yes,School,Yes,71.93,High
Male,23,6.3,57.8,50.8,4.0,9,Yes,School,Yes,64.95,Low
Female,22,6.5,59.5,74.4,8.4,2,Yes,School,No,71.08,High
Female,19,1.7,81.3,85.2,4.8,10,Yes,Postgraduate,No,64.48,Low
Female,22,6.9,99.6,59.9,4.6,10,Yes,Graduate,Yes,90.88,High
Male,23,3.9,94.6,63.8,5.5,9,Yes,School,Yes,66.62,Low
Male,18,2.8,79.7,46.4,5.9,9,Yes,Graduate,Yes,57.5,Low
Female,23,5.0,76.9,48.4,8.0,10,Yes,Postgraduate,Yes,70.65,High
Female,20,6.8,99.9,71.3,5.9,9,Yes,School,No,89.99,High
Female,23,6.5,77.4,45.6,4.2,9,Yes,School,No,70.59,High
Female,22,7.2,71.0,51.1,7.2,3,Yes,Graduate,Yes,63.17,Low
Female,19,7.5,95.5,52.9,7.4,10,Yes,School,Yes,90.47,High
Male,18,2.7,61.7,64.4,8.1,9,No,Graduate,No,64.21,Low
Male,22,4.0,54.9,42.5,6.0,10,Yes,Postgraduate,No,58.16,Low
Male,23,1.1,81.7,67.5,4.4,9,Yes,Graduate,No,61.29,Low
Female,20,7.2,54.8,91.1,6.8,3,Yes,Graduate,No,85.1,High
Male,21,2.1,68.7,41.3,4.6,4,Yes,Graduate,No,47.13,Low
Male,20,7.0,71.2,74.7,4.1,4,No,School,Yes,73.32,High
Male,23,3.3,77.4,86.0,7.9,4,No,Postgraduate,Yes,70.57,High
Male,20,3.6,99.6,57.2,6.0,7,Yes,School,No,60.63,Low
Male,21,1.3,61.0,47.2,6.6,5,Yes,Postgraduate,Yes,45.61,Low
Female,20,3.3,68.8,42.4,7.3,7,Yes,School,No,57.57,Low
Male,21,7.2,56.6,75.4,6.0,6,Yes,Postgraduate,No,74.58,High
Female,23,1.2,80.4,70.4,4.3,7,Yes,Graduate,No,65.14,Low
Female,21,3.8,86.4,52.6,5.3,8,Yes,School,No,63.17,Low
Female,22,1.2,74.1,85.7,5.0,6,Yes,School,No,62.17,Low
Female,22,3.6,62.3,80.5,8.9,9,Yes,School,Yes,72.9,High
Female,21,2.2,81.0,55.2,7.7,4,No,School,No,49.08,Low
Male,18,2.8,77.0,81.4,6.3,5,Yes,Graduate,Yes,58.26,Low
Male,19,7.1,58.6,53.5,4.3,9,Yes,Graduate,Yes,71.18,High
Female,18,4.1,70.3,77.1,4.6,9,Yes,Graduate,No,73.12,High
Female,21,2.9,71.8,46.5,8.1,2,No,School,No,42.09,Low
Female,19,5.1,99.1,78.1,8.7,2,Yes,School,No,68.85,Low
Male,22,2.0,92.5,53.1,4.2,9,Yes,Graduate,No,57.09,Low
Female,19,2.8,86.7,71.5,8.6,6,No,Postgraduate,Yes,66.89,Low
Male,21,4.8,94.4,49.5,5.9,8,Yes,Graduate,No,71.12,High
Female,22,2.7,86.8,79.9,5.1,8,Yes,School,Yes,67.85,Low
Male,19,5.8,95.2,43.3,4.5,8,Yes,Graduate,No,68.95,Low
Female,19,4.4,52.7,49.1,7.9,5,No,Graduate,No,52.32,Low
Male,18,6.4,72.8,50.1,6.3,10,Yes,Graduate,Yes,78.03,High
Female,19,7.6,87.3,42.3,8.2,4,No,Graduate,Yes,75.74,High
Male,23,1.8,79.2,81.0,5.1,3,Yes,Postgraduate,No,63.67,Low
Male,21,3.3,58.8,94.0,7.4,4,Yes,Graduate,No,67.03,Low
Male,17,3.2,67.0,82.8,4.6,8,Yes,School,No,66.88,Low
Male,17,2.1,65.9,87.3,4.4,4,No,School,No,52.69,Low
Male,17,6.7,63.1,40.3,4.7,8,Yes,Graduate,No,67.78,Low
Male,21,6.3,67.2,46.5,8.0,8,Yes,Graduate,No,69.22,Low
Male,17,4.4,75.7,70.7,7.3,1,Yes,Postgraduate,No,61.04,Low
Female,18,4.8,92.7,93.8,4.8,9,Yes,School,Yes,85.14,High
Female,21,1.4,87.1,76.3,5.9,3,Yes,School,No,58.24,Low
Female,23,4.9,91.8,60.6,7.8,6,Yes,Postgraduate,No,71.17,High
Female,22,6.5,94.2,48.0,5.4,3,Yes,School,Yes,71.66,High
Female,23,5.0,70.8,48.4,8.6,9,Yes,Postgraduate,Yes,65.52,Low
Male,21,2.9,67.3,60.0,8.6,1,Yes,Graduate,Yes,64.73,Low
Male,21,5.7,52.9,79.3,6.8,7,Yes,Graduate,Yes,69.09,Low
Male,19,3.5,96.5,41.8,7.2,5,Yes,School,Yes,56.36,Low
Male,19,4.8,53.3,86.9,7.3,3,Yes,Graduate,No,52.48,Low
Male,19,4.4,87.1,91.8,5.3,7,Yes,Postgraduate,No,69.9,Low
Female,20,3.7,68.9,88.9,5.8,1,Yes,Graduate,No,60.99,Low
Female,18,6.0,97.4,90.2,4.7,6,Yes,Graduate,Yes,83.15,High
Female,21,7.2,71.0,40.8,8.6,7,No,Graduate,No,73.92,High
Female,23,1.0,90.8,93.8,7.6,9,Yes,Graduate,No,73.54,High
Male,21,7.5,64.1,60.1,4.2,9,Yes,Graduate,No,81.71,High
Male,19,4.6,65.0,87.8,6.7,7,No,School,Yes,76.12,High
Male,21,5.9,79.8,50.3,5.7,5,Yes,Postgraduate,No,65.35,Low
Female,22,7.0,99.9,64.6,8.1,7,No,School,No,80.58,High
Male,21,4.3,75.9,42.4,5.7,1,Yes,School,No,51.61,Low
Female,23,6.8,96.8,42.2,7.2,7,Yes,School,Yes,72.64,High
Male,17,2.2,89.3,91.9,4.8,10,Yes,Postgraduate,No,80.69,High
Male,22,2.1,89.8,84.6,6.8,4,Yes,School,No,64.96,Low
Female,22,5.6,71.8,69.1,5.5,2,Yes,Postgraduate,Yes,63.58,Low
Male,21,7.1,69.3,68.9,4.8,6,Yes,Graduate,Yes,70.5,High
Male,20,7.2,59.6,81.2,7.1,7,Yes,Graduate,Yes,84.96,High
Female,19,5.5,98.2,58.8,7.2,7,Yes,Graduate,Yes,78.17,High
Male,18,4.7,98.0,81.9,8.9,8,Yes,School,Yes,85.35,High
Female,18,3.3,87.4,66.7,7.3,5,Yes,Postgraduate,No,63.23,Low
Male,17,7.9,64.8,75.1,6.6,10,Yes,Postgraduate,No,80.04,High
Male,18,3.2,62.3,93.1,8.6,10,Yes,Graduate,No,79.57,High
Male,18,6.2,99.4,65.9,8.1,8,Yes,Postgraduate,Yes,86.92,High
Male,19,4.7,53.3,63.0,6.7,4,Yes,Graduate,Yes,57.77,Low
Male,19,5.3,92.2,89.8,6.6,10,No,Graduate,Yes,92.38,High
Male,20,3.8,67.8,89.6,8.7,1,Yes,Graduate,No,69.07,Low
Male,23,7.8,70.9,94.6,7.1,8,Yes,Graduate,No,99.32,High
Male,17,5.0,91.6,70.3,7.6,4,Yes,Graduate,Yes,75.73,High
Female,18,7.6,54.5,58.9,4.4,5,Yes,Graduate,Yes,71.02,High
Female,20,1.1,67.7,53.2,7.6,4,No,Postgraduate,No,52.53,Low
Male,17,5.0,97.6,41.9,5.3,7,No,Graduate,No,69.23,Low
Male,22,6.0,85.0,80.0,4.6,10,Yes,Graduate,No,88.06,High
Female,18,6.2,87.7,52.8,8.2,3,Yes,Graduate,No,63.5,Low
Male,18,7.3,87.9,73.4,7.5,2,Yes,Graduate,No,82.17,High
Male,19,1.0,53.0,90.4,6.0,10,Yes,School,Yes,62.33,Low
Female,21,1.0,60.2,92.3,6.2,2,Yes,Graduate,Yes,56.53,Low
Male,17,4.3,74.6,40.2,5.0,7,Yes,Graduate,Yes,60.38,Low
Male,18,1.2,68.4,57.4,4.0,10,Yes,Graduate,No,55.53,Low
Female,17,7.8,70.5,86.1,5.7,6,Yes,Graduate,No,85.22,High
Male,23,2.6,89.1,69.5,4.7,2,Yes,Postgraduate,Yes,49.41,Low
Male,20,4.3,50.7,84.4,6.1,8,Yes,School,No,71.72,High
Female,20,1.4,83.0,86.9,8.2,6,Yes,Postgraduate,No,67.36,Low
Male,21,4.7,50.0,64.3,4.6,8,Yes,Graduate,Yes,64.25,Low
Female,18,3.7,53.2,59.7,4.5,6,Yes,Postgraduate,No,59.97,Low
Male,23,1.3,70.4,65.0,8.5,4,Yes,Postgraduate,Yes,51.77,Low
Male,19,3.3,92.0,75.9,7.7,8,Yes,School,Yes,69.56,Low
Female,18,3.7,57.2,60.2,4.3,4,Yes,Graduate,Yes,53.29,Low
Female,17,7.9,77.7,82.6,4.4,6,Yes,Graduate,Yes,90.0,High
Male,22,2.5,83.9,89.7,7.4,5,Yes,School,No,65.57,Low
Female,20,4.8,61.5,55.5,5.9,4,Yes,Postgraduate,No,63.23,Low
Female,17,7.9,75.6,93.1,7.6,7,Yes,Graduate,No,93.78,High
Male,21,6.5,95.6,74.2,6.0,8,Yes,School,No,84.18,High
Male,20,8.0,75.6,88.3,8.8,6,No,School,No,95.52,High
Male,19,7.8,57.9,45.7,7.5,1,Yes,Graduate,No,64.14,Low
Female,20,4.4,81.4,53.8,4.2,7,Yes,School,Yes,66.32,Low
Female,22,5.9,79.6,57.7,5.7,4,Yes,School,Yes,74.81,High
Female,23,1.8,51.3,56.7,6.8,2,Yes,Postgraduate,No,52.74,Low
Female,18,4.1,54.5,49.5,4.7,3,Yes,Graduate,No,47.93,Low
Male,22,6.7,57.8,87.8,4.0,10,Yes,Graduate,No,87.27,High
Female,23,4.5,56.8,63.0,4.4,4,Yes,School,Yes,65.42,Low
Male,22,5.9,63.0,93.0,6.6,7,Yes,School,No,89.09,High
Female,18,6.2,72.7,72.1,7.2,9,Yes,Graduate,Yes,80.43,High
Male,20,2.8,68.6,47.6,4.5,10,Yes,Graduate,No,55.66,Low
Male,21,7.1,94.5,70.0,7.3,6,Yes,School,No,87.12,High
Male,18,4.2,80.6,94.6,7.1,10,Yes,School,No,85.85,High
Female,18,2.5,93.8,71.1,8.7,5,Yes,Postgraduate,No,60.86,Low
Male,23,7.1,76.4,40.1,8.2,9,Yes,Postgraduate,No,80.5,High
Male,19,3.9,54.5,91.3,8.7,8,Yes,Graduate,Yes,78.84,High
Female,20,6.3,73.2,52.9,8.8,8,Yes,Graduate,No,78.31,High
Male,18,4.8,91.1,77.9,6.2,8,Yes,School,No,80.1,High
Female,21,3.7,59.7,68.3,6.4,8,No,School,Yes,62.25,Low
Female,17,6.7,54.6,57.9,5.4,8,Yes,Postgraduate,No,66.01,Low
Male,20,5.1,66.5,55.5,6.5,10,Yes,Graduate,Yes,72.6,High
Male,19,3.7,69.4,91.1,4.8,10,Yes,Graduate,Yes,76.43,High
Female,22,1.8,65.3,90.2,7.4,7,Yes,Graduate,Yes,57.23,Low
Male,18,7.3,56.8,68.2,4.1,2,Yes,Graduate,No,70.18,High
Female,21,1.2,62.5,54.2,5.2,2,Yes,School,Yes,45.99,Low
Female,20,7.0,84.1,45.6,5.0,5,Yes,Graduate,No,72.63,High
Female,21,3.5,69.3,48.6,8.7,6,Yes,Graduate,No,64.23,Low
Male,21,5.5,81.6,68.7,4.7,9,Yes,School,Yes,77.39,High
Female,23,7.5,76.8,56.9,8.5,1,Yes,Graduate,No,71.14,High
Male,22,2.1,77.5,42.3,4.6,7,Yes,Graduate,No,57.54,Low
Male,19,5.0,62.4,65.0,7.3,7,Yes,Graduate,No,72.67,High
Male,20,6.4,76.1,81.0,5.6,8,No,Graduate,Yes,78.02,High
Male,18,6.3,51.2,89.0,5.6,1,Yes,School,Yes,63.89,Low
Female,19,4.7,71.6,72.2,9.0,10,Yes,Graduate,Yes,85.03,High
Male,18,5.4,78.6,79.8,5.1,4,Yes,Graduate,Yes,68.99,Low
Female,17,6.3,59.1,60.0,5.0,10,Yes,Graduate,Yes,73.09,High
Female,21,6.9,62.8,67.3,6.9,5,Yes,School,No,73.63,High
Male,17,6.3,61.0,80.1,7.7,2,Yes,School,Yes,81.01,High
Female,23,3.5,53.5,80.0,8.9,2,Yes,Postgraduate,No,50.91,Low
Female,21,8.0,67.4,63.3,7.5,4,Yes,Graduate,Yes,79.69,High
Male,22,4.0,98.9,69.9,6.8,3,Yes,School,No,75.74,High
Female,19,1.2,67.7,90.8,6.0,7,No,Graduate,No,66.16,Low
Female,18,3.5,73.0,74.8,7.0,7,Yes,School,No,70.22,High
Female,23,1.9,82.7,75.3,7.0,2,Yes,Graduate,No,52.46,Low
Female,22,1.9,82.4,83.2,5.1,5,Yes,Postgraduate,Yes,60.25,Low
Male,18,3.0,97.5,46.3,7.4,5,No,Postgraduate,No,60.9,Low
Female,19,1.4,92.9,68.8,5.0,8,Yes,School,No,60.94,Low
Female,20,5.8,89.7,92.8,6.4,8,No,School,Yes,91.49,High
Female,23,1.5,97.6,59.9,5.3,4,No,Graduate,No,64.37,Low
Female,17,2.4,61.5,56.2,5.6,10,No,School,Yes,60.29,Low
Male,17,1.7,80.9,73.1,7.1,1,Yes,School,Yes,56.68,Low
Female,18,1.4,94.4,52.2,4.3,6,Yes,Graduate,No,53.22,Low
Male,18,2.9,81.2,70.6,4.1,7,Yes,School,No,60.5,Low
Female,18,5.0,98.9,48.6,4.7,1,Yes,Postgraduate,Yes,63.27,Low
Male,23,7.8,55.0,71.9,4.8,8,Yes,Graduate,No,74.2,High
Male,19,7.1,72.0,73.1,5.0,9,Yes,Graduate,No,85.8,High
Male,20,7.1,98.9,63.0,7.9,8,Yes,Graduate,No,81.44,High
Male,17,2.2,69.0,61.1,6.2,3,Yes,Graduate,No,55.85,Low
Male,22,2.9,87.0,53.5,6.3,9,Yes,Graduate,No,58.99,Low
Female,21,1.5,51.5,58.2,7.2,10,Yes,School,No,59.32,Low
Female,23,6.4,84.7,67.4,7.6,3,Yes,Graduate,Yes,83.05,High
Female,23,1.5,96.7,53.6,4.0,4,Yes,Graduate,No,49.41,Low
Male,19,4.9,69.1,83.1,8.3,6,Yes,Graduate,No,72.82,High
Female,17,2.7,51.1,79.0,8.9,7,Yes,School,Yes,63.54,Low
Male,20,2.7,51.4,54.8,4.6,8,Yes,Graduate,Yes,56.98,Low
Male,19,7.9,94.6,45.4,7.3,7,Yes,Graduate,No,73.83,High
Female,22,6.3,86.1,40.0,4.0,3,No,Graduate,Yes,60.89,Low
Female,17,6.9,55.3,72.8,4.2,2,Yes,Postgraduate,No,74.11,High
Male,19,5.0,52.7,51.6,5.4,2,Yes,Postgraduate,Yes,54.9,Low
Male,17,7.1,90.2,40.7,8.2,9,Yes,School,No,77.4,High
Female,17,5.5,90.5,59.7,7.3,7,Yes,Graduate,No,73.74,High
Female,23,7.6,56.0,92.9,6.2,7,Yes,Graduate,No,90.3,High
Female,20,3.0,65.1,77.9,6.2,5,Yes,School,No,67.44,Low
Female,23,5.2,89.0,87.2,6.3,6,Yes,School,Yes,82.69,High
Male,21,5.8,76.3,48.0,5.6,7,Yes,Graduate,No,72.41,High
Female,20,3.8,97.8,44.0,8.4,9,Yes,Graduate,Yes,64.11,Low
Female,17,7.2,74.1,40.6,6.8,10,Yes,Graduate,Yes,76.25,High
Female,19,7.9,83.8,92.6,6.4,4,Yes,Graduate,No,91.79,High
Male,22,4.5,75.5,56.5,6.3,6,Yes,Graduate,Yes,67.19,Low
Male,20,3.7,97.1,65.3,8.7,1,No,Postgraduate,No,64.33,Low
Male,21,4.3,69.9,61.7,7.6,7,Yes,Graduate,No,61.77,Low
Male,17,7.0,61.5,80.2,4.7,4,Yes,Graduate,Yes,76.23,High
Female,22,5.5,66.3,57.0,6.2,2,Yes,Postgraduate,No,51.3,Low
Male,20,1.3,92.6,69.4,5.4,4,Yes,Graduate,Yes,55.54,Low
Female,23,4.8,74.9,94.8,8.9,8,Yes,Graduate,Yes,82.24,High
Female,23,1.1,67.7,64.4,6.1,2,Yes,Graduate,Yes,40.38,Low
Female,20,6.4,77.2,70.3,4.3,1,Yes,Graduate,No,67.66,Low
Female,20,3.3,56.7,67.6,6.1,1,Yes,School,No,46.38,Low
Male,20,4.3,50.3,84.2,5.6,7,Yes,Graduate,No,66.89,Low
Male,22,6.6,64.0,54.7,7.0,7,Yes,School,No,65.04,Low
Male,23,1.3,80.3,49.4,5.1,4,Yes,Postgraduate,No,54.61,Low
Female,19,2.1,85.6,81.5,4.2,5,Yes,Graduate,Yes,49.88,Low
Female,21,3.8,91.3,62.9,4.5,5,Yes,School,No,66.48,Low
Female,21,2.6,96.3,90.3,5.4,7,Yes,Graduate,No,63.32,Low
Female,17,3.4,70.6,75.4,5.7,3,Yes,Postgraduate,No,60.24,Low
Female,18,8.0,87.0,71.0,8.2,5,No,Postgraduate,No,89.21,High
Male,19,6.8,53.7,43.9,5.4,7,Yes,School,No,67.22,Low
Female,23,7.2,52.9,80.2,4.2,7,Yes,Graduate,Yes,77.3,High
Male,17,7.6,56.2,77.7,7.9,9,Yes,Postgraduate,No,81.14,High
Female,17,3.4,72.4,75.2,8.3,4,Yes,Graduate,No,61.77,Low
Female,20,3.1,60.6,54.7,6.5,1,Yes,Postgraduate,Yes,51.34,Low
Male,18,2.6,64.3,92.1,5.4,5,Yes,Postgraduate,Yes,60.08,Low
Male,23,6.8,82.4,57.7,7.9,4,No,Graduate,No,82.77,High
Female,18,5.8,67.9,48.4,4.0,3,Yes,Postgraduate,No,62.25,Low
Female,19,2.7,77.9,94.3,8.6,7,Yes,School,No,85.34,High
Female,18,3.6,70.6,81.0,8.3,9,Yes,Postgraduate,Yes,68.79,Low
Female,17,4.5,58.4,62.8,6.7,4,Yes,Graduate,No,47.47,Low
Male,18,4.7,53.7,91.5,5.4,6,Yes,Graduate,No,70.33,High
Female,18,7.2,61.8,45.0,4.2,1,Yes,Postgraduate,No,54.7,Low
Male,21,3.7,52.9,44.8,9.0,1,Yes,Postgraduate,No,51.4,Low
Female,23,7.4,80.9,77.5,7.8,3,Yes,Graduate,No,82.66,High
Male,23,4.1,89.8,49.8,5.7,5,Yes,School,No,68.05,Low
Male,17,6.2,67.0,90.4,4.1,6,Yes,Graduate,No,80.57,High
Female,22,7.5,69.4,86.2,7.2,9,Yes,Postgraduate,No,82.92,High
Male,18,7.4,90.8,56.9,8.9,9,No,Graduate,Yes,87.43,High
Female,18,1.4,61.1,88.9,7.5,10,No,Postgraduate,No,71.75,High
Male,20,2.4,56.0,42.4,4.4,1,Yes,Postgraduate,No,44.7,Low
Female,23,4.3,75.1,70.2,6.0,2,Yes,Graduate,Yes,62.23,Low
Male,18,4.0,82.3,91.5,4.5,8,Yes,Graduate,No,75.24,High
Female,23,5.5,80.0,87.0,8.6,5,Yes,School,Yes,88.95,High
Female,18,7.6,85.7,59.6,5.7,3,Yes,Graduate,Yes,73.92,High
Male,21,1.8,52.8,50.1,7.7,9,Yes,School,Yes,58.46,Low
Male,17,4.2,71.4,51.6,4.4,2,Yes,Graduate,No,60.43,Low
Male,23,2.3,61.9,68.3,4.6,7,Yes,Graduate,No,63.55,Low
Male,19,7.3,88.0,72.8,7.4,10,Yes,Graduate,Yes,96.25,High
Female,17,7.8,93.6,41.8,8.2,8,Yes,School,No,86.08,High
Male,20,4.4,64.1,62.7,5.0,2,Yes,Postgraduate,No,56.68,Low
Female,17,1.7,54.8,85.7,6.1,1,Yes,Graduate,No,54.93,Low
Male,18,6.5,62.7,64.4,7.1,3,Yes,Graduate,Yes,68.18,Low
Female,20,5.9,55.2,49.3,8.0,8,Yes,Graduate,No,74.63,High
Female,17,3.5,66.1,92.5,7.1,4,Yes,Graduate,Yes,61.67,Low
Female,20,7.2,76.9,54.6,4.5,5,Yes,School,Yes,72.44,High
Female,19,7.8,98.7,83.9,6.7,9,Yes,Graduate,Yes,92.84,High
Male,17,4.9,70.0,50.7,8.4,4,Yes,School,Yes,54.51,Low
Male,23,5.0,61.0,63.3,8.3,9,No,Postgraduate,Yes,68.96,Low
Female,23,3.1,58.3,67.0,6.9,6,No,Postgraduate,Yes,50.72,Low
Male,22,5.1,58.7,67.5,9.0,7,Yes,School,Yes,69.18,Low
Male,18,4.1,59.6,68.4,4.5,8,No,Postgraduate,No,66.23,Low
Female,20,3.1,88.1,52.4,6.4,10,No,Postgraduate,No,72.39,High
Male,22,1.5,53.1,68.4,7.9,10,Yes,Graduate,Yes,57.79,Low
Male,22,2.8,99.9,66.5,4.7,1,No,School,Yes,47.89,Low
Male,21,2.4,76.1,51.5,8.9,9,No,Graduate,Yes,61.4,Low
Female,20,4.8,77.2,94.4,5.8,2,Yes,Graduate,No,76.89,High
Male,22,5.2,67.9,87.6,5.8,3,Yes,School,No,61.69,Low
Female,21,5.3,84.5,88.8,5.1,1,Yes,School,No,67.18,Low
Male,22,3.7,73.6,77.7,5.4,10,Yes,School,Yes,72.23,High
Male,18,3.9,66.5,48.8,6.9,3,No,School,Yes,46.46,Low
Male,19,6.8,63.3,71.2,6.1,2,Yes,Graduate,Yes,66.51,Low
Female,21,4.3,96.3,85.2,5.0,7,No,Graduate,No,84.36,High
Female,19,7.9,64.5,42.1,8.0,7,Yes,Graduate,No,79.05,High
Male,20,4.1,71.8,67.3,4.3,6,Yes,Graduate,No,58.42,Low
Female,18,5.5,67.5,61.8,8.2,10,No,Postgraduate,No,81.14,High
Male,21,1.4,54.3,51.7,5.4,4,No,Postgraduate,No,44.66,Low
Female,20,5.6,59.3,60.8,6.5,3,Yes,Postgraduate,Yes,72.29,High
Female,22,7.0,59.5,94.1,5.9,7,No,Graduate,Yes,84.98,High
Male,23,7.6,84.7,79.8,6.9,3,No,Graduate,No,78.18,High
Male,17,8.0,70.3,56.5,8.0,9,No,Postgraduate,No,78.17,High
Male,20,3.0,89.1,73.3,8.9,10,Yes,Postgraduate,No,77.34,High
Male,19,5.0,85.4,53.6,5.5,8,No,Graduate,No,70.19,High
Female,18,4.2,59.6,73.6,6.8,7,Yes,Graduate,No,70.29,High
Female,18,4.9,78.1,89.3,6.3,2,No,Graduate,No,67.58,Low
Female,20,2.1,87.1,70.6,9.0,10,Yes,Graduate,No,74.32,High
Male,22,7.0,81.7,80.3,8.0,3,Yes,School,No,86.82,High
Male,17,7.4,80.0,64.9,6.0,8,No,School,Yes,84.09,High
Female,19,4.1,87.0,68.8,6.4,3,Yes,Graduate,No,70.32,High
Male,20,3.0,52.8,78.2,5.2,8,Yes,Graduate,No,64.71,Low
Female,20,2.0,86.6,84.7,7.8,4,No,Graduate,No,65.62,Low
Female,23,5.8,63.6,76.3,8.2,5,Yes,School,No,71.98,High
Female,18,3.2,78.6,93.8,8.8,9,Yes,Postgraduate,No,85.0,High
Female,19,7.4,62.1,85.1,6.8,10,Yes,Graduate,No,86.39,High
Female,17,5.7,91.9,82.7,7.4,2,Yes,Postgraduate,No,77.53,High
Male,18,5.5,74.0,86.5,6.2,3,Yes,Graduate,Yes,68.63,Low
Male,20,4.9,82.1,55.5,7.0,1,Yes,School,Yes,65.37,Low
Male,18,1.3,89.7,63.8,5.7,8,Yes,Graduate,No,59.02,Low
Female,18,7.5,94.8,71.0,7.7,9,Yes,Graduate,No,94.03,High
Female,21,5.4,86.6,65.4,4.1,10,No,Graduate,No,71.32,High
Female,18,8.0,57.4,86.6,4.1,9,Yes,School,Yes,82.3,High
Female,22,4.8,92.7,41.5,7.6,3,Yes,School,No,58.45,Low
Male,18,6.0,80.9,51.5,8.7,5,Yes,School,No,73.1,High
Male,22,1.4,80.5,88.5,7.2,9,Yes,Graduate,No,69.59,Low
Female,19,5.4,96.1,43.3,7.6,5,Yes,School,No,67.46,Low
Female,18,6.4,62.4,52.5,8.1,1,Yes,Graduate,No,59.82,Low
Female,17,6.4,62.0,59.3,5.8,1,Yes,Postgraduate,No,56.54,Low
Male,22,6.4,75.7,81.3,4.5,4,Yes,Graduate,No,78.79,High
Male,22,2.6,87.5,70.8,8.7,7,No,School,No,63.25,Low
Male,20,7.8,72.4,92.5,8.7,7,Yes,School,No,94.67,High
Female,19,8.0,81.7,52.5,6.2,7,No,Graduate,No,73.26,High
Female,18,1.5,72.6,88.0,5.1,6,Yes,School,Yes,61.32,Low
Male,23,7.6,80.5,55.6,8.5,1,Yes,School,No,79.39,High
Female,17,3.0,91.1,53.5,7.5,3,Yes,Graduate,Yes,60.38,Low
Male,20,5.8,59.0,67.4,4.0,5,Yes,School,Yes,67.14,Low
Female,19,3.4,84.8,43.9,4.5,4,Yes,School,Yes,59.37,Low
Male,22,7.8,89.4,61.1,8.9,4,Yes,Postgraduate,Yes,79.18,High
Female,17,1.7,72.4,59.6,4.2,9,Yes,Graduate,No,53.35,Low
Male,18,4.5,66.2,48.8,5.4,7,Yes,Postgraduate,No,63.47,Low
Male,23,4.0,50.7,87.3,6.7,9,Yes,School,No,70.48,High
Male,21,3.3,89.9,61.2,4.9,7,Yes,School,Yes,61.31,Low
Male,21,5.5,66.4,94.0,5.2,10,No,Graduate,Yes,77.04,High
Male,19,1.9,67.9,89.5,5.8,3,Yes,Graduate,Yes,53.04,Low
Male,23,6.0,66.8,50.7,5.3,10,Yes,Postgraduate,No,77.13,High
Female,17,7.9,74.9,67.8,8.0,4,Yes,Graduate,Yes,85.03,High
Female,20,6.6,85.1,73.1,6.5,9,Yes,Graduate,No,98.13,High
Female,17,7.0,88.6,85.0,5.4,1,Yes,Graduate,No,83.55,High
Male,23,3.5,69.6,88.7,5.6,3,Yes,Postgraduate,Yes,66.42,Low
Male,22,3.3,83.2,74.3,4.2,4,Yes,Postgraduate,No,66.96,Low
Female,21,4.6,86.0,41.9,4.2,4,Yes,School,No,53.03,Low
Male,19,1.3,64.8,66.5,7.6,7,Yes,Graduate,Yes,58.91,Low
Male,18,7.6,54.8,88.7,4.6,4,Yes,Graduate,No,77.9,High
Male,17,2.0,94.7,79.3,6.4,10,Yes,Postgraduate,No,83.42,High
Male,21,7.3,83.9,87.9,8.2,8,Yes,Postgraduate,No,98.71,High
Male,20,1.6,82.4,77.1,5.8,1,Yes,School,Yes,57.82,Low
Female,19,6.8,52.9,42.4,5.7,3,Yes,Postgraduate,No,56.09,Low
Female,18,2.1,90.9,93.2,8.4,10,Yes,Postgraduate,No,94.79,High
Female,17,1.3,78.3,90.5,8.3,10,Yes,School,Yes,70.34,High
Female,20,6.0,92.4,47.0,8.4,6,Yes,Graduate,Yes,70.93,High
Female,18,3.0,98.7,46.2,6.9,3,Yes,Graduate,No,61.66,Low
Male,22,6.0,97.9,69.6,8.8,8,Yes,Graduate,No,77.91,High
Male,21,4.9,92.8,81.6,8.1,7,Yes,Graduate,No,76.64,High
Male,22,1.8,50.5,61.0,6.1,5,Yes,School,No,45.35,Low
Male,21,7.5,94.3,47.5,7.1,2,Yes,Postgraduate,No,74.63,High
Female,20,4.2,53.8,68.1,4.6,5,Yes,School,No,61.6,Low
Female,22,6.1,92.6,58.6,6.8,9,No,Graduate,Yes,77.75,High
Female,21,4.5,64.0,59.3,5.3,5,Yes,School,No,60.13,Low
Male,19,5.2,80.5,75.5,5.4,3,Yes,Graduate,No,54.21,Low
Female,20,3.1,51.9,88.7,4.6,7,Yes,Graduate,No,63.74,Low
Male,21,2.4,88.6,70.7,5.8,3,Yes,Postgraduate,No,59.51,Low
Female,17,4.8,55.6,77.8,6.4,8,Yes,Postgraduate,No,77.43,High
Female,21,4.1,70.5,76.3,7.0,5,Yes,Graduate,Yes,67.76,Low
Male,22,3.7,90.9,70.3,5.5,5,Yes,Graduate,Yes,70.54,High
Male,19,5.7,84.8,57.1,8.0,6,No,Graduate,Yes,72.63,High
Female,18,5.8,50.3,60.8,6.6,10,Yes,Graduate,Yes,83.45,High
Female,18,1.3,70.2,57.4,7.2,6,Yes,Graduate,No,53.09,Low
Male,21,3.4,52.1,90.5,5.4,3,Yes,School,Yes,61.39,Low
Female,18,3.9,83.7,85.5,8.1,7,Yes,Graduate,Yes,72.03,High
Female,21,1.7,98.4,71.9,7.1,9,Yes,School,Yes,73.33,High
Male,19,2.7,82.8,90.2,8.3,1,Yes,School,No,66.33,Low
Female,18,1.4,61.2,88.8,4.8,4,No,Postgraduate,No,61.21,Low
Male,22,8.0,67.8,91.0,5.9,4,Yes,School,Yes,82.5,High
Female,22,6.2,98.8,52.2,4.6,1,Yes,Graduate,Yes,67.27,Low
Male,17,1.6,61.2,79.5,5.1,6,Yes,Graduate,No,64.13,Low
Female,21,1.1,78.1,73.5,6.0,2,Yes,Postgraduate,Yes,61.17,Low
Male,18,6.0,70.0,80.4,8.5,6,Yes,Graduate,No,85.44,High
Female,22,4.1,88.4,54.5,6.8,1,No,School,No,62.19,Low
Male,23,6.5,93.4,78.2,5.7,10,Yes,Postgraduate,Yes,83.27,High
Female,19,7.5,67.0,62.5,7.7,5,Yes,Graduate,No,75.81,High
Female,19,5.2,83.0,85.9,4.1,6,Yes,Graduate,Yes,65.73,Low
Female,23,2.3,77.5,83.7,5.9,10,Yes,School,No,73.64,High
Female,23,6.5,63.9,51.6,7.0,2,Yes,School,No,63.53,Low
Female,17,7.7,63.6,50.1,6.9,1,Yes,School,Yes,70.28,High
Female,19,5.1,76.9,79.5,7.0,7,Yes,Graduate,No,75.94,High
Female,19,5.8,57.7,70.3,5.1,1,No,School,No,58.45,Low
Female,18,3.4,90.5,70.6,5.7,7,Yes,School,No,66.75,Low
Female,21,3.7,53.5,81.4,8.7,1,Yes,School,No,67.85,Low
Male,20,6.1,54.7,87.0,8.9,9,No,Graduate,No,90.44,High
Male,19,7.5,67.1,53.1,5.6,5,Yes,School,No,72.31,High
Female,19,5.4,55.9,70.6,7.2,6,No,Postgraduate,Yes,77.96,High
Male,20,6.5,73.8,85.6,5.2,7,Yes,School,No,87.5,High
Female,19,2.2,70.0,88.0,5.8,1,Yes,Postgraduate,No,54.16,Low
Female,18,2.5,86.1,55.8,8.0,8,Yes,Postgraduate,No,60.69,Low
Male,18,4.7,97.7,45.7,6.5,6,Yes,Graduate,Yes,62.95,Low
Female,20,2.2,87.7,52.8,8.2,2,Yes,School,No,52.33,Low
Female,22,5.4,59.0,92.0,7.1,1,Yes,School,No,73.54,High
Male,19,3.0,96.8,65.4,7.1,1,Yes,School,No,56.97,Low
Male,22,6.5,69.6,63.0,4.2,4,Yes,Graduate,No,64.3,Low
Female,19,6.7,73.7,40.7,7.7,3,Yes,School,Yes,73.71,High
Male,21,4.2,71.1,42.8,8.9,6,Yes,School,Yes,64.39,Low
Male,19,2.3,64.0,76.8,6.4,10,Yes,School,Yes,66.19,Low
Female,18,5.5,94.8,72.4,4.8,8,Yes,Graduate,No,68.62,Low
Male,17,7.9,66.6,71.7,8.9,1,Yes,School,No,80.86,High
Male,23,5.4,78.9,46.1,5.5,7,No,School,No,61.04,Low
Female,17,1.3,62.0,59.4,6.0,8,Yes,School,Yes,54.38,Low
Male,17,1.1,89.9,84.7,4.4,5,Yes,Graduate,No,63.73,Low
Male,17,3.2,88.7,49.6,4.6,8,No,School,No,67.65,Low
Female,23,2.4,64.8,88.5,5.1,1,Yes,Graduate,No,50.96,Low
Female,22,6.7,84.1,46.7,6.7,2,No,Graduate,No,72.71,High
Female,23,6.9,85.2,49.3,6.8,4,Yes,Graduate,No,72.87,High
Male,22,2.8,78.1,66.3,7.0,1,Yes,Graduate,No,57.33,Low
Female,23,3.3,80.0,92.0,6.9,5,Yes,Postgraduate,No,65.33,Low
Female,23,2.7,78.7,58.1,6.5,10,No,School,Yes,57.54,Low
Male,19,7.4,54.1,76.2,8.0,3,Yes,Graduate,No,85.35,High
Female,22,4.5,83.5,72.4,8.7,2,Yes,School,Yes,76.45,High
Female,19,5.6,73.5,48.2,5.3,7,Yes,Postgraduate,Yes,57.73,Low
Female,21,3.9,71.9,53.6,4.7,2,Yes,School,No,57.99,Low
Female,19,5.4,93.0,91.2,6.1,9,Yes,Graduate,No,84.89,High
Male,17,3.7,51.2,50.2,4.1,6,No,Graduate,No,58.32,Low
Female,20,3.4,62.6,78.2,8.4,8,No,Graduate,No,62.28,Low
Female,20,5.4,56.1,93.1,5.2,3,Yes,Graduate,Yes,69.54,Low
Male,18,5.1,51.8,46.6,6.7,5,Yes,Graduate,No,61.38,Low
Female,18,3.1,63.8,62.0,4.6,3,No,Postgraduate,No,43.92,Low
Male,19,2.0,99.4,52.3,6.8,9,No,School,No,57.1,Low
Male,23,3.6,63.5,52.2,4.2,1,No,School,Yes,46.78,Low
Male,23,3.9,83.2,46.5,7.8,8,No,Postgraduate,No,59.7,Low
Female,20,5.4,55.9,75.7,8.8,6,Yes,School,Yes,72.8,High
Male,17,7.4,80.1,81.0,5.5,7,Yes,Postgraduate,No,84.86,High
Male,22,1.3,99.2,77.2,5.3,2,Yes,Graduate,No,58.91,Low
Male,17,2.7,64.6,90.9,6.2,7,Yes,School,No,70.57,High
Female,17,2.4,92.4,48.0,7.1,1,Yes,School,No,48.39,Low
Female,19,4.5,99.9,57.6,4.9,7,Yes,Graduate,Yes,75.02,High
Female,19,4.0,79.4,59.0,8.0,8,Yes,Postgraduate,No,63.55,Low
Female,21,6.1,65.5,52.8,5.0,2,Yes,School,No,56.53,Low
Female,17,2.7,83.7,47.8,4.0,10,No,School,No,48.39,Low
Female,23,5.2,92.2,66.8,6.6,2,Yes,Postgraduate,No,67.87,Low
Female,23,7.2,58.6,85.9,4.6,3,Yes,Graduate,Yes,82.19,High
Male,17,7.4,72.6,92.5,7.5,10,Yes,School,Yes,94.42,High
Male,19,7.7,66.0,47.1,4.8,4,Yes,Graduate,No,64.1,Low
Male,19,6.4,64.2,85.3,8.1,8,Yes,Postgraduate,Yes,73.37,High
Male,21,7.3,93.0,85.4,6.4,3,Yes,Graduate,No,75.01,High
Female,21,2.6,71.1,61.4,6.8,6,Yes,Graduate,Yes,56.58,Low
Male,18,2.4,67.0,46.1,4.9,10,Yes,School,No,54.67,Low
Male,20,1.0,80.2,94.5,4.7,8,Yes,Graduate,Yes,67.89,Low
Male,17,5.9,61.0,76.1,7.2,10,Yes,School,Yes,87.35,High
Male,23,7.6,61.5,94.0,5.3,2,No,Graduate,No,80.98,High
Female,17,2.3,76.0,66.6,5.9,4,Yes,Graduate,No,53.45,Low
Female,21,5.5,70.5,61.7,6.4,1,Yes,Graduate,Yes,65.58,Low
Female,21,6.2,64.7,53.6,5.1,8,Yes,School,Yes,73.59,High
Male,18,7.5,52.7,94.1,8.0,1,No,Graduate,No,83.72,High
Female,20,5.5,76.0,53.9,8.7,9,Yes,Graduate,No,71.1,High
Male,18,7.8,90.8,41.3,6.2,6,Yes,Graduate,No,79.59,High
Female,23,3.4,92.6,68.2,8.6,3,Yes,School,Yes,68.69,Low
Female,20,3.4,61.8,60.7,8.4,8,Yes,Graduate,Yes,63.46,Low
Female,22,4.8,80.0,54.4,4.8,2,Yes,Graduate,Yes,52.56,Low
Female,17,3.7,92.8,74.9,4.9,3,No,Graduate,Yes,65.45,Low
Female,18,1.0,70.4,60.0,6.4,7,Yes,Graduate,Yes,49.18,Low
Male,21,6.1,96.6,62.1,6.6,1,Yes,Postgraduate,No,74.95,High
Female,18,6.3,95.1,41.3,5.7,9,Yes,Graduate,Yes,75.17,High
Male,22,6.2,60.4,72.4,5.6,10,Yes,Graduate,Yes,79.32,High
Male,18,3.4,62.9,46.7,6.2,9,Yes,School,No,58.03,Low
Male,17,4.7,59.0,51.8,7.5,3,Yes,School,No,56.81,Low
Male,22,3.5,59.8,79.4,4.4,4,Yes,School,No,68.76,Low
Male,21,1.1,95.4,57.2,7.6,2,Yes,Graduate,No,54.15,Low
Female,21,4.9,96.6,49.0,8.6,10,Yes,Graduate,Yes,70.28,High
Female,19,1.9,52.6,71.8,7.8,1,Yes,Graduate,Yes,48.74,Low
Female,22,1.6,79.7,51.8,5.0,8,Yes,School,Yes,47.83,Low
Female,19,6.3,78.2,54.9,4.4,9,Yes,Graduate,Yes,83.65,High
Male,19,1.1,69.5,74.2,6.5,9,Yes,Graduate,No,67.19,Low
Female,17,7.7,81.6,80.7,8.8,10,Yes,Graduate,No,100.0,High
Female,18,4.6,97.4,80.7,8.1,5,Yes,Graduate,Yes,68.84,Low
Male,21,7.9,58.5,66.5,6.8,5,Yes,Graduate,Yes,71.99,High
Male,21,1.4,56.0,65.0,4.7,5,Yes,Graduate,No,44.27,Low
Female,18,5.1,51.7,83.3,7.6,6,No,Graduate,No,67.22,Low
Female,21,3.4,68.2,50.6,8.1,4,Yes,Graduate,No,51.59,Low
Male,18,6.9,66.9,48.4,8.7,2,Yes,Postgraduate,No,62.75,Low
Female,22,3.5,71.5,76.6,7.1,2,Yes,Graduate,No,59.98,Low
Female,17,2.8,75.2,62.5,6.6,6,Yes,Postgraduate,No,62.73,Low
Female,17,7.0,87.9,79.0,7.1,5,Yes,Postgraduate,No,86.8,High
Female,23,3.6,69.6,54.1,8.7,4,Yes,Graduate,No,64.46,Low
Male,17,1.1,66.5,57.9,7.1,6,Yes,Graduate,Yes,52.84,Low
Male,18,3.7,91.3,89.3,5.3,4,No,Postgraduate,No,72.83,High
Male,23,5.6,92.5,63.2,7.2,10,Yes,Graduate,No,88.49,High
Female,18,2.8,61.6,72.5,8.4,4,Yes,Graduate,No,63.73,Low
Female,20,4.0,65.7,45.9,6.8,6,Yes,Postgraduate,No,60.3,Low
Female,23,1.4,91.3,49.8,6.5,4,Yes,Postgraduate,Yes,41.96,Low
Female,21,5.1,54.0,42.0,7.7,9,Yes,School,No,72.63,High
Female,21,6.3,66.3,63.3,7.3,7,Yes,Postgraduate,Yes,66.59,Low
Male,20,3.9,72.4,94.4,4.3,6,No,Postgraduate,No,67.92,Low
Female,20,3.9,59.4,88.1,7.6,3,Yes,School,No,54.26,Low
Female,17,1.6,59.0,74.8,6.0,4,Yes,Graduate,No,61.91,Low
Male,20,2.4,71.2,87.4,8.7,2,Yes,School,Yes,58.62,Low
Female,18,2.1,87.7,72.7,8.9,3,Yes,School,Yes,61.51,Low
Male,19,4.4,92.0,60.3,6.2,1,Yes,Graduate,No,53.19,Low
Male,18,4.7,99.0,49.5,8.8,9,Yes,Graduate,Yes,76.77,High
Male,23,7.6,53.7,75.9,5.6,10,No,Graduate,Yes,90.08,High
Male,20,1.5,60.8,50.6,7.4,3,Yes,Graduate,Yes,40.87,Low
Male,21,5.2,87.8,63.0,4.4,8,Yes,Graduate,No,73.58,High
Female,18,4.7,77.0,85.4,4.7,4,Yes,School,No,72.17,High
Male,21,4.6,66.4,47.1,8.3,8,Yes,Graduate,No,60.25,Low
Male,18,7.1,60.3,47.1,8.5,7,Yes,Graduate,Yes,77.54,High
Female,21,2.4,64.0,52.3,6.7,4,Yes,School,No,46.2,Low
Female,22,1.3,71.5,70.4,5.7,7,Yes,School,Yes,57.44,Low
Male,18,5.7,58.9,53.8,6.3,8,Yes,Graduate,No,68.28,Low
Female,23,3.4,98.2,67.7,8.3,10,Yes,Postgraduate,No,82.7,High
Female,21,1.1,55.4,56.6,5.1,3,Yes,School,No,43.15,Low
Male,19,2.8,99.3,67.8,5.5,5,Yes,School,No,53.14,Low
Male,23,3.2,92.1,55.3,7.9,3,Yes,Graduate,No,60.65,Low
Female,17,5.3,71.2,93.9,8.7,7,Yes,Postgraduate,No,83.46,High
Male,18,2.2,87.0,67.1,4.5,6,Yes,Graduate,No,62.04,Low
Male,19,3.9,83.6,80.9,8.0,1,Yes,Graduate,No,63.23,Low
Female,17,4.4,60.7,78.5,7.2,10,Yes,School,Yes,67.81,Low
Male,18,4.2,67.0,67.0,5.2,5,Yes,School,Yes,55.16,Low
Male,19,7.8,75.7,53.1,7.8,4,Yes,School,No,74.82,High
Male,19,1.3,81.9,68.1,7.6,2,Yes,School,No,60.58,Low
Male,23,7.7,77.1,77.5,4.7,1,No,Graduate,No,75.27,High
Male,22,5.1,73.6,65.3,6.5,7,No,Postgraduate,No,71.03,High
Female,19,6.6,72.2,44.5,7.8,7,Yes,Graduate,No,73.53,High
Female,22,4.0,74.9,41.0,5.0,6,Yes,Graduate,Yes,61.75,Low
Male,20,4.2,71.7,58.0,6.3,5,Yes,Graduate,No,60.25,Low
Female,23,7.2,77.1,48.3,4.6,9,Yes,Graduate,Yes,80.7,High
Male,21,7.3,94.4,89.8,5.5,2,Yes,Graduate,No,88.65,High
Male,23,2.7,81.6,49.7,5.1,3,No,School,Yes,55.03,Low
Male,17,2.4,86.1,61.7,6.5,9,Yes,Graduate,No,70.71,High
Male,21,4.5,79.9,79.2,4.7,2,Yes,Graduate,No,74.84,High
Male,21,7.3,82.2,84.8,5.9,3,Yes,Postgraduate,Yes,81.0,High
Female,22,3.3,78.9,66.3,5.4,6,Yes,Graduate,No,60.78,Low
Female,21,5.6,51.3,50.0,7.7,10,No,Graduate,No,63.26,Low
Male,19,6.0,100.0,54.9,7.5,7,Yes,School,Yes,80.03,High
Female,22,6.5,51.7,63.0,4.5,2,Yes,Graduate,No,62.26,Low
Male,21,4.9,69.8,60.1,8.8,8,Yes,Postgraduate,No,76.3,High
Female,22,3.8,55.3,59.2,7.7,9,Yes,Graduate,Yes,64.09,Low
Male,20,7.8,54.8,47.3,7.1,1,Yes,Graduate,Yes,59.69,Low
Female,22,5.3,89.7,90.2,6.4,6,Yes,Postgraduate,No,81.21,High
Male,18,6.1,71.3,41.6,4.9,4,Yes,Graduate,No,53.01,Low
Male,19,3.4,90.1,64.2,8.8,10,Yes,Postgraduate,Yes,74.16,High
Female,17,5.7,63.6,93.9,4.0,10,Yes,Graduate,No,79.4,High
Female,18,2.8,62.8,76.3,7.5,5,Yes,Graduate,No,67.83,Low
Male,18,2.7,62.6,59.5,6.5,6,Yes,Graduate,Yes,63.26,Low
Female,18,6.0,80.8,48.0,8.5,6,Yes,School,No,72.04,High
Male,21,4.6,90.7,93.0,5.9,7,Yes,Postgraduate,No,71.31,High
Female,22,5.8,72.6,40.8,6.6,9,No,Graduate,Yes,64.54,Low
Female,22,2.9,69.0,77.5,7.7,4,Yes,School,Yes,62.3,Low
Male,23,5.2,98.7,88.4,4.2,9,Yes,Graduate,No,80.32,High
Female,21,4.1,55.8,41.4,4.3,1,Yes,Postgraduate,No,44.29,Low
Female,19,5.2,74.3,79.9,5.1,9,Yes,Graduate,No,86.51,High
Male,21,3.0,70.4,94.9,4.7,8,Yes,Graduate,Yes,68.91,Low
Female,21,6.0,54.9,75.2,4.0,2,Yes,Postgraduate,No,64.75,Low
Male,21,6.6,63.4,62.8,7.1,7,Yes,School,Yes,76.94,High
Male,19,2.8,51.4,88.1,8.0,7,Yes,School,No,61.58,Low
Male,23,3.1,93.8,70.5,8.8,2,No,School,No,60.8,Low
Male,19,5.6,80.4,81.2,6.2,8,Yes,Graduate,Yes,79.66,High
Male,20,5.9,90.8,72.3,5.4,6,Yes,School,No,78.45,High
Female,23,5.9,76.1,42.1,8.3,6,Yes,Graduate,No,73.14,High
Male,20,5.8,80.0,51.7,8.2,5,Yes,Postgraduate,Yes,64.87,Low
Male,20,3.7,85.0,44.3,7.1,8,Yes,Graduate,Yes,64.25,Low
Female,20,3.8,95.4,45.9,5.4,10,Yes,Graduate,No,53.59,Low
Female,22,2.8,54.6,40.8,8.5,9,Yes,Postgraduate,Yes,56.02,Low
Female,18,2.1,66.5,63.2,4.9,5,Yes,School,Yes,54.77,Low
Male,18,5.8,85.5,49.8,4.2,1,Yes,Graduate,No,61.71,Low
Male,20,1.7,97.9,87.1,8.0,6,Yes,School,Yes,79.4,High
Male,20,7.6,99.0,81.3,6.8,1,Yes,Graduate,Yes,79.63,High
Female,17,6.8,81.9,71.5,5.2,5,No,Graduate,Yes,75.98,High
Male,18,7.0,59.7,66.9,7.4,6,Yes,School,No,75.32,High
Female,17,7.3,56.0,54.1,7.8,3,No,Postgraduate,Yes,71.49,High
Male,23,3.9,97.3,66.1,8.2,1,Yes,School,No,73.44,High
Female,17,6.9,71.7,75.3,5.4,2,Yes,Graduate,Yes,78.32,High
Male,21,2.1,59.7,83.0,4.1,3,Yes,Graduate,No,51.31,Low
Male,22,1.2,96.7,44.5,6.6,3,Yes,Graduate,No,40.69,Low
Male,23,6.5,55.2,79.0,8.3,2,Yes,School,No,76.67,High
Female,19,1.5,86.5,80.9,5.0,6,Yes,Graduate,No,62.57,Low
Female,18,7.9,81.3,70.7,6.1,7,Yes,School,No,89.38,High
Male,20,5.7,54.4,51.8,5.3,5,Yes,Postgraduate,No,55.3,Low
Male,23,6.3,66.9,69.7,4.1,7,Yes,School,Yes,70.54,High
Male,20,2.7,57.5,67.6,8.5,3,Yes,School,No,50.84,Low
Female,19,5.7,80.2,66.2,4.7,5,Yes,Graduate,No,74.61,High
Male,23,1.3,73.9,65.3,7.8,3,Yes,Graduate,Yes,41.46,Low
Male,18,6.9,50.2,46.1,5.7,4,Yes,Graduate,No,56.25,Low
Male,23,2.2,98.8,50.1,5.4,6,Yes,School,No,59.28,Low
Male,20,5.9,67.5,45.4,8.7,4,No,School,Yes,55.64,Low
Female,20,2.6,62.9,53.3,7.3,4,Yes,Graduate,Yes,53.63,Low
Female,21,1.5,61.1,54.5,7.4,7,Yes,Postgraduate,Yes,49.65,Low
Male,17,4.4,57.9,53.5,7.8,6,Yes,School,Yes,48.7,Low
Male,23,2.2,100.0,51.6,5.7,1,Yes,School,No,56.87,Low
Female,20,6.1,64.8,80.4,6.8,8,Yes,School,Yes,70.35,High
Female,22,2.7,70.3,85.0,5.4,1,Yes,Postgraduate,Yes,60.07,Low
Male,18,3.4,93.6,58.0,8.2,9,Yes,Graduate,No,76.4,High
Female,22,5.0,82.1,56.8,7.0,4,Yes,Postgraduate,Yes,68.0,Low
Female,19,3.0,68.4,86.4,5.2,7,Yes,Graduate,No,72.18,High
Male,23,3.6,94.9,74.3,8.5,5,Yes,Postgraduate,No,64.08,Low
Female,21,6.7,87.5,56.1,6.9,10,No,Postgraduate,No,79.18,High
Female,18,2.3,61.4,79.2,6.5,3,Yes,Graduate,No,62.38,Low
Male,21,1.6,82.2,59.0,4.2,8,Yes,Graduate,Yes,64.17,Low
Male,17,3.3,96.1,72.3,8.5,10,Yes,Graduate,No,88.27,High
Female,20,4.0,74.8,94.6,8.8,2,No,School,No,68.36,Low
Male,18,4.8,86.7,56.6,6.8,10,Yes,Graduate,Yes,75.23,High
Female,19,3.6,98.6,91.2,6.2,3,Yes,Postgraduate,Yes,76.6,High
Male,23,6.5,84.5,57.6,5.8,5,No,Postgraduate,Yes,71.81,High
Female,17,1.3,55.1,69.7,5.3,5,No,Postgraduate,No,39.22,Low
Male,17,4.0,62.2,65.3,6.9,5,Yes,Postgraduate,No,66.15,Low
Female,21,3.7,79.8,83.1,4.6,7,Yes,Graduate,No,70.0,High
Female,17,5.5,63.8,43.4,8.6,8,Yes,School,Yes,70.41,High
Female,18,7.8,97.9,74.5,4.9,8,Yes,Graduate,No,94.17,High
Male,21,4.6,70.3,81.8,7.7,3,Yes,Graduate,No,72.73,High
Male,17,7.9,72.9,66.0,5.5,8,No,School,No,85.62,High
Female,23,3.1,85.1,45.8,5.1,10,Yes,Graduate,Yes,64.48,Low
Female,19,1.2,76.2,53.5,6.8,2,Yes,Graduate,Yes,49.08,Low
Male,23,2.2,69.1,77.4,7.8,4,No,Graduate,No,54.43,Low
Male,22,3.8,53.8,89.2,7.6,2,Yes,School,Yes,61.63,Low
Male,18,3.2,79.8,63.2,5.2,5,Yes,Postgraduate,No,56.72,Low
Male,19,1.7,93.4,70.8,5.7,3,Yes,School,Yes,56.02,Low
Male,19,4.0,84.3,52.6,8.3,10,Yes,Graduate,Yes,70.69,High
Male,21,3.4,69.1,62.7,7.6,10,Yes,School,Yes,59.95,Low
Female,20,1.9,56.4,58.5,7.6,3,Yes,Graduate,Yes,45.12,Low
Male,21,3.1,90.8,76.1,5.3,5,Yes,School,No,71.42,High
Female,18,7.2,97.1,94.2,8.0,4,Yes,Graduate,No,88.71,High
Male,18,3.1,69.4,84.7,5.8,6,Yes,Postgraduate,Yes,67.1,Low
Male,21,6.0,86.4,50.6,6.0,5,Yes,Postgraduate,Yes,80.46,High
Female,20,5.3,70.5,71.8,5.4,10,No,Graduate,No,79.13,High
Female,23,4.0,75.1,43.7,4.6,5,Yes,Graduate,Yes,64.21,Low
Male,21,2.7,91.8,53.6,6.1,3,Yes,Graduate,No,57.24,Low
Female,18,3.6,54.2,49.5,4.1,4,Yes,School,No,48.12,Low
Female,20,5.1,76.5,58.5,6.3,3,Yes,Graduate,No,62.21,Low
Female,18,3.5,60.7,77.3,7.6,3,Yes,Graduate,Yes,63.49,Low
Female,20,2.5,67.0,67.5,8.8,10,Yes,School,Yes,68.48,Low
Male,20,1.8,82.2,91.3,4.4,9,Yes,Graduate,No,75.17,High
Female,21,7.2,51.4,51.7,5.4,10,Yes,School,No,87.22,High
Male,21,4.1,79.7,60.0,6.5,6,Yes,Graduate,Yes,70.84,High
Male,21,5.4,64.2,58.1,4.9,10,Yes,School,Yes,72.71,High
Male,20,4.4,83.5,53.0,4.6,2,Yes,Graduate,No,60.65,Low
Male,20,7.1,57.1,94.6,6.3,1,Yes,Graduate,No,78.83,High
Female,18,4.8,86.8,61.3,6.9,3,Yes,Graduate,No,67.68,Low
Female,19,4.4,82.3,91.7,8.1,3,Yes,School,No,72.15,High
Male,21,7.5,98.6,61.5,9.0,4,Yes,Graduate,No,80.7,High
Male,22,6.0,95.6,51.2,7.9,4,Yes,School,No,74.18,High
Male,18,1.8,64.2,46.6,5.1,5,Yes,Graduate,No,41.99,Low
Male,18,2.2,51.4,87.1,7.7,4,Yes,School,Yes,58.58,Low
Female,17,6.5,82.8,41.8,6.7,2,Yes,Graduate,No,73.08,High
Male,21,6.9,80.1,93.0,6.3,1,Yes,Graduate,Yes,73.27,High
Female,23,4.8,51.4,63.0,8.7,10,Yes,School,Yes,69.89,Low
Male,18,4.9,56.1,53.6,7.5,7,Yes,Graduate,No,63.22,Low
Male,17,5.4,79.2,74.0,7.4,9,Yes,Graduate,Yes,85.93,High
Male,22,4.1,95.6,47.3,4.1,9,Yes,School,Yes,69.59,Low
Male,22,5.8,95.3,44.0,8.3,1,Yes,Graduate,No,69.6,Low
Female,23,1.8,57.6,85.5,8.0,9,Yes,School,Yes,71.65,High
Female,21,7.7,69.2,63.4,5.5,1,Yes,School,No,83.14,High
Female,20,6.3,52.2,68.5,5.5,1,Yes,Graduate,No,53.89,Low
Male,17,5.4,73.5,49.7,4.3,2,Yes,Graduate,No,73.74,High
Male,20,3.2,87.7,43.4,4.3,10,Yes,School,No,68.85,Low
Female,22,2.1,89.5,60.2,7.3,6,Yes,Graduate,No,72.66,High
Female,22,3.9,74.9,67.8,4.9,9,Yes,Graduate,No,67.61,Low
Male,19,5.6,54.8,82.1,8.6,5,Yes,Graduate,No,75.12,High
Male,19,5.4,69.1,67.6,8.2,9,No,Graduate,No,72.54,High
Female,23,3.7,96.6,83.0,5.7,9,Yes,Postgraduate,Yes,70.55,High
Male,19,5.3,61.5,46.3,5.9,8,Yes,Graduate,No,65.54,Low
Male,19,6.7,66.0,43.5,5.6,7,Yes,School,Yes,67.39,Low
Female,23,1.2,87.3,48.7,4.5,3,Yes,School,Yes,44.84,Low
Male,18,4.2,86.7,82.5,4.2,10,Yes,Graduate,No,74.18,High
Female,19,6.3,95.6,81.8,6.3,3,No,Graduate,No,81.94,High
Male,18,4.8,69.4,47.8,8.7,4,Yes,School,Yes,63.52,Low
Female,18,5.6,75.7,41.7,8.6,9,No,School,No,73.19,High
Male,21,4.6,73.4,77.7,8.0,3,Yes,Graduate,Yes,64.88,Low
Female,18,7.9,96.4,87.0,7.1,8,No,Graduate,No,91.75,High
Female,18,1.4,88.5,81.5,8.3,8,Yes,Graduate,No,68.62,Low
Female,19,4.4,91.6,51.2,6.6,6,Yes,Graduate,No,61.65,Low
Female,18,1.6,56.7,72.1,4.9,2,Yes,Graduate,No,49.0,Low
Male,20,2.1,89.6,81.7,7.4,6,Yes,Graduate,No,61.67,Low
Male,23,3.7,71.6,54.1,8.6,4,Yes,Graduate,No,65.71,Low
Female,19,2.1,51.2,69.0,4.1,7,Yes,Postgraduate,No,50.84,Low
Male,23,7.7,53.0,57.3,5.3,1,Yes,School,No,73.12,High
Male,17,7.6,83.9,52.4,5.3,3,Yes,Graduate,No,75.76,High
Male,19,3.4,68.6,93.3,4.5,8,Yes,Graduate,No,67.84,Low
Male,18,5.5,93.4,90.2,5.1,1,No,Graduate,No,76.23,High
Male,20,4.7,86.7,64.5,5.9,10,Yes,School,No,82.69,High
Female,23,6.7,51.1,47.5,8.7,3,Yes,Graduate,No,61.06,Low
Female,19,5.4,84.3,80.0,8.3,3,No,School,Yes,72.84,High
Female,20,1.0,59.6,54.1,8.7,8,Yes,Graduate,No,54.51,Low
Female,23,6.3,71.1,49.3,4.6,1,Yes,Postgraduate,No,65.75,Low
Male,17,6.2,81.2,61.0,4.1,10,Yes,Graduate,No,77.88,High
Male,22,4.6,93.6,69.1,4.5,5,No,Postgraduate,No,71.75,High
Female,17,7.3,72.8,45.4,8.6,7,Yes,Graduate,No,83.31,High
Male,22,7.4,90.4,71.4,4.8,4,Yes,Graduate,No,76.74,High
Male,21,4.7,89.1,40.8,6.9,10,Yes,Postgraduate,Yes,65.47,Low
Female,22,5.3,70.7,89.1,5.1,3,Yes,Postgraduate,No,77.52,High
Male,21,8.0,75.0,90.6,4.1,10,Yes,Graduate,No,96.47,High
Female,19,3.1,85.0,80.3,4.4,6,Yes,Graduate,Yes,59.55,Low
Female,21,3.3,51.6,65.7,7.5,5,Yes,School,No,66.2,Low
Male,20,2.3,94.5,54.0,4.9,2,No,Graduate,No,55.72,Low
Male,21,7.3,88.5,80.9,5.1,6,Yes,Graduate,No,87.68,High
Female,20,6.2,62.5,91.2,5.9,3,Yes,Graduate,Yes,74.48,High
Female,23,1.7,99.1,48.7,7.3,9,Yes,School,No,59.4,Low
Male,23,7.9,59.0,65.6,6.3,3,Yes,Postgraduate,Yes,75.4,High
Female,22,6.1,95.7,57.3,8.7,9,No,Graduate,No,88.4,High
Female,22,7.0,66.2,59.6,6.2,6,No,Graduate,No,69.96,Low
Female,22,1.3,88.2,62.3,5.0,8,Yes,School,No,58.35,Low
Male,21,4.5,72.8,92.3,6.7,9,Yes,Postgraduate,No,84.86,High
Female,22,5.9,86.8,54.2,6.3,8,Yes,Graduate,No,81.04,High
Male,21,4.8,57.8,67.1,7.9,2,Yes,Postgraduate,No,58.56,Low
Female,21,5.7,63.5,92.3,8.7,3,Yes,School,Yes,77.05,High
Male,18,6.7,55.0,66.2,8.2,8,Yes,School,No,75.51,High
Female,18,3.6,93.3,87.5,5.9,5,Yes,Graduate,Yes,73.46,High
Male,21,6.9,64.8,43.2,5.1,10,Yes,Postgraduate,No,74.69,High
Male,23,2.1,84.7,92.4,8.6,4,Yes,Graduate,No,68.59,Low
Male,20,2.9,91.0,50.3,5.9,6,Yes,Graduate,No,65.74,Low
Female,19,1.3,95.1,93.9,7.9,6,Yes,Graduate,Yes,69.82,Low
Female,17,3.6,55.3,49.7,8.9,7,No,School,No,51.85,Low
Female,18,3.7,94.7,64.4,6.9,5,Yes,Graduate,Yes,63.72,Low
Male,21,6.6,59.9,57.0,6.4,1,No,School,Yes,77.39,High
Female,17,5.6,86.8,63.8,7.5,8,Yes,School,No,74.61,High
Male,18,4.1,86.4,53.8,5.0,1,Yes,Graduate,No,59.0,Low
Female,19,5.6,50.4,93.1,6.4,4,Yes,School,No,79.8,High
Male,20,1.4,61.0,56.8,5.6,3,Yes,Graduate,No,53.99,Low
Male,21,2.3,74.6,75.9,4.8,3,Yes,School,Yes,57.1,Low
Male,19,5.4,71.0,47.6,7.1,6,Yes,Graduate,No,70.73,High
Female,23,5.5,95.9,85.3,6.9,8,Yes,Graduate,No,85.46,High
Female,18,6.4,68.0,69.8,7.8,5,Yes,Postgraduate,No,71.83,High
Female,21,3.8,96.8,93.9,8.4,6,Yes,Graduate,Yes,80.1,High
Male,17,6.1,73.0,63.3,5.1,6,No,School,No,68.93,Low
Male,23,5.8,98.2,50.7,7.9,1,Yes,Graduate,Yes,74.69,High
Female,23,7.7,86.9,59.0,5.8,7,No,Graduate,Yes,91.3,High
Female,22,2.5,91.5,80.5,7.1,1,Yes,School,No,62.22,Low
Female,20,4.9,55.2,76.3,8.3,7,Yes,School,No,68.08,Low
Male,23,5.2,79.3,82.8,5.3,8,Yes,Graduate,Yes,73.83,High
Male,18,8.0,57.1,44.0,7.0,4,Yes,School,No,76.09,High
Male,20,2.4,64.9,71.9,6.4,8,Yes,School,Yes,58.81,Low
Male,21,4.7,81.2,91.3,8.0,6,Yes,School,Yes,71.5,High
Male,22,3.4,86.3,45.9,7.5,6,Yes,Graduate,Yes,66.12,Low
Female,19,4.7,52.0,45.2,7.8,9,No,School,No,66.75,Low
Male,20,2.6,76.5,79.4,5.4,6,Yes,School,Yes,58.5,Low
Male,17,1.3,78.3,57.3,7.5,5,No,Graduate,Yes,52.77,Low
Male,18,5.0,53.9,76.2,7.0,10,Yes,Graduate,Yes,80.18,High
Male,17,3.4,75.0,70.0,6.3,10,Yes,School,No,74.28,High
Male,20,2.3,85.7,94.2,5.9,6,Yes,Graduate,Yes,68.13,Low
Female,22,3.3,52.7,88.9,5.7,8,Yes,Graduate,Yes,64.07,Low
Male,19,1.3,88.0,77.3,4.0,9,Yes,Graduate,Yes,60.15,Low
Male,19,7.7,78.8,54.4,4.8,10,Yes,School,Yes,84.22,High
Male,17,5.1,91.7,54.4,4.3,10,Yes,Graduate,No,78.73,High
Female,21,6.7,60.9,88.5,8.2,8,Yes,Graduate,Yes,88.24,High
Female,21,4.0,91.7,72.2,8.3,8,Yes,School,No,70.77,High
Female,22,7.3,54.7,83.4,8.2,7,Yes,School,Yes,87.0,High
Male,19,4.4,70.2,64.7,8.1,1,Yes,Graduate,No,53.32,Low
Female,17,5.0,60.0,45.7,5.1,4,Yes,School,No,64.73,Low
Male,17,4.4,93.8,58.3,6.5,4,Yes,Graduate,Yes,75.02,High
Male,17,6.1,85.2,48.9,8.5,3,No,Graduate,Yes,68.55,Low
Female,20,5.0,51.3,83.0,7.8,4,Yes,Graduate,Yes,65.8,Low
Male,22,2.9,50.5,78.5,4.0,2,Yes,Graduate,No,54.93,Low
Male,21,2.0,64.6,44.9,6.3,3,Yes,Postgraduate,Yes,42.54,Low
Male,21,5.2,57.2,74.2,4.1,3,Yes,School,Yes,58.1,Low
Female,20,4.4,81.5,88.1,5.4,10,Yes,Graduate,No,72.27,High
Male,18,1.7,83.2,78.4,6.2,1,No,Graduate,Yes,61.47,Low
Male,20,3.8,97.1,68.1,8.5,7,No,Postgraduate,No,78.46,High
Female,22,4.6,97.6,57.2,7.3,4,Yes,Graduate,Yes,65.61,Low
Male,17,6.8,82.9,88.8,5.8,8,Yes,Graduate,No,90.69,High
Male,20,1.5,50.3,63.3,6.5,9,No,Postgraduate,Yes,52.97,Low
Female,17,3.4,67.9,87.0,8.1,2,Yes,Postgraduate,Yes,63.17,Low
Male,22,6.8,75.7,83.1,5.5,2,Yes,Graduate,No,73.61,High
Male,23,5.5,75.0,84.9,7.1,2,Yes,Postgraduate,Yes,76.73,High
Male,22,3.0,80.2,94.4,5.3,8,Yes,Graduate,No,71.76,High
Male,19,6.9,98.0,81.2,6.4,2,Yes,Graduate,No,77.2,High
Male,17,4.5,94.3,41.9,4.1,6,Yes,Postgraduate,No,57.88,Low
Female,21,4.5,55.4,51.3,8.3,5,Yes,School,No,53.67,Low
Female,20,7.8,63.3,41.9,4.2,10,Yes,Graduate,No,77.05,High
Female,23,7.6,91.7,50.4,5.1,9,Yes,Graduate,Yes,75.51,High
Female,22,3.5,91.2,43.4,5.7,2,Yes,Postgraduate,No,60.23,Low
Male,17,2.0,63.8,67.6,7.1,1,Yes,School,No,51.51,Low
Male,23,3.3,86.5,41.6,7.6,2,Yes,Graduate,Yes,39.63,Low
Male,18,1.2,83.6,66.0,4.4,10,Yes,Graduate,No,58.08,Low
Male,19,1.1,73.7,89.4,4.2,5,No,School,No,52.54,Low
Male,18,3.8,60.1,81.2,8.0,8,Yes,School,No,60.37,Low
Female,22,7.6,94.4,91.9,7.6,8,No,School,Yes,100.0,High
Female,18,7.1,83.9,52.5,8.2,2,Yes,School,Yes,74.93,High
Male,18,4.6,58.4,69.2,7.4,5,Yes,Postgraduate,No,70.95,High
Male,19,5.0,85.2,57.5,7.8,2,Yes,Postgraduate,No,66.16,Low
Male,19,1.0,87.1,67.2,5.9,7,Yes,Postgraduate,No,63.78,Low
Female,19,2.5,94.3,70.6,7.0,10,Yes,Graduate,No,74.7,High
Male,23,1.2,61.1,42.0,8.0,8,Yes,Graduate,Yes,54.86,Low
Male,19,6.3,99.4,52.8,4.9,5,Yes,Postgraduate,No,76.95,High
Male,18,2.0,57.7,78.8,6.1,1,No,Postgraduate,No,55.1,Low
Female,21,7.1,80.0,82.5,7.7,7,No,School,Yes,90.81,High
Male,21,5.5,82.9,71.3,6.7,3,Yes,School,No,68.76,Low
Female,19,2.6,70.9,54.9,7.4,2,Yes,Postgraduate,No,42.66,Low
Female,23,2.1,73.8,62.3,5.5,6,Yes,Graduate,Yes,59.5,Low
Female,20,5.4,94.5,45.3,4.2,2,Yes,Postgraduate,No,59.34,Low
Female,17,7.3,82.3,92.4,4.1,10,No,Graduate,No,86.64,High
Female,22,6.0,74.9,87.8,8.7,8,Yes,Graduate,No,85.63,High
Female,23,3.4,56.4,43.6,8.7,3,Yes,Graduate,No,50.23,Low
Male,20,5.1,50.4,49.2,5.1,2,Yes,Graduate,No,56.19,Low
Male,22,3.2,56.2,72.0,4.7,8,Yes,Graduate,No,66.75,Low
Male,20,8.0,97.8,52.8,4.1,6,Yes,Graduate,No,82.41,High
Female,20,6.2,88.2,91.4,5.2,4,Yes,School,Yes,79.37,High
Male,21,5.3,98.4,81.6,5.7,5,Yes,Graduate,No,68.04,Low
Female,17,4.0,51.8,55.0,5.2,10,Yes,Graduate,Yes,60.66,Low
Female,20,5.3,84.0,40.3,8.0,7,Yes,Graduate,Yes,68.75,Low
Female,19,3.4,52.2,84.0,7.7,4,Yes,School,No,72.02,High
Male,22,1.2,89.1,63.3,4.4,7,No,Postgraduate,Yes,49.74,Low
Female,23,3.8,69.0,75.3,7.5,6,Yes,Graduate,No,57.73,Low
Female,21,7.5,54.8,55.8,6.6,5,Yes,School,No,74.64,High
Male,22,5.4,78.4,47.9,4.7,3,Yes,School,Yes,61.05,Low
Male,19,1.6,64.0,77.1,7.7,1,Yes,Graduate,No,47.3,Low
Female,19,7.2,83.0,64.8,4.4,8,No,Graduate,Yes,84.92,High
Female,20,2.9,82.9,52.9,4.9,7,Yes,Graduate,No,53.26,Low
Male,19,2.7,85.3,47.6,4.7,6,No,Postgraduate,Yes,67.65,Low
Male,17,3.1,99.6,71.9,8.7,4,Yes,Graduate,Yes,73.45,High
Male,19,5.0,69.3,79.9,7.5,5,Yes,Graduate,No,77.43,High
Female,20,4.8,73.3,55.6,6.1,5,Yes,Graduate,No,65.35,Low
Male,22,4.4,90.2,80.4,8.1,2,Yes,School,No,72.58,High
Male,19,6.0,78.9,50.1,5.1,6,Yes,Graduate,No,66.92,Low
Male,21,3.2,51.9,58.6,8.7,5,Yes,Postgraduate,Yes,59.04,Low
Female,23,6.5,92.2,81.0,7.5,1,Yes,Graduate,No,79.41,High
Male,21,2.2,52.6,76.3,6.8,9,Yes,Graduate,No,69.17,Low
Male,21,6.5,58.5,54.9,8.0,7,Yes,Postgraduate,Yes,72.39,High
Male,22,5.6,55.1,46.7,7.2,2,Yes,School,No,58.9,Low
Male,18,5.8,53.9,42.3,8.4,6,Yes,Graduate,No,58.34,Low
Male,23,4.4,51.3,86.1,8.1,1,Yes,Graduate,No,67.97,Low
Female,21,5.7,52.8,44.1,5.0,2,Yes,Graduate,No,55.2,Low
Female,21,1.6,72.1,46.3,5.2,7,Yes,Graduate,No,52.51,Low
Female,18,7.0,62.6,53.1,4.3,3,Yes,School,Yes,68.78,Low
Male,22,1.4,56.3,64.5,5.1,7,Yes,Graduate,No,54.11,Low
Female,23,2.0,82.9,83.4,5.7,6,Yes,Graduate,No,61.87,Low
Female,21,5.0,61.3,53.6,4.1,5,Yes,Graduate,Yes,65.86,Low
Female,20,6.2,50.9,69.9,5.6,10,No,School,No,78.69,High
Male,22,1.5,70.9,45.0,7.9,9,Yes,Postgraduate,No,54.68,Low
Male,23,7.4,65.5,65.5,8.2,10,Yes,Postgraduate,No,89.06,High
Female,21,7.8,65.9,49.8,4.0,5,Yes,School,No,73.33,High
Female,21,5.2,72.3,51.6,4.0,5,Yes,Postgraduate,No,60.17,Low
Male,18,4.4,83.4,60.2,4.7,8,Yes,School,No,74.39,High
Male,23,6.2,80.8,81.9,8.4,7,Yes,Graduate,No,89.77,High
Female,20,3.3,96.9,80.9,6.3,1,Yes,Graduate,No,52.96,Low
Male,22,4.5,75.9,62.8,8.9,10,Yes,Graduate,No,70.23,High
Female,19,7.4,73.6,46.5,8.4,2,Yes,Graduate,No,62.66,Low
Male,17,7.7,60.7,55.4,8.5,4,Yes,Graduate,No,66.53,Low
Female,20,7.5,87.8,67.8,4.6,9,Yes,Graduate,Yes,91.57,High
Female,19,2.8,57.0,87.8,6.4,7,Yes,Graduate,No,61.52,Low
Male,20,2.6,74.6,93.3,9.0,2,Yes,Graduate,Yes,70.09,High
Female,23,3.1,71.1,75.1,4.7,8,Yes,Postgraduate,No,68.01,Low
Female,19,4.1,82.9,59.3,6.9,1,Yes,Graduate,Yes,60.53,Low
Female,23,3.2,95.9,78.1,5.7,8,Yes,Graduate,Yes,70.34,High
Male,19,3.6,97.3,58.5,5.9,5,No,Graduate,No,60.78,Low
Male,20,5.3,58.4,74.4,8.5,1,Yes,School,No,61.23,Low
Male,18,6.3,63.1,53.4,6.9,3,Yes,School,Yes,68.26,Low
Female,20,6.1,90.6,54.7,7.8,7,Yes,Postgraduate,Yes,78.8,High
Male,23,6.7,75.9,44.1,7.4,7,Yes,School,No,58.56,Low
Female,20,1.2,72.7,63.1,6.6,8,Yes,School,No,63.64,Low
Female,19,1.3,85.5,74.0,8.0,4,Yes,Graduate,No,57.2,Low
Male,17,6.5,80.1,83.4,8.9,6,Yes,Postgraduate,No,85.55,High
Male,19,4.7,98.5,84.6,8.8,7,Yes,Postgraduate,Yes,87.02,High
Female,21,5.0,79.2,94.6,7.9,8,Yes,Postgraduate,No,78.24,High
Female,20,1.4,73.3,44.8,6.4,3,Yes,Postgraduate,Yes,37.15,Low
Male,22,2.8,77.1,67.1,4.8,5,Yes,School,Yes,54.69,Low
Male,20,5.5,90.4,68.7,4.2,8,Yes,Graduate,No,82.86,High
Male,18,7.0,80.6,84.2,5.2,6,Yes,Postgraduate,No,83.65,High
Female,23,7.4,82.4,54.6,5.7,1,No,Graduate,No,75.14,High
Female,22,4.5,98.6,43.8,4.6,2,No,Postgraduate,No,46.13,Low
Female,19,4.8,80.9,57.3,5.1,3,Yes,School,No,61.2,Low
Female,18,6.8,69.0,94.1,4.4,7,Yes,Graduate,No,78.15,High
Female,20,4.8,84.6,89.5,6.6,10,Yes,Postgraduate,No,89.74,High
Male,19,4.6,83.0,61.7,4.6,3,Yes,School,Yes,60.42,Low
Male,19,7.3,50.7,88.2,7.7,9,Yes,Postgraduate,No,81.64,High
Female,21,6.5,73.4,41.8,5.7,9,Yes,School,No,70.72,High
Female,21,7.4,87.1,57.3,7.4,8,Yes,School,No,75.03,High
Male,17,2.5,75.0,80.0,8.4,9,Yes,Graduate,No,71.03,High
Male,21,4.7,89.0,52.2,4.4,8,Yes,School,Yes,62.75,Low
Male,23,6.9,72.5,50.9,8.9,9,Yes,School,No,74.08,High
Male,22,1.8,99.2,87.4,7.2,4,Yes,School,No,66.33,Low
Female,19,6.6,64.6,73.9,4.3,4,Yes,Graduate,No,60.94,Low
Male,21,2.3,54.6,94.4,5.6,5,Yes,Graduate,No,59.66,Low
Female,17,6.7,71.5,47.4,8.4,7,Yes,Postgraduate,Yes,71.34,High
Male,20,5.3,77.1,59.6,7.0,9,Yes,Postgraduate,No,81.6,High
Male,22,2.4,67.5,57.1,5.4,4,No,Graduate,Yes,55.04,Low
Male,21,4.3,62.1,88.4,8.7,7,Yes,Graduate,No,71.27,High
Female,19,5.8,83.6,54.0,7.9,6,Yes,School,No,68.64,Low
Female,20,5.4,68.9,59.4,7.7,9,Yes,Graduate,Yes,76.33,High
Male,23,4.0,81.6,47.9,8.4,9,Yes,School,No,68.5,Low
Female,19,7.3,89.0,82.6,7.8,9,Yes,Graduate,No,99.73,High
Female,20,4.6,88.1,53.1,5.4,5,No,Graduate,No,65.92,Low
Male,23,4.5,68.8,43.8,6.9,3,Yes,Graduate,No,57.41,Low
Male,23,1.4,78.4,63.9,8.2,6,No,Postgraduate,No,61.03,Low
Female,22,7.5,72.5,61.5,4.9,2,Yes,Graduate,No,78.79,High
Female,19,2.2,93.5,49.8,4.8,7,Yes,School,No,58.32,Low
Female,21,4.7,93.9,47.3,4.8,7,Yes,School,No,70.98,High
Male,21,6.6,67.2,89.3,5.0,2,No,Postgraduate,No,74.41,High
Male,17,2.5,54.6,43.7,4.5,6,Yes,Graduate,No,43.79,Low
Female,20,4.7,58.4,45.5,8.2,4,Yes,School,Yes,61.7,Low
Male,17,2.7,68.4,53.5,8.1,7,Yes,School,No,55.93,Low
Male,18,6.3,78.2,92.4,4.8,8,Yes,Graduate,Yes,79.42,High
Female,21,5.0,82.8,44.7,7.5,10,No,School,No,70.37,High
Female,20,7.0,66.6,84.9,7.1,1,Yes,Graduate,Yes,78.27,High
Male,22,7.3,83.4,89.1,5.4,5,Yes,Graduate,No,85.16,High
Male,17,5.5,96.9,60.8,5.1,9,Yes,School,Yes,84.77,High
Female,22,6.1,82.6,56.2,5.3,2,Yes,School,No,70.77,High
Male,22,4.8,57.9,77.3,7.7,4,Yes,School,No,79.5,High
Male,22,3.7,79.0,78.6,5.6,8,Yes,Graduate,Yes,71.2,High
Female,17,5.5,77.1,82.9,5.4,5,Yes,School,No,78.31,High
Female,18,7.4,93.5,85.7,4.1,8,Yes,Postgraduate,No,97.78,High
Male,23,3.9,67.5,54.8,8.5,10,Yes,Graduate,Yes,61.61,Low
Male,23,3.2,71.1,77.8,7.8,10,Yes,Graduate,Yes,80.35,High
Male,17,3.7,79.9,47.4,6.4,1,Yes,Graduate,No,45.0,Low
Female,23,4.0,76.2,68.1,8.7,7,Yes,School,No,78.13,High
Male,19,1.5,86.0,73.7,5.5,6,No,Postgraduate,Yes,61.72,Low
Male,23,4.5,52.0,48.9,7.4,2,Yes,Postgraduate,Yes,52.81,Low
Female,21,4.5,78.2,44.2,5.5,7,No,Graduate,No,57.68,Low
Female,17,5.1,56.1,50.7,5.6,3,No,Graduate,No,50.43,Low
Male,23,3.5,65.8,63.1,8.2,4,Yes,School,No,58.66,Low
Female,17,5.3,83.1,88.8,7.9,6,Yes,Graduate,No,79.0,High
Female,18,7.1,57.9,69.3,5.5,3,No,School,No,67.17,Low
Male,19,7.7,65.4,81.2,4.4,1,Yes,School,No,71.93,High
Female,17,5.1,85.2,49.6,5.8,10,Yes,Graduate,Yes,77.15,High
Female,21,1.3,82.5,45.8,7.8,1,No,Graduate,No,52.89,Low
Male,23,7.8,54.6,53.2,4.5,6,Yes,School,No,69.59,Low
Female,21,5.9,78.9,57.3,7.4,4,Yes,Graduate,Yes,70.36,High
Male,23,3.4,57.4,70.1,8.4,7,Yes,School,Yes,59.66,Low
Male,17,2.0,62.6,88.5,4.9,9,Yes,Graduate,No,63.82,Low
Female,22,2.0,73.0,63.4,8.3,8,Yes,School,Yes,58.61,Low
Female,23,2.2,55.5,68.5,4.3,3,No,Postgraduate,Yes,53.19,Low
Female,22,1.3,99.7,40.3,7.3,7,Yes,Graduate,No,50.53,Low
Male,19,7.3,58.3,41.8,8.0,1,Yes,Postgraduate,No,65.05,Low
Female,21,4.8,89.1,44.6,6.2,2,Yes,Graduate,Yes,54.96,Low
Male,22,5.9,91.5,78.4,5.0,9,Yes,School,No,92.92,High
Female,21,6.8,99.7,66.7,8.6,10,Yes,Graduate,No,94.62,High
Female,23,6.5,71.4,50.6,4.1,8,Yes,Graduate,No,72.04,High
Female,23,7.2,93.7,72.6,6.8,7,Yes,Graduate,Yes,91.88,High
Male,19,7.8,97.9,70.0,5.9,10,Yes,Graduate,No,97.0,High
Female,23,4.1,58.6,44.9,6.3,2,Yes,Graduate,No,54.02,Low
Female,19,7.7,74.0,75.2,6.7,2,Yes,School,No,72.47,High
Male,22,6.1,53.0,82.2,6.7,7,No,Postgraduate,Yes,82.68,High
Male,23,1.5,81.0,55.8,5.0,7,Yes,Graduate,No,60.08,Low
Female,17,5.8,79.1,77.8,7.4,6,Yes,Graduate,Yes,76.52,High
Female,20,5.8,60.2,51.0,4.1,10,Yes,School,Yes,72.79,High
Female,18,7.3,89.9,81.6,4.1,5,Yes,Graduate,No,72.97,High
Male,20,3.6,51.9,90.1,6.4,6,Yes,Graduate,Yes,58.34,Low
Male,20,5.1,90.3,64.3,6.7,9,Yes,Graduate,Yes,77.75,High
Male,21,1.1,51.3,53.5,5.4,4,Yes,School,Yes,47.1,Low
Male,19,3.3,82.8,62.0,6.8,10,Yes,Graduate,Yes,72.22,High
Female,21,1.4,53.9,53.8,6.6,1,Yes,Graduate,No,40.53,Low
Male,22,4.7,62.6,40.1,5.7,9,Yes,Graduate,Yes,63.42,Low
Male,18,6.7,86.1,75.8,7.3,8,Yes,School,No,86.77,High
Male,22,2.4,64.0,42.3,8.8,2,Yes,School,Yes,43.4,Low
Female,17,4.7,75.6,51.6,6.5,4,Yes,Graduate,Yes,65.65,Low
Female,18,2.4,95.8,79.7,7.9,3,Yes,Graduate,Yes,68.22,Low
Male,21,1.8,52.5,76.6,5.2,3,Yes,Graduate,No,59.5,Low
Male,23,4.6,90.6,44.0,7.8,6,Yes,Graduate,No,70.04,High
Female,23,1.6,53.3,76.3,7.2,7,Yes,Postgraduate,Yes,69.3,Low
Female,21,5.1,56.3,91.2,7.2,8,Yes,School,Yes,75.91,High
Female,22,1.2,56.0,44.1,8.5,7,Yes,School,Yes,54.22,Low
Female,21,1.7,99.7,62.9,5.2,9,No,School,Yes,73.41,High
Female,21,4.8,59.0,80.1,5.8,2,Yes,School,No,57.29,Low
Female,20,5.1,94.8,76.7,4.4,10,Yes,Postgraduate,No,76.02,High
Female,17,1.2,99.5,52.5,7.6,4,Yes,School,Yes,55.16,Low
Female,23,5.0,69.2,49.0,8.2,2,Yes,Postgraduate,No,62.59,Low
Male,20,6.9,81.6,83.1,6.0,3,No,School,Yes,89.4,High
Male,21,6.1,89.0,92.6,5.8,10,Yes,Graduate,No,88.27,High
Male,19,1.9,69.6,82.2,7.3,1,Yes,School,No,44.61,Low
Male,20,5.1,58.1,93.0,4.4,8,No,School,No,77.71,High
Male,21,5.7,71.7,73.3,5.5,5,Yes,School,No,72.42,High
Male,23,1.3,88.6,91.1,5.8,5,Yes,Graduate,No,65.88,Low
Female,21,7.0,89.0,78.0,6.6,8,Yes,Graduate,No,83.44,High
Female,17,7.3,61.5,90.0,6.4,9,Yes,School,No,79.47,High
Male,22,7.0,58.7,48.9,5.0,9,Yes,Postgraduate,Yes,81.88,High
Male,18,6.8,96.0,84.9,6.7,10,Yes,Graduate,No,96.84,High
Female,20,6.2,52.2,50.8,8.6,9,Yes,Postgraduate,No,81.59,High
Female,20,5.4,86.7,41.5,4.1,2,Yes,School,No,52.29,Low
Female,20,5.8,52.3,68.5,7.4,7,No,School,Yes,72.9,High
Male,21,6.6,91.9,57.5,7.1,7,Yes,Postgraduate,No,83.76,High
Female,17,5.6,95.3,42.4,8.6,4,Yes,Graduate,No,74.0,High
Male,21,3.3,64.9,93.9,7.2,5,Yes,Postgraduate,Yes,76.25,High
Male,21,3.6,53.7,76.7,7.1,6,Yes,School,No,59.6,Low
Female,22,7.3,74.0,89.6,7.8,7,Yes,School,Yes,88.86,High
Female,19,1.1,64.9,94.9,5.3,2,Yes,Postgraduate,No,57.89,Low
Male,17,5.9,70.9,61.6,7.0,10,Yes,Graduate,Yes,79.24,High
Female,20,7.7,83.2,54.0,6.6,2,Yes,Postgraduate,No,62.61,Low
Female,18,5.9,60.5,50.1,6.2,2,Yes,School,No,63.12,Low
Male,20,8.0,67.8,68.3,4.4,5,Yes,School,Yes,80.2,High
Female,21,5.8,89.1,73.3,5.5,6,Yes,Graduate,Yes,75.16,High
Male,17,1.2,82.2,66.0,5.4,6,Yes,Postgraduate,Yes,56.44,Low
Male,23,6.8,66.3,61.3,7.6,3,Yes,Postgraduate,No,60.61,Low
Female,17,3.0,83.2,49.3,8.6,4,Yes,School,No,66.58,Low
Male,17,4.1,88.3,64.3,5.2,7,Yes,School,Yes,69.37,Low
Male,19,3.2,79.6,44.7,4.4,7,Yes,Graduate,No,53.36,Low
Female,20,2.9,62.0,87.6,9.0,6,Yes,Postgraduate,Yes,77.14,High
Female,19,4.0,50.0,42.6,7.5,1,Yes,Postgraduate,Yes,39.65,Low
Female,23,3.7,90.1,60.9,8.4,10,Yes,School,Yes,71.87,High
Male,23,5.4,91.1,45.5,4.7,6,Yes,Graduate,No,73.54,High
Male,22,6.7,84.9,82.6,8.0,1,Yes,Graduate,No,73.26,High
Female,18,3.1,53.8,57.2,8.1,5,No,Graduate,No,52.82,Low
Male,22,2.5,79.3,46.2,4.8,6,Yes,Graduate,Yes,53.95,Low
Female,21,5.7,91.1,69.2,4.8,7,Yes,School,Yes,80.15,High
Female,19,5.7,69.5,90.4,5.5,8,Yes,Graduate,Yes,81.38,High
Male,19,7.3,59.9,90.0,5.1,9,Yes,Graduate,No,88.27,High
Female,22,1.1,79.4,53.7,8.9,6,No,School,Yes,54.84,Low
Male,21,7.0,91.3,79.6,5.8,7,Yes,Postgraduate,Yes,86.25,High
Male,17,4.6,52.4,41.7,7.8,4,Yes,School,Yes,54.62,Low
Female,21,5.3,79.8,47.3,8.0,10,No,Graduate,No,73.76,High
Male,20,1.6,82.2,67.5,5.9,7,Yes,Graduate,Yes,58.39,Low
Female,22,4.0,80.1,52.6,7.4,10,No,School,Yes,60.33,Low
Male,21,2.6,82.5,83.9,4.5,1,Yes,Graduate,No,67.37,Low
Male,17,2.8,81.6,91.2,6.0,3,No,Postgraduate,No,59.34,Low
Male,21,4.5,56.5,40.2,8.8,1,Yes,Postgraduate,Yes,48.81,Low
Female,19,6.7,61.7,52.8,4.8,8,Yes,Graduate,No,77.8,High
Male,18,6.2,80.9,64.2,5.9,3,Yes,Graduate,Yes,80.13,High
Female,19,5.1,50.9,71.0,8.0,7,Yes,Graduate,No,75.9,High
Male,23,4.8,81.7,90.4,7.3,2,Yes,School,No,76.03,High
Male,18,4.0,83.3,89.1,7.2,5,Yes,Graduate,Yes,75.75,High
Female,23,7.8,62.0,75.0,8.3,3,Yes,Graduate,No,77.31,High
Female,21,4.9,79.9,54.2,4.1,10,Yes,Graduate,No,74.12,High
Female,20,2.8,76.7,83.1,7.9,3,Yes,School,No,69.4,Low
Female,21,2.6,63.0,51.1,8.4,5,Yes,Graduate,No,59.39,Low
Female,17,5.3,73.1,93.1,4.1,8,Yes,School,Yes,85.4,High
Male,21,4.7,95.5,40.3,6.8,2,Yes,Graduate,Yes,57.24,Low
Male,18,1.1,71.3,71.3,5.7,4,Yes,Graduate,No,51.91,Low
Female,19,6.8,81.5,44.9,4.3,4,Yes,Graduate,Yes,58.01,Low
Male,20,5.9,51.8,62.4,6.1,5,Yes,Postgraduate,Yes,72.92,High
Male,23,5.6,53.9,74.9,7.2,6,Yes,Graduate,No,71.47,High
Male,21,1.5,54.1,77.9,8.6,9,Yes,Postgraduate,No,53.43,Low
Female,21,3.5,88.9,83.2,7.1,5,No,Graduate,Yes,72.62,High
Male,19,7.5,67.5,72.6,8.3,10,Yes,Postgraduate,No,94.25,High
Male,20,7.0,61.4,53.8,4.6,8,No,Postgraduate,No,72.61,High
Male,22,3.0,87.4,88.9,5.1,5,Yes,Graduate,No,71.14,High
Female,23,2.1,58.5,84.6,8.9,3,No,Graduate,Yes,56.32,Low
Male,21,4.1,62.3,48.8,8.4,6,Yes,Graduate,No,56.33,Low
Male,21,3.5,71.5,85.5,5.2,4,Yes,Graduate,No,67.32,Low
Female,22,5.8,66.6,93.5,7.1,5,Yes,School,Yes,74.99,High
Female,23,7.8,79.3,75.0,5.8,8,Yes,Graduate,No,87.69,High
Male,18,3.5,66.9,55.5,6.3,4,Yes,Graduate,Yes,50.15,Low
Male,18,1.4,69.6,73.4,8.3,7,Yes,Postgraduate,Yes,59.73,Low
Female,17,7.3,93.1,58.8,7.7,3,Yes,Postgraduate,No,81.54,High
Female,19,1.3,94.2,77.2,5.2,4,No,School,Yes,51.88,Low
Female,20,7.7,91.4,70.0,5.6,8,Yes,Graduate,No,85.54,High
Female,21,5.7,93.2,91.1,5.4,8,No,Postgraduate,Yes,82.1,High
Female,23,7.6,78.5,74.0,7.9,9,Yes,Postgraduate,Yes,94.98,High
Female,21,2.4,82.3,51.8,6.5,4,Yes,Postgraduate,Yes,54.13,Low
Female,17,1.3,77.9,79.9,8.8,10,Yes,School,No,68.18,Low
Male,23,4.4,89.3,56.5,8.1,4,No,School,No,65.58,Low
Female,23,4.2,77.6,55.0,5.1,5,Yes,School,Yes,58.33,Low
Female,21,3.3,55.6,61.5,7.9,5,Yes,Postgraduate,No,50.14,Low
Male,19,7.7,90.5,40.7,6.5,3,Yes,Graduate,Yes,70.57,High
Female,17,6.8,88.0,93.3,5.3,1,Yes,Graduate,No,84.24,High
Female,19,5.6,91.0,69.3,5.8,10,Yes,Postgraduate,Yes,79.43,High
Male,17,2.1,59.5,82.5,8.9,1,Yes,School,No,58.27,Low
Female,21,6.1,63.6,54.2,6.4,8,Yes,Graduate,No,64.52,Low
Male,17,6.1,64.8,81.1,7.6,4,Yes,Graduate,No,82.38,High
Male,18,4.0,75.4,71.2,6.4,10,Yes,Graduate,No,82.1,High
Male,23,7.5,56.7,63.3,5.9,2,Yes,Graduate,No,71.94,High
Male,20,2.2,69.3,93.4,8.0,6,Yes,School,Yes,68.24,Low
Female,21,2.9,59.1,67.2,8.2,9,Yes,Graduate,No,60.79,Low
Male,22,1.4,63.2,76.2,4.4,5,Yes,Graduate,No,42.93,Low
Male,20,6.6,85.3,40.8,5.4,3,No,School,No,68.16,Low
Female,21,5.4,92.7,56.6,6.5,4,Yes,Postgraduate,No,75.38,High
Male,20,3.2,51.1,88.9,5.6,2,Yes,Graduate,Yes,57.39,Low
Male,18,2.1,78.3,81.7,7.9,7,Yes,Graduate,No,68.02,Low
Male,20,1.3,51.8,69.5,4.6,4,Yes,School,Yes,42.11,Low
Male,17,2.2,54.3,89.5,8.0,4,Yes,School,Yes,62.48,Low
Female,20,4.2,85.3,66.7,7.1,8,Yes,Postgraduate,Yes,78.05,High
Male,21,2.7,86.8,71.2,5.4,10,Yes,Graduate,No,72.79,High
Female,22,2.8,90.7,61.0,5.7,5,Yes,Graduate,No,56.52,Low
Female,22,7.1,73.7,74.1,4.9,3,Yes,Graduate,Yes,72.18,High
Male,19,4.6,93.0,57.5,5.3,6,Yes,School,No,72.02,High
Male,23,6.1,58.3,61.2,7.6,8,No,Postgraduate,Yes,71.09,High
Male,20,1.2,62.5,93.1,5.9,10,Yes,School,Yes,75.06,High
Male,22,3.6,56.7,46.1,7.4,1,Yes,School,No,60.0,Low
Female,20,4.4,89.9,45.8,6.6,9,Yes,Postgraduate,Yes,68.06,Low
Female,23,2.3,61.4,42.4,4.7,4,Yes,School,Yes,58.5,Low
Female,22,1.8,57.8,57.6,6.5,5,Yes,Postgraduate,Yes,50.16,Low
Male,23,7.1,81.2,61.9,7.8,10,Yes,Graduate,No,91.66,High
Female,20,7.6,53.9,45.2,5.5,3,Yes,Graduate,Yes,66.18,Low
Male,21,1.6,52.2,70.2,7.2,9,No,School,No,58.89,Low
Male,20,3.4,55.3,72.1,5.0,6,Yes,Graduate,No,53.58,Low
Male,23,7.7,50.0,81.3,4.7,1,Yes,Graduate,Yes,70.43,High
Male,21,1.6,84.8,93.7,5.8,9,Yes,School,Yes,79.57,High
Male,21,5.5,78.1,74.1,5.9,5,Yes,Postgraduate,No,75.96,High
Female,19,7.8,60.5,46.1,7.8,3,Yes,Graduate,No,69.66,Low
Female,22,7.8,61.7,44.9,6.3,4,Yes,Postgraduate,No,69.14,Low
Male,17,4.3,90.5,82.8,4.4,5,Yes,Graduate,Yes,75.09,High
Female,21,2.1,75.1,75.8,7.2,1,Yes,School,No,54.96,Low
Male,23,2.4,84.9,48.9,6.3,10,Yes,Postgraduate,Yes,64.94,Low
Male,22,7.2,72.6,53.9,5.7,3,Yes,Graduate,Yes,69.08,Low
Male,18,7.4,61.9,81.3,8.0,7,Yes,Graduate,No,83.84,High
Female,20,5.3,98.5,71.1,4.8,9,Yes,Graduate,No,75.47,High
Male,23,6.4,78.3,72.2,8.6,6,Yes,Graduate,Yes,89.46,High
Male,18,6.2,56.5,51.6,5.7,4,Yes,School,Yes,58.15,Low
Female,23,5.6,70.3,74.6,6.3,4,Yes,Graduate,Yes,72.64,High
Female,20,6.8,66.5,82.4,8.6,9,Yes,Graduate,Yes,85.06,High
Female,19,5.8,60.7,88.7,7.8,1,Yes,Postgraduate,No,68.56,Low
Male,23,4.7,96.7,80.5,4.4,6,No,School,No,73.57,High
Male,21,2.7,94.0,71.7,6.9,4,Yes,School,No,60.95,Low
Female,17,6.2,60.0,77.0,5.6,3,Yes,Graduate,No,71.67,High
Male,21,4.3,67.6,66.7,6.5,1,Yes,Graduate,Yes,62.83,Low
Female,20,3.1,88.1,52.5,7.7,5,Yes,School,No,64.36,Low
Female,23,6.6,60.4,88.5,6.5,4,Yes,School,No,68.53,Low
Male,17,5.9,79.6,69.3,4.4,10,Yes,Graduate,Yes,84.85,High
Male,21,7.6,85.0,72.7,6.6,4,No,School,Yes,85.28,High
Female,17,2.2,82.7,94.5,4.1,8,Yes,Graduate,Yes,66.83,Low
Female,20,5.5,85.3,94.2,5.7,2,Yes,Graduate,No,79.55,High
Female,19,2.7,85.3,72.2,6.4,10,No,Postgraduate,No,76.09,High
Female,19,7.3,98.2,41.9,7.2,10,Yes,Graduate,No,82.07,High
Male,23,1.7,67.3,61.8,6.5,4,Yes,Graduate,No,47.86,Low
Female,21,5.6,93.9,91.6,4.8,1,Yes,Postgraduate,No,83.01,High
Female,18,6.5,51.1,55.9,8.7,2,Yes,Postgraduate,Yes,73.81,High
Female,20,3.5,64.4,95.0,7.3,10,Yes,School,No,81.87,High
Male,21,7.7,52.4,44.6,5.6,10,Yes,School,Yes,81.47,High
Male,21,7.0,82.6,71.2,8.8,3,Yes,Postgraduate,No,79.95,High
Female,19,3.1,55.0,68.3,8.4,1,Yes,Graduate,No,59.14,Low
Male,23,1.1,92.3,54.0,4.7,2,Yes,Graduate,No,35.96,Low
Male,17,3.1,82.3,92.2,7.3,7,Yes,Postgraduate,No,77.87,High
Male,20,3.0,51.4,74.1,6.8,10,Yes,Graduate,No,69.75,Low
Female,17,7.2,85.7,52.7,5.0,10,Yes,Graduate,Yes,85.2,High
Female,22,7.8,93.1,61.1,5.2,6,Yes,School,Yes,84.63,High
Male,22,1.5,83.1,79.7,6.8,2,No,Postgraduate,Yes,58.65,Low
Female,20,4.3,51.5,56.4,5.6,1,Yes,Graduate,No,48.86,Low
Female,23,4.8,92.9,88.4,8.2,10,Yes,School,No,97.67,High
Male,18,1.7,86.6,49.1,4.5,9,Yes,Graduate,No,65.09,Low
Male,22,3.6,68.9,54.5,8.6,1,No,Graduate,Yes,66.5,Low
Female,19,3.2,66.4,48.0,8.2,10,Yes,School,No,60.91,Low
Male,18,4.8,74.0,45.7,7.7,5,Yes,School,Yes,66.74,Low
Female,21,5.6,93.4,56.5,5.3,9,Yes,Graduate,Yes,81.08,High
Female,22,5.9,62.6,95.0,7.6,9,Yes,Graduate,Yes,75.55,High
Male,19,2.0,55.0,45.2,6.2,6,No,Graduate,No,47.72,Low
Female,21,6.7,93.2,51.7,7.2,3,Yes,School,No,74.39,High
Female,18,5.7,51.3,54.9,5.6,2,Yes,Postgraduate,No,59.99,Low
Male,20,7.2,95.5,74.1,8.2,3,Yes,Graduate,No,78.84,High
Male,21,4.1,65.3,81.0,4.2,1,Yes,School,No,64.76,Low
Male,17,7.3,75.4,81.4,7.5,3,Yes,Graduate,No,82.48,High
Female,20,7.1,56.6,40.5,8.1,2,No,Postgraduate,Yes,60.77,Low
Male,20,4.1,95.1,75.9,7.2,8,Yes,Graduate,No,80.63,High
Male,18,3.7,87.5,74.7,5.0,10,Yes,Postgraduate,No,70.11,High
Male,18,7.5,96.2,68.5,5.4,7,Yes,School,No,87.64,High
Male,19,6.0,84.2,60.9,6.6,1,Yes,Postgraduate,No,66.8,Low
Female,19,7.5,59.2,83.9,5.6,1,Yes,Graduate,Yes,74.31,High
Female,17,6.6,65.4,58.9,4.0,5,Yes,Postgraduate,No,65.36,Low
Male,20,5.3,74.3,52.7,4.2,4,Yes,Postgraduate,No,56.69,Low
Female,23,1.8,80.4,57.1,7.8,8,Yes,Graduate,Yes,54.5,Low
Male,17,3.0,96.3,64.2,4.4,8,Yes,Graduate,No,60.77,Low
Male,17,7.8,69.2,51.8,8.6,3,Yes,School,Yes,74.24,High
Female,23,3.2,85.2,73.4,6.2,5,Yes,Graduate,No,67.69,Low
Female,23,1.7,98.1,88.6,7.8,7,Yes,Graduate,No,73.2,High
Male,23,6.0,57.6,72.8,4.6,8,Yes,Graduate,Yes,70.51,High
Male,18,6.1,93.1,64.6,8.6,3,Yes,Graduate,Yes,69.52,Low
Female,17,3.0,71.0,83.8,4.2,8,Yes,Postgraduate,No,69.78,Low
Male,17,3.1,86.6,81.1,4.2,10,Yes,School,No,75.29,High
Female,21,4.3,64.7,60.2,4.3,9,Yes,Graduate,No,71.52,High
Male,23,1.2,66.7,73.2,4.5,3,Yes,Graduate,Yes,43.26,Low
Male,23,6.5,51.4,80.1,6.4,2,Yes,Postgraduate,Yes,68.91,Low
Female,19,3.2,98.6,53.5,7.9,2,No,Postgraduate,No,61.73,Low
Female,19,7.0,90.7,60.1,5.4,5,Yes,Graduate,No,69.6,Low
Female,20,6.6,54.7,45.8,7.7,10,Yes,Graduate,No,72.99,High
Female,19,5.6,100.0,94.3,7.9,1,Yes,Postgraduate,No,71.57,High
Female,22,3.3,80.3,44.7,8.5,6,Yes,School,Yes,57.55,Low
Female,20,4.6,92.7,49.3,4.7,7,Yes,Graduate,No,73.86,High
Female,23,4.1,53.3,66.4,4.7,5,Yes,School,No,69.34,Low
Male,21,3.4,69.5,87.6,4.6,8,Yes,Postgraduate,Yes,71.1,High
Male,19,6.9,83.5,59.6,5.8,6,No,Graduate,No,78.77,High
Male,21,4.4,55.3,82.3,6.4,1,Yes,Graduate,No,61.48,Low
Female,19,6.8,74.4,77.2,6.3,9,Yes,Graduate,Yes,89.67,High
Female,19,1.7,72.1,75.1,5.3,5,Yes,Postgraduate,No,60.83,Low
Female,21,2.0,60.8,86.5,7.1,5,Yes,Postgraduate,No,53.21,Low
Male,17,7.8,65.0,40.8,5.7,1,Yes,School,No,66.49,Low
Female,17,5.1,98.4,91.1,5.8,5,Yes,Graduate,No,74.67,High
Female,17,4.6,64.4,85.6,4.5,3,Yes,Graduate,Yes,71.81,High
Male,22,4.7,60.7,91.6,7.0,10,Yes,School,No,86.09,High
Female,17,2.5,76.8,83.6,7.3,3,Yes,Graduate,No,54.33,Low
Male,19,6.0,83.5,88.3,7.8,10,Yes,Postgraduate,No,95.04,High
Male,23,1.6,86.3,51.2,8.5,8,Yes,Graduate,No,54.04,Low
Female,18,5.0,87.7,57.6,7.8,9,Yes,School,Yes,75.27,High
Female,21,5.0,51.8,57.3,5.2,6,Yes,Postgraduate,No,55.47,Low
Female,23,7.4,69.7,46.0,5.2,3,Yes,Postgraduate,No,69.57,Low
Male,18,4.7,88.7,80.1,8.6,8,Yes,Graduate,No,89.03,High
Male,23,2.0,95.2,47.5,8.0,3,No,School,No,52.85,Low
Male,22,5.0,80.1,42.9,7.9,7,Yes,Graduate,No,64.61,Low
Female,18,1.6,52.6,82.6,7.6,2,Yes,School,No,52.12,Low
Female,20,2.4,69.8,89.8,5.3,6,Yes,Graduate,No,72.09,High
Female,17,1.2,53.7,82.0,8.2,8,Yes,School,Yes,65.36,Low
Female,22,4.6,87.4,85.4,4.7,3,Yes,Graduate,No,77.65,High
Male,23,1.6,53.2,72.8,5.8,9,Yes,School,No,58.02,Low
Male,19,4.3,59.3,88.8,5.7,9,Yes,Graduate,No,64.12,Low
Male,17,7.5,70.8,67.3,6.8,3,Yes,School,Yes,66.7,Low
Male,17,6.0,73.1,94.4,6.3,3,Yes,Postgraduate,No,76.78,High
Female,18,1.5,70.3,45.7,6.3,5,Yes,Postgraduate,No,40.53,Low
Female,20,2.6,73.2,84.5,6.8,9,Yes,School,No,74.25,High
Female,17,5.7,85.7,75.3,6.1,1,Yes,Graduate,Yes,68.99,Low
Male,23,7.3,68.5,71.9,5.2,1,Yes,Graduate,No,62.06,Low
Male,23,1.2,77.4,79.9,7.3,1,Yes,Graduate,No,54.76,Low
Female,21,6.7,65.2,86.2,8.0,4,Yes,School,No,75.97,High
Female,21,4.9,67.7,87.5,6.4,7,Yes,Graduate,No,75.26,High
Male,17,4.8,80.7,49.6,7.2,2,Yes,School,No,65.63,Low
Female,18,7.7,74.5,50.8,6.7,3,Yes,School,Yes,78.48,High
Male,18,6.2,86.2,40.9,4.3,4,Yes,Graduate,No,71.07,High
Male,19,7.0,78.0,47.3,6.1,1,Yes,Graduate,No,68.87,Low
Male,22,3.5,90.2,54.5,4.0,2,No,School,Yes,64.33,Low
Female,22,4.9,72.2,79.7,7.3,2,No,School,No,66.73,Low
Female,22,5.3,74.6,66.2,6.5,6,Yes,Graduate,No,70.6,High
Male,20,3.3,83.5,81.7,4.6,4,Yes,Graduate,Yes,61.63,Low
Female,18,5.0,61.1,66.8,6.7,7,No,School,No,69.83,Low
Male,19,2.7,69.3,70.6,8.5,8,Yes,Graduate,No,66.34,Low
Male,21,2.0,81.2,46.1,5.7,2,Yes,Postgraduate,No,47.64,Low
Male,23,3.6,51.4,82.7,8.9,2,Yes,Graduate,No,61.25,Low
Male,22,6.2,71.8,81.7,8.8,5,Yes,Graduate,No,84.66,High
Female,21,7.4,79.9,56.9,7.9,4,Yes,Graduate,Yes,76.91,High
Male,21,4.2,98.4,58.1,8.1,10,Yes,Graduate,Yes,76.63,High
Male,17,5.5,93.9,52.1,6.1,2,Yes,Postgraduate,Yes,67.52,Low
Female,20,1.7,64.0,84.8,6.0,9,Yes,School,Yes,58.28,Low
Male,19,7.3,75.4,81.1,8.8,9,Yes,Postgraduate,No,84.92,High
Male,20,5.0,52.8,73.5,5.8,10,Yes,School,No,72.25,High
Female,17,6.5,62.0,53.1,4.5,4,No,School,Yes,67.92,Low
Female,19,6.6,88.7,49.5,4.8,2,Yes,Graduate,No,67.01,Low
Female,19,2.8,56.2,42.8,7.6,3,Yes,School,No,45.93,Low
Male,18,4.7,62.9,42.5,5.9,8,Yes,Graduate,Yes,62.79,Low
Female,20,7.7,97.2,50.3,5.0,8,Yes,Graduate,Yes,88.17,High
Female,20,1.6,91.2,45.5,8.1,7,Yes,Graduate,Yes,51.42,Low
Male,18,5.8,89.1,70.6,6.4,4,Yes,School,No,75.21,High
Male,21,7.7,93.2,59.7,6.8,1,Yes,Graduate,Yes,70.0,Low
Male,17,3.1,87.5,64.5,4.8,10,Yes,School,No,64.74,Low
Male,20,7.0,56.0,72.7,5.0,9,Yes,Postgraduate,Yes,79.99,High
Male,18,7.5,75.8,76.3,4.6,7,No,Graduate,Yes,87.35,High
Female,23,6.2,72.2,75.7,6.6,1,Yes,Postgraduate,No,71.16,High
Female,19,2.6,65.6,54.3,7.9,5,Yes,Postgraduate,Yes,58.5,Low
Female,22,3.3,91.7,84.5,7.7,3,Yes,Graduate,No,70.29,High
Male,23,1.3,73.2,90.5,5.3,2,No,Postgraduate,Yes,62.31,Low
Male,18,6.8,53.0,57.4,8.3,3,Yes,Graduate,No,70.99,High
Male,22,6.9,63.7,40.9,4.5,6,No,Graduate,Yes,65.66,Low
Female,21,5.4,61.4,89.5,4.6,7,Yes,Graduate,No,80.68,High
Female,17,3.5,94.4,90.8,8.2,10,Yes,Graduate,No,83.63,High
Male,22,1.5,82.4,42.8,5.2,9,No,Graduate,No,57.04,Low
Female,21,6.3,78.0,40.3,7.5,10,Yes,Graduate,No,80.18,High
Male,22,6.1,75.3,84.9,4.0,7,Yes,Graduate,Yes,87.28,High
Female,19,7.4,82.5,56.6,4.5,1,Yes,Graduate,No,77.98,High
Female,19,6.1,87.7,90.3,7.0,7,Yes,School,Yes,96.25,High
Female,19,6.8,77.7,51.9,4.9,1,Yes,Graduate,Yes,69.8,Low
Male,19,6.2,96.9,87.4,4.1,8,Yes,Graduate,Yes,86.14,High
Female,18,5.4,98.8,43.8,6.3,2,No,Graduate,No,65.63,Low
Female,19,4.0,99.8,54.3,5.7,2,Yes,School,No,57.74,Low
Male,23,7.3,83.5,93.5,8.0,1,Yes,Graduate,No,81.29,High
Female,19,5.6,96.6,52.7,8.1,9,Yes,School,No,80.02,High
Male,23,3.8,70.2,47.3,7.1,8,Yes,School,No,65.83,Low
Male,18,1.6,93.0,87.1,5.5,9,Yes,Graduate,No,66.88,Low
Male,19,3.0,95.5,46.5,6.3,8,Yes,Graduate,No,65.5,Low
Male,21,4.8,95.2,45.4,7.5,4,Yes,School,Yes,57.99,Low
Male,21,2.9,91.5,57.8,4.3,9,Yes,School,Yes,63.6,Low
Female,20,2.5,70.3,74.9,5.7,8,No,Graduate,No,68.31,Low
Male,21,4.7,57.9,79.1,8.1,1,Yes,Graduate,No,63.22,Low
Male,17,2.2,66.7,88.5,6.0,10,Yes,School,Yes,76.67,High
Male,17,6.6,88.4,69.8,7.1,5,No,School,Yes,83.07,High
Male,17,4.4,61.6,61.6,4.5,9,Yes,School,Yes,57.18,Low
Female,18,5.0,73.9,59.7,7.9,8,Yes,Postgraduate,No,74.27,High
Male,21,2.0,78.3,86.6,4.5,1,Yes,Graduate,No,55.76,Low
Female,23,3.3,80.2,79.8,8.3,6,Yes,Postgraduate,Yes,76.87,High
Male,17,3.9,96.8,89.8,4.5,6,No,Graduate,No,68.93,Low
Female,20,6.7,83.1,93.0,8.5,2,Yes,Postgraduate,No,87.74,High
Male,18,6.4,89.3,56.5,5.8,2,No,Graduate,Yes,76.59,High
Male,20,2.6,79.1,69.1,7.1,1,No,Graduate,No,63.05,Low
Female,21,5.3,91.7,74.8,8.2,6,Yes,Graduate,No,78.63,High
Male,19,2.7,63.2,49.0,4.1,9,Yes,School,Yes,60.35,Low
Female,20,7.9,60.5,42.9,5.3,8,Yes,School,Yes,75.87,High
Male,19,7.7,96.3,87.7,8.5,5,No,School,No,100.0,High
Female,18,4.9,84.7,69.5,5.9,8,Yes,Graduate,Yes,79.7,High
Male,20,5.9,83.6,71.4,7.5,2,Yes,Graduate,Yes,73.29,High
Male,20,6.6,73.4,70.5,4.7,6,Yes,Graduate,Yes,77.24,High
Female,22,6.0,68.8,81.5,7.4,2,Yes,Postgraduate,Yes,67.47,Low
Male,18,5.9,77.8,48.0,4.4,8,Yes,Postgraduate,Yes,67.38,Low
Male,18,7.7,56.0,73.8,7.6,2,Yes,Postgraduate,No,74.62,High
Male,17,5.2,72.7,65.8,5.6,5,Yes,Graduate,No,71.98,High
Male,21,5.5,72.8,89.3,6.3,7,Yes,Graduate,No,73.01,High
Male,20,6.9,76.9,68.6,4.8,7,Yes,Graduate,Yes,81.03,High
Male,20,5.7,81.7,91.9,7.1,4,Yes,Graduate,Yes,76.25,High
Female,23,6.1,97.9,59.4,5.7,8,Yes,Graduate,No,72.7,High
Female,18,2.6,82.6,93.2,5.9,7,Yes,Graduate,Yes,66.67,Low
Female,18,3.6,94.2,88.1,7.3,10,Yes,School,No,82.61,High
Male,21,2.0,77.8,72.1,4.9,5,Yes,Graduate,No,59.68,Low
Female,18,4.5,81.3,59.5,8.3,4,Yes,Graduate,No,68.51,Low
Male,19,4.2,53.5,60.7,7.7,2,Yes,Graduate,Yes,55.27,Low
Male,19,8.0,56.7,82.5,6.9,2,No,School,No,76.52,High
Male,22,5.3,79.0,71.9,4.6,4,Yes,School,No,70.02,High
Male,19,6.5,69.8,62.1,7.4,8,No,Graduate,Yes,69.73,Low
Female,19,3.3,89.9,75.0,4.1,6,Yes,School,Yes,67.57,Low
Male,21,6.8,77.2,80.3,8.0,9,Yes,Graduate,No,90.37,High
Female,20,5.3,94.1,41.3,5.5,2,No,Postgraduate,No,55.09,Low
Male,19,5.9,98.6,44.9,4.6,7,Yes,Graduate,No,76.94,High
Female,22,3.1,57.4,45.2,4.8,1,Yes,Graduate,No,37.48,Low
Female,18,4.8,69.7,52.8,8.8,2,Yes,Graduate,No,63.47,Low
Female,19,5.4,83.2,63.5,7.9,9,Yes,Graduate,Yes,73.81,High
Female,22,5.1,65.3,84.2,5.2,8,Yes,Graduate,Yes,79.8,High
Female,21,7.4,63.4,59.3,8.8,9,Yes,Postgraduate,No,82.45,High
Female,23,7.3,90.7,41.0,4.7,7,Yes,Graduate,No,73.19,High
Male,23,7.8,99.0,66.6,7.7,10,Yes,Graduate,No,98.29,High
Female,23,5.7,88.7,94.8,7.3,9,Yes,Graduate,No,82.55,High
Male,18,7.8,76.2,59.2,8.1,4,No,Graduate,Yes,82.04,High
Female,22,6.8,72.1,92.9,5.9,3,Yes,Graduate,No,82.83,High
Male,19,2.9,77.0,45.6,6.0,4,Yes,Graduate,No,52.88,Low
Female,20,4.0,73.1,49.5,7.1,5,Yes,School,No,61.82,Low
Female,18,2.7,75.1,79.8,6.0,10,Yes,School,Yes,62.57,Low
Male,18,1.0,60.2,67.6,4.2,4,Yes,Graduate,No,45.96,Low
Female,23,2.3,95.2,82.1,7.6,4,Yes,Postgraduate,No,65.88,Low
Female,20,1.0,87.7,87.5,7.2,7,No,Postgraduate,No,73.86,High
Female,23,6.0,84.0,53.8,6.1,4,No,Graduate,No,65.4,Low
Male,18,4.0,97.5,77.6,5.5,4,Yes,School,No,61.02,Low
Female,19,3.2,64.2,73.4,5.6,9,No,Postgraduate,Yes,67.65,Low
Male,23,6.3,54.1,87.4,7.7,9,Yes,Graduate,No,83.2,High
Female,23,6.8,91.3,63.7,7.6,5,No,School,No,77.45,High
Female,23,7.8,99.9,42.9,8.1,9,Yes,Postgraduate,Yes,78.53,High
Male,18,5.5,78.9,71.6,7.8,2,Yes,Graduate,No,65.56,Low
Female,19,4.2,52.9,92.7,7.8,5,Yes,Postgraduate,No,67.85,Low
Female,20,3.1,89.0,40.8,5.3,7,Yes,School,Yes,57.73,Low
Male,17,2.6,53.7,53.2,4.5,8,Yes,Postgraduate,No,44.06,Low
Female,20,2.5,77.0,57.4,7.8,5,Yes,Graduate,Yes,64.7,Low
Male,19,3.9,63.9,82.1,4.5,9,Yes,School,Yes,78.65,High
Male,21,7.9,95.8,57.8,8.9,3,Yes,Graduate,No,76.13,High
Male,23,1.0,72.6,53.1,8.4,8,Yes,Graduate,Yes,48.08,Low
Female,20,2.4,94.9,75.7,6.7,9,No,School,No,66.5,Low
Male,21,2.3,65.0,42.6,5.8,7,Yes,Graduate,No,54.56,Low
Male,21,6.0,69.4,49.4,6.6,5,Yes,Graduate,No,66.02,Low
Female,19,3.5,97.4,62.4,7.7,9,No,Graduate,Yes,72.85,High
Male,19,4.2,60.1,59.6,7.8,8,Yes,Graduate,Yes,75.24,High
Female,23,2.0,78.9,59.1,4.4,8,Yes,Graduate,No,59.19,Low
Female,17,3.8,69.4,46.0,8.0,6,Yes,School,No,65.19,Low
Female,22,1.7,88.7,59.8,7.2,2,No,School,No,57.0,Low
Female,18,4.7,56.5,83.9,4.2,4,Yes,Graduate,Yes,67.03,Low
Male,20,1.7,71.9,62.8,5.6,1,Yes,School,No,41.15,Low
Male,19,6.5,84.9,72.2,6.6,10,Yes,Graduate,No,86.43,High
Male,20,5.0,70.4,49.0,4.9,5,Yes,Graduate,No,58.4,Low
Male,22,6.1,52.9,43.8,4.8,10,No,Postgraduate,No,69.81,Low
Male,22,3.9,85.3,88.4,4.1,1,Yes,School,No,69.73,Low
Female,23,3.7,75.2,58.2,8.6,6,Yes,Graduate,Yes,59.48,Low
Male,21,1.7,50.6,59.3,4.3,10,Yes,Graduate,No,53.92,Low
Male,23,4.7,80.6,88.3,5.8,8,Yes,Graduate,Yes,84.54,High
Male,18,4.6,96.0,78.9,5.0,10,Yes,School,Yes,89.56,High
Female,17,4.3,55.6,81.6,7.7,1,Yes,Graduate,Yes,54.2,Low
Female,20,6.2,79.5,77.5,7.5,6,No,Postgraduate,Yes,79.23,High
Male,18,6.8,86.4,45.8,8.0,4,Yes,School,No,73.74,High
Female,17,6.3,53.5,92.7,7.1,9,No,Postgraduate,Yes,84.36,High
Male,20,2.0,51.1,90.0,7.0,8,Yes,Graduate,Yes,61.1,Low
Male,18,5.4,73.2,53.0,6.0,4,Yes,Postgraduate,No,55.51,Low
Female,19,1.6,89.6,84.2,7.2,2,Yes,Postgraduate,No,59.07,Low
Female,20,5.9,58.0,62.5,4.6,6,Yes,School,Yes,61.09,Low
Male,18,3.7,91.8,77.6,7.4,3,Yes,Graduate,Yes,67.62,Low
Male,22,1.9,82.8,49.1,4.5,1,Yes,School,Yes,49.49,Low
Female,17,7.0,66.6,69.6,8.3,7,Yes,School,No,86.44,High
Male,18,5.3,75.8,47.0,6.5,4,Yes,Graduate,Yes,65.45,Low
Female,19,3.5,98.3,69.5,6.7,9,Yes,School,No,85.0,High
Male,23,1.2,60.8,53.4,6.9,10,Yes,Graduate,Yes,63.5,Low
Female,20,4.8,75.0,64.9,7.9,10,Yes,Graduate,No,71.23,High
Male,20,7.5,81.2,76.7,6.4,3,Yes,Graduate,No,80.49,High
Male,20,5.2,56.9,88.2,6.1,10,Yes,Graduate,Yes,86.63,High
Female,19,7.8,52.2,49.1,5.4,10,Yes,Postgraduate,Yes,80.96,High
Male,17,2.0,50.7,89.1,4.6,10,Yes,Postgraduate,No,70.6,High
Male,20,5.0,66.2,61.5,5.0,1,Yes,Graduate,Yes,58.94,Low
Female,17,6.6,53.7,86.4,4.0,2,No,School,Yes,57.7,Low
Male,18,4.7,90.2,68.2,8.3,4,Yes,Graduate,Yes,77.85,High
Male,22,1.6,99.9,87.4,7.8,7,Yes,Graduate,No,72.97,High
Male,22,5.1,53.1,76.5,5.1,8,Yes,School,No,67.02,Low
Female,17,5.3,71.6,68.0,4.0,4,Yes,Graduate,Yes,64.43,Low
Female,17,6.1,51.3,57.2,6.5,3,Yes,School,No,64.73,Low
Female,22,6.3,56.7,93.3,6.1,10,Yes,Graduate,No,78.75,High
Male,20,6.4,66.1,84.0,7.9,9,Yes,Postgraduate,No,93.58,High
Male,21,5.6,69.7,61.0,6.0,8,Yes,Postgraduate,No,71.08,High
Male,21,2.5,97.0,49.2,8.3,6,No,Postgraduate,Yes,56.48,Low
Male,19,3.8,69.8,82.9,4.5,9,Yes,School,No,81.14,High
Female,23,6.4,74.8,94.4,5.8,8,Yes,School,Yes,80.75,High
Male,22,7.7,62.3,55.3,8.7,7,Yes,School,No,75.81,High
Male,22,1.6,50.0,90.4,4.1,6,Yes,Graduate,No,57.41,Low
Male,19,4.7,95.0,46.9,6.0,10,Yes,School,No,73.05,High
Female,21,3.2,54.1,92.4,5.3,3,Yes,Postgraduate,No,60.53,Low
Male,18,2.6,98.2,81.0,6.7,6,Yes,School,Yes,71.26,High
Male,20,4.5,56.5,59.1,5.4,4,Yes,Graduate,No,57.05,Low
Male,20,5.2,80.2,56.8,8.3,5,No,Postgraduate,Yes,65.45,Low
Male,18,1.1,100.0,75.4,8.7,7,Yes,Postgraduate,Yes,78.78,High
Male,18,6.5,56.9,72.6,8.2,7,Yes,Graduate,No,87.83,High
Female,21,6.7,71.2,90.5,6.0,9,No,Graduate,Yes,85.38,High
Male,19,7.8,89.0,82.1,8.9,9,No,Graduate,No,92.06,High
Male,18,2.3,51.6,69.7,7.7,6,Yes,Graduate,Yes,60.22,Low
Male,19,5.2,84.5,91.0,5.8,6,Yes,Graduate,Yes,80.85,High
Male,23,4.0,54.0,72.6,4.5,2,Yes,Graduate,No,43.18,Low
Male,17,3.3,61.8,86.7,7.3,8,Yes,Graduate,Yes,67.77,Low
Male,20,5.0,58.0,86.3,7.6,3,Yes,Graduate,No,58.47,Low
Male,21,6.5,95.4,90.6,4.6,1,Yes,School,No,75.24,High
Male,20,1.2,59.0,43.7,6.7,4,Yes,School,No,45.85,Low
Male,21,7.8,52.0,72.1,8.9,5,Yes,Graduate,No,81.18,High
Male,17,6.7,79.4,65.8,5.6,3,Yes,Graduate,No,62.4,Low
Female,20,6.3,67.3,67.0,5.5,7,Yes,Graduate,No,73.18,High
Female,17,6.3,70.3,65.3,8.5,5,No,Postgraduate,No,76.81,High
Female,21,3.7,56.0,86.1,4.6,10,Yes,Postgraduate,Yes,76.74,High
Female,18,6.3,87.4,57.5,8.7,5,Yes,School,No,76.48,High
Male,23,3.7,80.1,65.5,7.9,6,Yes,Graduate,Yes,69.04,Low
Female,20,7.3,68.2,51.0,6.0,6,Yes,Graduate,No,70.21,High
Female,17,2.2,58.6,53.8,4.4,9,Yes,Postgraduate,No,51.54,Low
Male,22,3.0,79.7,76.3,4.1,3,No,Postgraduate,No,56.88,Low
Female,20,4.9,88.9,46.4,5.9,8,Yes,Graduate,No,69.29,Low
Female,20,3.2,65.6,50.3,7.5,7,No,School,Yes,51.01,Low
Male,20,4.0,51.3,69.0,6.4,9,Yes,Graduate,No,60.59,Low
Male,19,4.4,60.7,42.4,7.7,5,Yes,School,No,59.78,Low
Male,17,7.0,84.1,47.0,7.4,7,Yes,Graduate,No,76.22,High
Female,17,4.7,99.5,87.5,6.9,8,Yes,School,Yes,78.93,High
Female,20,3.5,50.7,86.5,8.8,9,Yes,Postgraduate,No,72.69,High
Male,18,2.7,65.3,59.1,7.6,8,Yes,Graduate,Yes,57.77,Low
Male,20,3.9,53.1,59.1,8.6,2,Yes,Graduate,No,57.33,Low
Female,19,4.6,65.8,91.5,5.2,6,Yes,Postgraduate,Yes,73.94,High
Male,21,6.2,70.3,41.4,7.6,4,Yes,Postgraduate,No,63.84,Low
Female,19,1.8,96.0,71.9,7.0,4,No,Graduate,No,55.41,Low
Male,18,2.6,54.0,72.9,8.6,9,Yes,Graduate,No,61.06,Low
Male,20,3.7,88.9,83.3,6.6,7,Yes,Graduate,No,71.13,High
Female,17,3.5,69.8,92.3,5.4,6,Yes,Postgraduate,Yes,64.26,Low
Male,23,3.7,90.6,59.6,5.9,2,Yes,Graduate,No,60.02,Low
Male,22,6.6,75.7,64.1,5.1,1,Yes,School,No,68.64,Low
Male,20,3.3,52.0,76.9,5.1,10,Yes,School,No,72.19,High
Female,18,4.5,97.3,93.2,6.4,4,Yes,Graduate,No,77.22,High
Male,17,5.4,54.1,89.0,8.5,9,Yes,Graduate,No,81.33,High
Male,19,2.6,79.9,76.7,5.0,4,Yes,School,Yes,56.44,Low
Male,21,6.0,93.9,87.1,5.4,2,No,Graduate,No,76.11,High
Male,21,4.8,54.0,44.7,8.3,8,Yes,School,Yes,65.66,Low
Male,23,4.1,77.7,60.7,5.7,6,Yes,Postgraduate,Yes,64.4,Low
Male,20,6.7,91.2,40.7,8.8,1,Yes,Graduate,Yes,78.58,High
Female,19,2.7,99.3,49.8,5.3,4,Yes,Graduate,No,52.53,Low
Female,23,7.2,86.2,74.7,6.2,10,Yes,Graduate,No,81.22,High
Male,22,4.9,63.9,88.7,4.5,5,Yes,School,Yes,66.82,Low
Female,22,5.3,85.0,74.8,9.0,1,Yes,Graduate,Yes,78.93,High
Female,23,7.1,85.3,76.5,8.5,2,Yes,Postgraduate,Yes,87.05,High
Male,18,6.7,85.0,45.7,8.1,9,Yes,School,No,77.54,High
Female,21,5.2,92.7,76.6,4.8,1,Yes,Graduate,Yes,69.0,Low
Female,19,6.3,54.4,65.0,8.8,8,Yes,School,Yes,81.71,High
Female,20,4.0,55.4,75.8,8.6,9,Yes,Graduate,Yes,77.88,High
Female,17,4.8,82.0,57.9,6.2,2,Yes,Postgraduate,No,51.03,Low
Female,20,1.4,97.7,72.0,7.4,2,Yes,Graduate,Yes,58.77,Low
Female,20,1.6,73.3,63.3,9.0,7,Yes,Graduate,No,67.06,Low
Female,19,6.8,98.0,70.7,6.0,10,No,School,No,91.2,High
Female,21,1.4,96.9,48.1,4.6,9,Yes,Graduate,Yes,48.17,Low
Male,19,2.2,95.1,61.8,8.3,10,Yes,Postgraduate,No,80.6,High
Male,17,6.6,95.5,60.6,6.4,9,Yes,Postgraduate,No,87.1,High
Female,23,1.0,94.9,80.5,8.9,3,Yes,Graduate,Yes,53.33,Low
Female,19,3.0,91.0,78.9,6.8,7,Yes,Postgraduate,No,68.46,Low
Male,18,5.1,84.7,90.0,4.1,6,Yes,Graduate,No,81.17,High
Female,20,5.2,51.2,74.8,6.5,8,Yes,Postgraduate,No,70.01,High
Female,21,6.4,56.6,57.3,7.6,8,Yes,School,No,80.59,High
Male,22,4.5,56.7,83.1,4.1,8,Yes,School,No,74.85,High
Male,17,4.6,51.2,67.3,6.1,8,Yes,Graduate,No,69.32,Low
Male,22,6.1,55.8,50.6,4.8,10,Yes,Graduate,No,66.35,Low
Female,20,4.5,96.0,81.1,7.2,6,Yes,Graduate,No,79.46,High
Female,19,5.3,83.2,47.3,8.8,9,Yes,School,Yes,85.1,High
Male,22,7.3,65.6,49.8,7.1,5,Yes,Graduate,Yes,75.22,High
Male,18,3.8,89.7,81.7,7.5,4,Yes,School,No,74.9,High
Female,19,3.7,74.4,82.4,6.0,7,Yes,School,No,64.06,Low
Male,20,1.0,57.1,83.5,6.8,3,Yes,School,No,49.93,Low
Female,22,5.3,94.2,56.1,6.7,8,Yes,Postgraduate,No,75.83,High
Female,23,1.2,66.9,87.7,7.8,8,Yes,School,Yes,64.74,Low
Male,17,4.5,84.9,79.7,8.3,5,Yes,School,Yes,79.81,High
Male,22,6.6,64.5,85.9,7.3,10,Yes,Graduate,No,81.77,High
Female,23,4.8,75.0,79.0,8.9,8,Yes,Graduate,Yes,80.16,High
Male,23,2.9,90.8,71.9,8.1,3,Yes,Graduate,No,64.65,Low
Male,22,6.5,57.8,46.0,4.6,3,Yes,Graduate,Yes,67.44,Low
Male,21,2.9,98.9,79.1,6.5,4,Yes,School,Yes,68.91,Low
Male,22,6.1,53.5,78.0,8.5,9,No,Graduate,Yes,77.83,High
Female,20,5.3,76.7,57.2,8.7,5,Yes,School,Yes,59.41,Low
Female,23,2.2,95.8,80.5,5.9,6,No,School,No,66.31,Low
Female,17,7.3,97.3,70.3,7.6,4,Yes,Postgraduate,No,83.57,High
Female,20,2.4,61.6,70.8,6.1,9,Yes,Graduate,Yes,62.26,Low
Male,18,7.9,57.2,60.2,4.6,4,Yes,Graduate,No,78.16,High
Male,19,1.1,86.2,46.4,8.4,3,Yes,School,Yes,51.93,Low
Female,22,2.8,52.1,51.9,8.7,2,Yes,Graduate,No,46.36,Low
Female,21,2.4,74.3,82.3,6.5,3,Yes,Graduate,No,57.35,Low
Male,17,1.1,89.8,54.9,4.1,1,Yes,School,No,45.35,Low
Female,21,6.1,78.0,40.1,8.1,8,Yes,Postgraduate,Yes,66.75,Low
Female,21,5.9,59.4,94.8,6.4,1,Yes,School,Yes,70.72,High
Male,21,6.5,74.4,51.6,4.4,6,No,Graduate,Yes,69.74,Low
Female,22,2.8,96.1,76.0,4.9,2,Yes,Graduate,No,57.48,Low
Male,17,4.1,80.9,91.0,4.8,3,Yes,Postgraduate,Yes,68.03,Low
Male,17,5.6,86.1,73.0,7.4,9,Yes,Graduate,Yes,78.2,High
Female,23,4.1,66.8,83.9,5.5,9,Yes,School,No,86.64,High
Male,21,5.9,59.4,93.7,4.6,6,No,Postgraduate,Yes,85.66,High
Female,23,5.4,62.8,87.3,8.6,7,Yes,School,No,77.97,High
Male,23,1.8,76.7,70.7,8.8,5,Yes,Graduate,No,55.0,Low
Female,19,6.5,64.0,60.0,4.7,7,Yes,School,No,57.17,Low
Female,22,6.0,77.1,66.5,5.2,6,Yes,Postgraduate,Yes,66.42,Low
Female,22,5.6,85.4,86.3,7.0,5,Yes,Postgraduate,Yes,84.64,High
Male,20,2.1,86.7,86.9,4.8,3,Yes,Graduate,No,60.44,Low
Male,23,2.9,58.2,86.5,4.8,2,No,Graduate,No,58.33,Low
Female,22,3.8,87.5,72.8,5.7,5,Yes,School,Yes,70.58,High
Male,21,3.0,83.6,66.2,8.7,8,Yes,School,No,67.09,Low
Female,18,2.6,50.6,57.1,8.8,5,Yes,Graduate,No,59.65,Low
Female,21,6.6,52.9,40.2,8.2,3,Yes,School,No,64.28,Low
Male,17,5.5,82.3,82.0,7.5,10,Yes,School,Yes,84.61,High
Female,22,5.0,69.2,55.2,7.6,3,Yes,School,No,62.03,Low
Male,22,2.6,57.3,58.1,6.3,5,Yes,School,Yes,58.68,Low
Female,20,7.4,52.2,86.4,6.7,9,Yes,Graduate,Yes,90.18,High
Male,23,2.3,58.0,42.9,7.2,8,Yes,School,Yes,45.5,Low
Female,18,6.6,97.9,91.0,7.7,7,No,Postgraduate,Yes,97.73,High
Female,22,7.8,86.4,40.1,4.5,5,Yes,School,Yes,73.99,High
Male,20,6.1,76.4,91.7,5.1,9,Yes,Graduate,Yes,83.68,High
Female,20,8.0,97.1,65.0,8.8,2,Yes,School,No,78.28,High
Female,18,5.6,81.0,45.6,5.7,6,Yes,Graduate,Yes,65.8,Low
Male,21,2.5,86.3,77.1,5.3,7,Yes,School,Yes,66.09,Low
Female,21,2.4,64.1,89.3,6.1,7,Yes,School,No,61.24,Low
Male,21,3.3,79.4,64.1,5.5,4,Yes,School,No,61.39,Low
Female,19,1.0,57.2,78.0,4.5,2,No,Graduate,Yes,40.42,Low
Male,23,5.8,70.2,93.9,5.0,1,Yes,Graduate,No,59.73,Low
Female,23,2.9,51.7,53.2,7.2,1,Yes,Graduate,Yes,46.93,Low
Female,21,6.7,60.8,85.1,5.1,3,Yes,Postgraduate,No,76.77,High
Female,18,3.5,53.7,56.2,7.2,7,No,School,Yes,63.71,Low
Male,19,4.4,69.4,63.4,4.5,5,Yes,School,Yes,68.41,Low
Male,23,7.8,92.2,55.5,4.2,7,Yes,Graduate,No,72.83,High
Male,21,2.7,68.9,64.5,8.3,9,Yes,School,No,66.86,Low
Male,19,6.0,91.6,40.3,7.8,8,No,School,No,78.73,High
Female,18,6.3,82.8,56.7,7.3,1,Yes,Graduate,No,67.86,Low
Female,21,2.5,75.5,64.5,4.2,4,Yes,Graduate,Yes,54.34,Low
Male,17,4.5,61.8,74.8,5.2,5,Yes,School,No,67.94,Low
Male,22,3.5,96.1,75.1,8.1,7,Yes,Postgraduate,Yes,79.91,High
Male,18,6.4,52.7,72.1,4.7,8,Yes,Graduate,No,74.55,High
Female,20,5.4,84.4,56.1,8.1,8,No,Postgraduate,Yes,76.83,High
Male,20,4.3,81.1,92.1,6.9,4,Yes,Graduate,Yes,70.49,High
Male,18,6.5,72.1,61.6,7.7,7,Yes,Graduate,No,73.08,High
Female,20,2.6,62.0,51.9,7.2,2,Yes,Postgraduate,No,40.98,Low
Female,23,6.3,71.5,70.5,6.1,9,Yes,Graduate,No,71.08,High
Male,18,7.1,93.6,81.2,5.5,6,No,Postgraduate,Yes,88.75,High
Female,17,7.2,91.8,40.7,7.4,4,Yes,Graduate,Yes,72.04,High
Male,18,6.5,97.1,55.2,8.0,6,Yes,Graduate,No,78.23,High
Female,21,3.9,65.4,85.4,4.2,7,Yes,Graduate,No,72.58,High
Male,21,7.9,69.4,67.9,5.9,10,Yes,School,No,95.98,High
Male,19,3.7,50.9,62.5,5.8,8,Yes,Graduate,Yes,62.02,Low
Male,20,5.5,97.1,91.2,6.8,4,Yes,School,Yes,75.57,High
Male,22,2.1,66.5,44.9,4.6,9,Yes,Graduate,No,53.59,Low
Female,20,7.9,70.2,73.9,8.7,6,Yes,Postgraduate,No,89.82,High
Female,23,5.9,95.4,58.8,6.7,1,Yes,Graduate,No,59.8,Low
Female,18,6.3,76.3,43.9,8.6,3,Yes,Graduate,No,72.67,High
Female,22,1.5,78.3,51.8,8.1,1,Yes,Graduate,Yes,42.21,Low
Male,22,6.3,58.8,74.5,5.0,6,Yes,Graduate,Yes,80.41,High
Male,20,6.4,74.9,41.6,4.7,6,Yes,Graduate,No,66.07,Low
Female,22,5.7,95.9,72.6,8.3,7,Yes,School,No,77.84,High
Female,22,3.0,77.9,92.6,6.7,1,Yes,Graduate,No,66.37,Low
Female,21,4.4,62.8,83.7,4.1,1,Yes,Graduate,Yes,57.42,Low
Female,17,1.8,51.6,59.0,8.7,5,Yes,Graduate,No,39.7,Low
Female,18,4.3,66.8,47.6,6.4,5,Yes,Graduate,No,57.36,Low
Male,20,2.7,78.6,65.6,5.5,1,Yes,School,No,61.45,Low
Male,21,3.4,52.1,61.6,6.6,7,Yes,Graduate,No,55.67,Low
Male,23,2.1,80.5,93.4,8.1,7,Yes,School,No,62.52,Low
Female,23,2.6,76.2,94.4,4.6,6,No,Graduate,No,62.22,Low
Female,19,1.5,89.2,62.6,5.8,7,Yes,Graduate,No,55.98,Low
Female,22,7.4,51.4,48.2,5.6,6,Yes,Graduate,Yes,76.49,High
Female,22,4.7,89.0,90.1,8.2,10,Yes,Graduate,Yes,78.07,High
Male,20,3.8,76.0,83.6,7.9,2,No,Graduate,No,64.79,Low
Male,17,4.7,68.5,68.1,6.0,5,No,School,No,59.81,Low
Female,17,5.4,98.3,60.1,7.3,7,No,Postgraduate,Yes,79.4,High
Male,20,7.5,58.0,64.6,6.0,2,Yes,Graduate,Yes,75.3,High
Male,20,2.3,77.1,89.6,6.9,5,Yes,Graduate,Yes,67.98,Low
Female,21,3.1,66.0,50.2,9.0,3,No,School,Yes,55.01,Low
Female,23,7.8,76.4,84.4,6.7,9,No,Graduate,No,86.15,High
Female,20,3.6,77.6,41.0,8.9,10,Yes,Graduate,Yes,63.94,Low
Female,23,1.2,54.5,90.6,7.7,1,Yes,School,Yes,52.31,Low
Female,19,2.0,83.1,67.5,4.6,7,No,Postgraduate,No,66.94,Low
Female,23,1.2,81.7,52.5,8.0,10,No,Graduate,No,53.74,Low
Male,21,7.9,88.5,40.2,4.8,4,Yes,Graduate,No,68.4,Low
Male,22,3.0,54.5,70.8,6.7,5,Yes,School,No,59.61,Low
Female,22,7.5,64.9,53.4,7.1,1,Yes,Postgraduate,Yes,73.97,High
Male,23,8.0,82.5,74.7,8.5,5,Yes,School,No,83.54,High
Female,22,5.2,56.8,55.5,5.1,8,Yes,School,No,77.02,High
Female,22,1.2,83.9,44.8,8.4,6,Yes,Graduate,Yes,49.22,Low
Female,18,1.6,53.0,67.8,8.7,2,Yes,School,Yes,43.41,Low
Female,19,4.4,66.7,71.0,4.4,2,Yes,Graduate,No,57.82,Low
Male,21,3.8,92.3,64.9,8.4,9,Yes,Graduate,Yes,70.78,High
Female,21,5.2,88.7,65.2,5.3,1,Yes,Graduate,Yes,65.65,Low
Male,22,4.1,82.2,72.4,4.4,2,Yes,School,Yes,66.08,Low
Female,17,7.5,93.5,68.9,8.8,8,Yes,Graduate,No,93.94,High
Female,21,4.7,85.5,47.3,6.0,6,Yes,School,No,68.98,Low
Female,19,5.9,76.0,50.8,7.1,3,Yes,Graduate,Yes,63.82,Low
Male,20,7.3,99.0,47.8,6.8,3,Yes,Postgraduate,Yes,75.09,High
Female,19,2.0,84.7,78.1,5.1,9,Yes,Graduate,Yes,59.25,Low
Female,22,2.6,80.1,69.1,7.3,2,Yes,Graduate,No,52.26,Low
Female,22,1.8,70.4,63.6,4.2,10,Yes,School,Yes,64.46,Low
Male,18,2.0,95.1,83.9,5.0,5,Yes,School,Yes,63.66,Low
Male,23,4.6,64.8,57.9,8.7,7,Yes,School,Yes,67.66,Low
Male,21,3.2,50.5,71.2,8.8,6,Yes,Graduate,No,63.9,Low
Female,23,4.0,59.8,44.1,6.4,1,Yes,School,No,38.39,Low
Male,23,7.9,55.5,80.9,4.8,10,Yes,Graduate,No,88.29,High
Female,21,2.1,65.9,78.2,6.1,3,Yes,School,Yes,53.37,Low
Male,21,4.8,91.3,84.1,8.4,5,Yes,Postgraduate,No,82.55,High
Male,22,1.7,82.6,88.6,4.4,3,Yes,Graduate,Yes,58.25,Low
Female,21,3.2,58.4,81.7,4.6,3,Yes,Graduate,No,53.23,Low
Male,17,4.7,89.4,86.4,8.5,5,No,Postgraduate,No,77.32,High
Female,17,7.6,75.2,59.0,6.1,8,Yes,Postgraduate,No,75.11,High
Female,20,3.7,75.6,58.9,4.4,10,Yes,Postgraduate,Yes,73.54,High
Male,21,1.5,68.1,91.9,4.7,8,Yes,Graduate,Yes,65.74,Low
Female,18,3.7,93.2,90.3,8.4,8,Yes,Graduate,No,86.39,High
Female,20,2.0,65.9,70.2,6.5,6,No,Graduate,No,62.13,Low
Male,22,2.6,54.7,60.2,4.8,9,No,Graduate,No,53.85,Low
Male,21,5.3,65.1,87.6,8.5,5,Yes,Graduate,No,77.33,High
Female,17,1.5,85.8,57.8,8.2,10,Yes,School,Yes,65.52,Low
Male,18,4.3,82.9,48.4,4.1,7,No,Postgraduate,No,66.38,Low
Female,20,5.3,59.4,75.2,6.9,1,Yes,Postgraduate,Yes,67.52,Low
Female,18,4.0,55.6,42.3,5.2,4,Yes,School,No,48.73,Low
Male,21,1.1,83.0,60.9,6.7,1,Yes,School,No,50.57,Low
Male,19,7.9,83.8,84.4,5.4,10,Yes,School,No,95.82,High
Male,18,3.6,68.3,56.2,5.6,2,No,Graduate,No,49.09,Low
Male,18,6.5,92.1,91.2,7.0,6,No,School,Yes,84.73,High
Female,22,3.3,98.9,92.6,6.7,1,No,Graduate,Yes,72.03,High
Female,17,4.3,60.3,84.9,6.0,9,Yes,School,Yes,73.8,High
Male,21,3.7,78.9,94.3,4.5,6,Yes,Graduate,No,71.92,High
Male,18,3.4,50.3,69.2,8.8,8,No,Graduate,Yes,61.78,Low
Female,21,1.2,85.7,71.3,4.9,10,Yes,Graduate,No,68.5,Low
Female,17,3.5,70.7,86.0,7.2,10,Yes,Graduate,Yes,82.79,High
Female,22,7.2,59.7,67.1,4.4,8,Yes,Postgraduate,No,74.24,High
Female,21,5.8,87.6,62.4,7.4,2,Yes,Graduate,No,73.92,High
Male,23,2.0,90.5,73.8,4.5,2,No,Postgraduate,No,58.94,Low
Female,17,5.1,55.6,76.2,5.1,3,Yes,Postgraduate,No,61.38,Low
Female,17,7.2,52.0,81.3,7.2,8,Yes,School,No,80.09,High
Male,20,5.9,66.7,76.8,5.4,8,Yes,School,No,80.88,High
Female,22,2.0,81.3,81.0,6.7,5,Yes,Graduate,No,54.15,Low
Female,22,7.1,89.7,77.1,4.6,2,Yes,School,Yes,66.43,Low
Male,23,3.1,77.3,66.4,5.0,4,Yes,Graduate,No,65.06,Low
Male,21,4.2,79.0,47.4,7.7,4,No,Graduate,No,60.77,Low
Male,19,4.7,90.0,83.2,4.2,7,Yes,School,Yes,78.63,High
Female,23,7.0,76.4,41.7,4.6,4,Yes,Graduate,No,78.69,High
Female,20,7.5,80.6,94.6,5.1,10,Yes,School,Yes,95.73,High
Male,22,7.5,75.8,85.6,4.1,6,Yes,School,Yes,86.12,High
Male,17,1.1,94.0,76.9,4.5,2,Yes,Graduate,No,52.73,Low
Female,22,7.5,61.8,93.2,5.4,2,Yes,School,Yes,76.52,High
Male,23,1.4,63.2,73.7,4.5,5,No,Graduate,No,46.51,Low
Male,19,2.9,56.4,43.1,8.3,1,Yes,Graduate,No,48.56,Low
Male,18,4.6,91.0,70.8,4.3,2,Yes,School,No,65.74,Low
Female,18,4.4,70.6,55.2,8.3,3,Yes,School,No,56.34,Low
Female,22,5.2,67.4,60.3,8.1,9,Yes,Graduate,Yes,78.84,High
Female,22,4.4,99.1,65.3,4.5,9,Yes,Graduate,Yes,72.47,High
Female,20,7.5,96.3,82.6,4.1,7,Yes,Graduate,No,89.2,High
Female,22,2.7,98.6,67.7,4.2,5,Yes,Postgraduate,No,65.4,Low
Female,19,2.9,57.1,66.1,7.0,2,Yes,School,Yes,54.09,Low
Male,22,7.4,94.6,56.6,7.4,2,No,School,No,75.06,High
Female,21,1.5,66.4,69.7,7.1,8,Yes,Graduate,No,52.68,Low
Female,23,5.3,50.6,53.7,6.7,3,Yes,Graduate,Yes,59.89,Low
Male,19,5.8,69.6,54.4,4.9,7,Yes,Graduate,No,73.87,High
Female,20,4.5,75.5,81.6,8.2,6,Yes,Graduate,No,69.14,Low
Female,21,5.9,55.4,58.8,5.6,6,Yes,Graduate,Yes,60.33,Low
Male,21,2.2,76.9,42.8,8.9,3,Yes,Graduate,No,57.87,Low
Male,23,7.0,91.0,58.9,5.9,6,Yes,Graduate,Yes,73.9,High
Male,18,2.0,68.9,75.1,5.3,4,Yes,Postgraduate,No,52.89,Low
Female,19,3.8,67.6,84.8,8.5,1,Yes,School,Yes,62.7,Low
Male,23,1.5,66.9,92.9,6.8,8,Yes,Graduate,Yes,70.22,High
Female,21,4.8,96.2,81.0,7.6,9,Yes,Graduate,No,76.78,High
Female,20,5.7,52.4,63.6,6.0,3,Yes,Postgraduate,No,61.49,Low
Female,23,7.6,72.3,56.5,8.4,1,Yes,Postgraduate,No,65.97,Low
Female,18,6.2,63.2,47.1,8.6,1,No,Graduate,Yes,72.02,High
Male,21,4.8,94.7,74.5,6.2,1,Yes,Graduate,No,65.19,Low
Male,23,7.5,54.8,68.0,5.2,9,Yes,Graduate,No,75.2,High
Female,19,4.3,70.6,77.3,7.2,10,Yes,Graduate,No,73.15,High
Male,18,4.9,70.3,53.0,8.8,5,Yes,School,Yes,64.94,Low
Female,19,5.2,94.4,57.8,7.1,3,Yes,School,No,69.4,Low
Female,19,3.9,60.8,56.1,8.8,10,Yes,Postgraduate,No,71.95,High
Female,19,6.9,82.2,83.9,5.7,9,Yes,School,No,84.44,High
Male,23,2.3,56.7,49.4,8.6,10,Yes,School,No,55.17,Low
Female,18,4.9,97.7,73.5,4.6,9,Yes,Postgraduate,Yes,68.96,Low
Female,23,6.1,79.7,42.8,5.8,6,Yes,School,No,62.58,Low
Male,23,7.3,81.3,70.2,6.5,5,Yes,School,Yes,77.44,High
Male,23,7.2,71.7,43.5,7.3,1,Yes,Postgraduate,No,72.7,High
Male,21,4.6,67.1,49.7,5.5,6,Yes,Graduate,No,61.61,Low
Male,22,5.5,60.6,46.2,8.6,5,Yes,Graduate,No,62.35,Low
Female,17,3.8,80.2,59.1,8.5,9,No,Graduate,No,78.65,High
Male,21,4.3,97.7,58.9,8.0,7,No,Postgraduate,No,71.59,High
Female,18,7.3,68.0,85.5,4.6,3,No,School,No,73.36,High
Male,17,7.5,94.2,52.4,4.4,5,Yes,School,No,72.41,High
Male,17,7.3,57.4,44.8,6.5,6,Yes,Graduate,Yes,64.07,Low
Male,17,2.0,96.8,73.2,7.8,2,Yes,Graduate,Yes,56.11,Low
Male,22,7.0,67.5,77.8,4.6,7,No,School,No,80.2,High
Male,23,7.6,69.0,56.2,7.2,9,Yes,Graduate,Yes,80.79,High
Male,20,3.5,73.1,73.2,6.6,10,Yes,Postgraduate,Yes,77.42,High
Female,18,4.6,85.9,82.7,7.6,9,Yes,School,No,83.17,High
Male,22,6.5,86.0,59.1,6.2,5,Yes,School,No,79.56,High
Male,22,4.9,74.0,68.9,7.5,8,Yes,School,Yes,81.49,High
Male,20,8.0,76.2,48.1,4.8,9,Yes,Graduate,Yes,83.8,High
Male,17,4.2,51.5,41.3,5.1,6,Yes,School,No,49.32,Low
Female,23,6.0,65.2,94.0,8.5,4,Yes,Graduate,Yes,78.85,High
Male,20,6.5,67.3,56.5,5.6,4,Yes,Postgraduate,No,73.68,High
Male,20,4.5,77.9,55.3,8.9,3,Yes,School,Yes,70.94,High
Male,22,7.0,77.9,93.5,4.2,9,Yes,Graduate,Yes,90.38,High
Male,18,4.8,85.5,80.1,6.5,10,Yes,Graduate,No,92.0,High
Female,19,3.9,85.9,72.2,5.6,6,Yes,Graduate,Yes,66.94,Low
Male,23,1.8,61.8,78.5,9.0,8,Yes,Graduate,Yes,66.15,Low
Female,20,3.8,88.5,79.0,9.0,2,No,School,No,61.69,Low
Male,23,6.1,51.0,82.0,5.2,4,Yes,Graduate,No,71.25,High
Female,20,7.4,85.8,43.7,5.3,2,Yes,Postgraduate,Yes,71.91,High
Female,17,2.8,55.1,62.7,7.7,3,Yes,Graduate,No,59.96,Low
Male,23,3.5,86.5,56.2,8.4,2,Yes,Postgraduate,No,45.93,Low
Male,17,2.1,76.4,43.9,7.3,9,Yes,Graduate,No,50.44,Low
Female,22,5.8,71.9,62.7,8.3,9,Yes,Graduate,Yes,75.86,High
Female,17,7.7,84.5,73.9,4.3,6,Yes,Graduate,No,71.77,High
Male,23,5.5,51.8,49.8,7.2,7,Yes,School,No,66.01,Low
Female,21,5.3,61.2,56.8,7.5,5,Yes,School,Yes,74.18,High
Female,23,4.9,80.8,75.2,5.0,10,Yes,Graduate,No,76.78,High
Female,20,1.6,92.4,71.9,7.9,1,Yes,Postgraduate,Yes,60.16,Low
Male,17,6.1,69.1,87.8,8.7,4,Yes,School,Yes,79.36,High
Female,18,5.2,62.9,83.5,8.5,4,No,Postgraduate,Yes,68.76,Low
Female,21,5.6,75.9,93.1,5.2,8,Yes,Postgraduate,No,76.88,High
Female,22,7.3,81.1,72.8,5.6,5,Yes,Graduate,Yes,83.8,High
Male,19,6.5,71.0,78.4,6.5,3,Yes,Graduate,No,78.09,High
Male,20,6.5,93.8,87.3,4.8,1,Yes,Graduate,Yes,77.55,High
Female,20,7.5,76.2,86.2,8.8,1,Yes,Graduate,No,82.5,High
Male,18,7.9,51.8,79.5,4.8,5,Yes,School,Yes,87.42,High
Female,19,5.1,61.2,67.5,7.8,8,Yes,Graduate,No,80.43,High
Male,19,1.8,72.5,55.0,5.7,9,Yes,School,No,50.95,Low
Male,22,4.2,84.9,88.2,6.9,10,Yes,Postgraduate,Yes,74.36,High
Female,22,6.5,61.0,82.7,4.2,10,Yes,School,No,85.66,High
Male,21,1.2,98.8,86.1,5.0,2,Yes,Graduate,No,50.56,Low
Male,20,1.4,65.9,47.7,6.2,5,Yes,Graduate,Yes,48.83,Low
Male,17,1.5,76.6,57.3,7.4,4,Yes,Graduate,Yes,57.12,Low
Female,22,6.1,50.9,63.4,7.9,3,No,Postgraduate,No,62.34,Low
Male,18,4.5,94.2,86.1,4.2,8,Yes,Graduate,No,78.64,High
Male,18,3.6,89.4,89.1,4.8,2,Yes,School,No,70.01,High
Female,18,1.7,59.8,55.7,7.6,2,Yes,Graduate,No,43.73,Low
Male,23,6.1,96.7,77.8,8.1,5,Yes,Postgraduate,No,87.26,High
Male,22,3.2,65.8,44.3,5.2,10,Yes,Graduate,No,58.22,Low
Male,22,2.9,84.6,62.5,5.1,10,Yes,Graduate,Yes,69.6,Low
Male,18,5.6,90.9,66.8,4.4,10,No,Graduate,No,72.45,High
Male,22,4.9,87.0,82.1,4.8,1,Yes,Graduate,No,68.25,Low
Female,23,3.5,95.9,89.1,4.0,7,Yes,Graduate,No,77.0,High
Female,17,5.5,93.2,58.6,6.9,9,Yes,School,Yes,75.36,High
Male,17,2.9,99.7,69.0,8.5,2,Yes,Graduate,No,60.23,Low
Male,21,6.6,59.1,75.6,4.7,10,Yes,Graduate,Yes,85.69,High
Male,20,2.6,65.2,58.1,7.8,1,Yes,Postgraduate,No,53.63,Low
Female,17,2.1,81.8,94.2,6.9,9,Yes,Postgraduate,Yes,74.19,High
Female,21,6.5,86.7,88.2,8.7,2,Yes,School,No,84.37,High
Male,19,6.0,76.7,56.3,8.0,9,Yes,Graduate,Yes,69.55,Low
Male,20,2.3,53.7,67.9,8.3,8,No,Graduate,No,60.92,Low
Female,17,1.8,92.1,52.7,7.2,7,Yes,Graduate,Yes,54.78,Low
Male,23,6.9,98.0,68.3,8.1,1,Yes,School,No,77.1,High
Female,19,6.4,70.3,77.6,5.8,4,Yes,School,Yes,67.22,Low
Female,21,3.3,61.2,44.7,5.0,7,Yes,Graduate,No,57.27,Low
Male,17,5.6,51.0,87.9,8.6,6,Yes,Graduate,Yes,71.07,High
Female,17,1.9,61.9,72.7,7.7,1,Yes,School,No,64.07,Low
Male,22,4.5,85.0,94.4,4.5,7,Yes,Graduate,No,77.91,High
Male,19,1.1,95.6,41.4,8.3,2,No,School,No,44.74,Low
Male,17,3.7,54.7,85.7,5.7,8,Yes,Graduate,No,68.27,Low
Male,18,1.5,77.7,83.6,5.5,2,Yes,Graduate,Yes,46.53,Low
Male,23,4.3,84.8,47.3,7.1,4,No,Graduate,No,60.85,Low
Male,22,4.0,63.8,58.4,6.8,6,Yes,Graduate,Yes,66.58,Low
Female,22,4.1,78.5,88.7,6.7,8,Yes,School,Yes,79.73,High
Female,17,1.3,85.8,68.5,5.3,3,Yes,School,No,50.15,Low
Female,23,3.5,91.9,62.1,8.8,6,Yes,Graduate,Yes,75.83,High
Female,22,6.3,72.6,89.8,8.8,6,Yes,Postgraduate,No,81.4,High
Male,20,3.6,87.4,45.1,4.0,1,Yes,Graduate,Yes,48.89,Low
Female,19,6.0,65.1,66.0,5.7,6,Yes,Postgraduate,Yes,67.07,Low
Female,20,3.6,60.7,75.9,4.2,1,Yes,Postgraduate,No,48.3,Low
Female,21,4.0,59.4,73.5,8.3,9,Yes,Postgraduate,No,76.5,High
Male,20,4.9,67.9,54.5,8.4,4,No,Postgraduate,Yes,60.31,Low
Female,23,7.7,51.8,71.0,6.6,5,Yes,Graduate,No,77.44,High
Male,18,1.8,64.1,79.0,8.2,1,Yes,Postgraduate,No,50.65,Low
Female,22,1.2,82.6,72.2,7.5,1,Yes,Graduate,No,57.77,Low
Male,23,5.3,82.4,77.6,6.5,9,Yes,Graduate,No,85.69,High
Male,22,7.6,53.7,54.1,5.8,6,No,Postgraduate,No,64.78,Low
Female,18,7.9,64.4,85.8,5.3,10,Yes,School,No,91.87,High
Male,22,4.4,78.5,64.7,5.3,10,Yes,Postgraduate,No,73.17,High
Male,20,4.3,65.9,94.3,6.8,6,No,Graduate,Yes,79.16,High
Female,21,5.5,70.9,41.3,4.8,5,Yes,School,Yes,62.09,Low
Female,17,4.9,85.6,60.9,4.9,6,Yes,Postgraduate,No,74.14,High
Female,18,5.4,50.5,49.9,4.1,8,Yes,Graduate,No,66.65,Low
Male,20,7.1,63.8,70.6,7.1,7,Yes,Graduate,Yes,82.36,High
Male,23,6.2,57.1,53.4,9.0,7,Yes,School,Yes,76.3,High
Male,20,4.5,56.4,80.6,8.4,9,Yes,Postgraduate,No,73.18,High
Female,20,4.2,98.0,88.5,7.5,9,Yes,Graduate,Yes,82.36,High
Male,17,5.5,68.8,51.6,7.9,9,Yes,School,No,80.0,High
Male,19,4.2,76.4,48.8,6.1,1,Yes,School,Yes,59.7,Low
Male,22,4.2,86.7,88.1,5.5,6,Yes,Graduate,No,78.99,High
Male,22,1.1,52.4,59.9,5.8,5,Yes,Postgraduate,No,48.54,Low
Male,23,2.2,62.1,63.9,4.4,8,Yes,Graduate,Yes,48.11,Low
Male,21,4.4,91.6,52.2,7.2,10,Yes,Graduate,Yes,76.06,High
Male,23,6.8,93.1,63.4,4.9,8,Yes,Postgraduate,No,80.7,High
Female,19,3.0,68.6,52.7,7.8,8,Yes,Postgraduate,No,66.89,Low
Female,22,4.7,68.7,76.6,4.9,5,Yes,Graduate,No,66.29,Low
Female,21,3.4,87.8,67.4,5.1,10,Yes,Graduate,Yes,57.33,Low
Male,23,1.7,64.8,83.3,8.8,10,Yes,School,Yes,71.22,High
Male,21,7.7,55.9,57.2,4.5,1,No,Graduate,No,63.74,Low
Female,20,7.0,62.9,67.8,6.5,4,Yes,Postgraduate,No,72.43,High
Male,18,1.5,69.4,54.3,4.3,7,Yes,Graduate,Yes,51.03,Low
Female,20,6.0,52.6,91.4,4.5,2,Yes,Graduate,No,76.04,High
Male,17,3.4,73.9,68.7,7.2,7,No,Graduate,Yes,77.74,High
Male,22,8.0,87.0,49.5,7.2,5,Yes,Graduate,Yes,79.18,High
Female,21,3.1,75.7,55.0,5.0,6,Yes,Postgraduate,No,53.52,Low
Female,23,2.7,53.6,44.6,8.4,6,Yes,School,No,40.34,Low
Female,18,5.0,72.0,41.5,7.5,5,Yes,Graduate,Yes,71.14,High
Female,23,6.8,85.4,68.9,5.5,10,Yes,Graduate,No,96.48,High
Female,22,2.3,52.9,58.5,5.2,7,Yes,Postgraduate,No,46.31,Low
Male,21,6.0,53.0,93.0,7.8,4,Yes,Graduate,No,77.55,High
Male,21,1.4,68.5,49.4,7.7,1,No,School,Yes,43.76,Low
Male,20,7.4,59.7,83.7,4.7,9,Yes,Graduate,No,76.4,High
Female,18,1.6,96.7,57.4,5.7,7,Yes,Graduate,Yes,60.79,Low
Female,18,7.4,79.1,52.3,5.1,9,No,School,No,82.84,High
Female,22,4.4,64.4,93.3,5.5,9,Yes,School,No,76.01,High
Female,21,4.1,85.2,84.1,5.4,7,Yes,School,No,75.38,High
Female,18,7.8,68.7,74.7,8.9,2,Yes,School,Yes,81.74,High
Female,18,7.9,56.6,78.3,7.8,2,Yes,Graduate,Yes,77.03,High
Male,23,5.6,61.9,94.5,7.9,4,Yes,Graduate,Yes,75.53,High
Male,22,1.9,82.1,72.6,5.4,9,Yes,Graduate,Yes,63.11,Low
Male,20,4.5,52.6,45.6,4.0,7,Yes,School,Yes,59.74,Low
Male,23,4.7,63.6,43.6,4.3,9,Yes,Postgraduate,Yes,65.0,Low
Male,23,4.6,60.4,76.7,6.8,4,Yes,Postgraduate,No,71.19,High
Female,19,5.0,60.1,76.2,5.4,9,No,Graduate,Yes,75.19,High
Female,17,1.1,84.1,81.1,5.0,7,No,School,Yes,65.07,Low
Female,19,6.0,91.3,46.0,4.2,8,No,Graduate,Yes,79.6,High
Female,18,6.0,85.8,92.0,8.4,1,Yes,Graduate,No,71.84,High
Female,21,1.8,82.3,70.3,7.0,9,Yes,Graduate,Yes,67.04,Low
Female,17,5.0,95.8,75.7,4.5,8,Yes,Graduate,Yes,79.99,High
Male,17,5.0,52.9,41.9,7.8,1,Yes,School,No,48.37,Low
Female,21,5.8,58.4,92.9,7.8,8,Yes,Graduate,Yes,86.27,High
Female,17,1.6,70.7,70.9,5.4,5,Yes,School,No,53.83,Low
Female,21,5.4,68.6,71.0,4.9,3,Yes,Postgraduate,Yes,65.05,Low
Female,17,3.0,70.9,91.9,8.1,8,Yes,Postgraduate,Yes,65.18,Low
Male,23,4.5,60.3,91.1,5.6,3,Yes,Postgraduate,No,67.53,Low
Male,22,6.4,57.5,52.1,8.2,8,Yes,School,Yes,73.54,High
Female,22,5.9,75.5,91.2,4.2,5,Yes,Graduate,No,82.94,High
Male,19,1.8,96.4,80.5,6.5,8,Yes,Graduate,No,74.45,High
Male,23,5.1,69.6,41.0,4.9,3,No,School,No,55.31,Low
Female,17,7.8,52.2,53.2,7.4,10,No,Graduate,No,83.08,High
Female,20,2.1,85.3,62.7,9.0,6,Yes,Graduate,Yes,67.24,Low
Female,21,7.0,64.6,72.1,6.1,6,No,Postgraduate,No,75.05,High
Female,23,5.9,62.3,78.6,4.5,4,Yes,School,Yes,66.36,Low
Female,17,6.4,66.2,51.6,5.6,5,Yes,Graduate,No,63.84,Low
Male,22,3.0,86.2,86.0,8.5,7,Yes,Postgraduate,Yes,75.03,High
Female,22,3.0,90.9,86.5,7.8,1,Yes,Graduate,Yes,62.89,Low
Female,21,7.3,79.4,74.9,5.2,8,Yes,Graduate,Yes,82.06,High
Female,20,3.5,66.1,90.7,8.8,3,Yes,School,Yes,61.83,Low
Male,17,1.4,65.5,84.7,7.1,7,Yes,Postgraduate,No,68.26,Low
Female,17,5.2,56.2,52.2,4.8,9,Yes,School,Yes,66.55,Low
Female,20,1.9,96.7,83.9,6.9,2,Yes,Postgraduate,Yes,57.55,Low
Female,20,6.6,81.9,92.4,6.3,10,Yes,Graduate,Yes,98.54,High
Male,20,5.5,51.3,47.6,8.1,10,Yes,Postgraduate,Yes,73.35,High
Female,22,7.1,83.1,93.8,5.7,7,No,Graduate,Yes,80.57,High
Female,21,6.5,72.4,41.4,8.4,1,No,Postgraduate,No,62.7,Low
Female,23,1.8,98.6,68.7,8.1,5,Yes,Graduate,No,67.93,Low
Male,20,3.7,91.0,82.6,7.4,7,Yes,Postgraduate,No,69.07,Low
Female,21,6.4,58.6,83.5,5.3,5,Yes,School,No,69.32,Low
Female,19,3.9,86.0,80.4,8.9,5,Yes,Graduate,No,72.06,High
Female,17,7.8,74.3,69.1,6.7,6,Yes,Postgraduate,Yes,86.31,High
Male,17,6.2,59.4,75.8,8.5,10,Yes,School,No,88.85,High
Female,18,1.1,84.9,78.5,5.1,10,Yes,Graduate,No,64.4,Low
Female,19,7.2,77.4,67.2,8.9,6,Yes,Graduate,No,77.83,High
Female,23,1.7,51.5,72.8,8.1,10,Yes,Graduate,No,61.6,Low
Male,20,2.0,82.3,86.6,8.7,2,Yes,Graduate,No,56.34,Low
Male,20,6.1,81.7,57.2,5.1,10,No,School,No,79.64,High
Female,23,7.1,57.2,68.8,6.2,10,Yes,School,No,78.12,High
Male,22,4.8,67.4,40.5,4.5,9,Yes,School,No,55.09,Low
Male,19,3.0,79.3,77.8,4.7,3,Yes,Graduate,Yes,63.1,Low
Male,20,3.5,56.9,50.7,5.4,1,Yes,School,Yes,43.4,Low
Female,18,3.4,92.6,66.5,8.8,1,Yes,Graduate,No,55.71,Low
Female,21,3.3,51.4,51.6,7.3,9,Yes,Graduate,No,61.39,Low
Male,17,2.7,55.1,41.3,5.6,6,Yes,Graduate,Yes,41.96,Low
Male,19,5.3,55.8,66.6,8.8,7,Yes,Graduate,No,65.46,Low
Male,17,7.3,76.4,63.4,7.7,2,Yes,Graduate,Yes,68.9,Low
Female,21,3.1,81.0,63.4,8.5,1,Yes,School,Yes,63.54,Low
Female,19,2.3,70.2,51.5,8.6,2,Yes,Postgraduate,Yes,48.69,Low
Male,21,6.9,64.4,92.1,7.8,3,Yes,School,No,82.71,High
Male,20,6.2,90.5,40.2,5.2,3,No,Graduate,Yes,69.39,Low
Male,23,7.5,53.4,89.0,9.0,8,Yes,School,No,87.01,High
Male,20,2.2,64.0,80.5,5.6,4,Yes,Graduate,No,57.57,Low
Female,23,2.0,52.0,49.5,7.4,1,Yes,Graduate,Yes,45.06,Low
Male,20,4.8,50.7,66.0,8.2,2,Yes,School,Yes,60.76,Low
Female,21,5.3,67.7,94.4,4.9,9,Yes,School,Yes,80.44,High
Male,21,4.4,59.7,75.4,7.0,2,No,School,No,63.13,Low
Male,21,5.2,63.4,47.0,5.9,9,Yes,Graduate,Yes,65.1,Low
Male,17,2.3,91.0,65.2,5.2,5,Yes,Graduate,Yes,56.31,Low
Male,21,4.4,58.1,65.8,4.1,4,Yes,School,Yes,57.13,Low
Male,20,5.6,89.0,84.1,8.4,4,Yes,School,Yes,77.32,High
Female,18,4.0,83.8,90.4,4.7,3,Yes,Graduate,No,73.06,High
Male,21,5.8,66.3,44.5,8.4,2,Yes,Postgraduate,No,52.83,Low
Male,18,4.2,77.3,57.3,7.0,8,Yes,Graduate,No,71.92,High
Male,23,3.3,72.2,56.4,7.1,6,Yes,Graduate,No,72.13,High
Female,20,3.1,56.4,94.8,8.1,9,No,Graduate,No,74.51,High
Female,21,3.9,95.4,70.8,6.5,2,No,School,Yes,65.07,Low
Female,17,1.2,78.5,88.4,5.8,1,Yes,Postgraduate,No,50.42,Low
Female,17,5.7,94.0,63.4,4.7,8,Yes,School,Yes,69.31,Low
Male,23,6.9,91.2,79.7,6.9,8,Yes,Graduate,No,86.86,High
Male,18,3.5,54.0,55.8,6.8,5,Yes,Postgraduate,Yes,55.55,Low
Male,22,1.3,60.4,90.1,5.5,2,Yes,Graduate,No,43.48,Low
Female,17,7.9,57.3,65.0,7.0,10,Yes,School,No,80.45,High
Male,17,2.8,91.5,84.2,6.2,5,Yes,Graduate,No,63.4,Low
Male,17,1.9,93.1,54.1,8.0,8,No,Graduate,No,67.4,Low
Female,20,3.6,76.4,78.1,6.8,4,Yes,Postgraduate,Yes,68.04,Low
Female,17,6.2,55.2,62.3,8.7,2,Yes,Graduate,No,64.97,Low
Female,19,3.1,56.8,41.7,6.6,3,Yes,Graduate,No,48.66,Low
Male,21,5.0,90.7,62.7,8.4,3,Yes,Graduate,Yes,68.78,Low
Male,23,3.9,96.5,70.3,6.6,9,Yes,Graduate,Yes,83.64,High
Female,17,1.8,60.0,48.3,6.8,3,No,Graduate,Yes,46.13,Low
Male,22,3.3,50.6,50.1,5.8,1,Yes,School,Yes,44.82,Low
Female,22,6.1,66.5,65.6,6.0,7,Yes,Graduate,No,69.64,Low
Female,17,5.3,51.5,58.9,8.7,1,Yes,Postgraduate,No,63.8,Low
Male,17,1.8,91.4,64.2,5.1,6,Yes,Graduate,Yes,44.46,Low
Female,19,2.1,74.6,65.3,4.6,10,Yes,School,No,55.69,Low
Female,17,5.5,82.1,47.7,8.2,4,Yes,School,No,74.8,High
Female,17,6.7,70.6,50.0,6.9,7,Yes,Graduate,No,62.86,Low
Male,21,3.4,67.3,86.6,5.4,7,Yes,Graduate,No,64.7,Low
Female,22,5.2,61.1,48.9,6.2,7,Yes,Graduate,No,67.18,Low
Female,19,2.2,88.5,76.6,6.6,6,Yes,School,Yes,66.44,Low
Female,22,3.2,84.8,63.0,7.0,7,Yes,Graduate,No,64.44,Low
Female,19,1.1,68.0,93.3,8.1,8,Yes,Postgraduate,Yes,62.97,Low
Female,22,6.4,66.1,43.6,6.0,3,Yes,School,Yes,57.08,Low
Female,17,3.8,50.1,85.7,7.4,5,Yes,School,No,67.24,Low
Female,22,6.7,53.2,67.0,8.2,10,Yes,Graduate,No,77.63,High
Male,22,6.0,81.2,40.3,8.2,9,Yes,Graduate,No,61.95,Low
Male,19,6.8,75.7,54.5,5.3,8,Yes,Postgraduate,No,69.65,Low
Female,23,3.0,71.7,62.4,5.8,6,Yes,Graduate,No,62.6,Low
Male,18,2.3,91.4,57.3,7.0,9,Yes,Graduate,No,72.28,High
Male,19,7.8,75.2,59.9,8.4,10,Yes,Postgraduate,Yes,87.66,High
Female,19,6.0,69.2,90.4,8.0,5,Yes,Graduate,No,76.77,High
Male,19,6.8,58.1,59.9,6.9,2,Yes,Graduate,No,68.18,Low
Female,20,1.1,91.0,63.0,8.9,9,Yes,Postgraduate,No,62.63,Low
Female,23,3.5,78.8,81.9,6.2,5,Yes,Postgraduate,Yes,71.28,High
Female,20,6.2,54.6,83.7,8.2,8,Yes,Graduate,No,89.78,High
Female,20,1.5,82.4,44.6,8.1,8,Yes,Postgraduate,Yes,52.53,Low
Female,19,5.0,71.3,78.7,8.5,4,Yes,School,No,84.12,High
Male,18,4.0,90.6,66.5,8.9,4,No,School,No,63.8,Low
Female,19,1.1,95.9,47.4,6.5,1,No,School,No,36.12,Low
Male,17,2.7,80.0,54.6,5.0,5,No,Graduate,Yes,54.56,Low
Female,18,3.0,86.6,42.5,6.3,9,Yes,Graduate,No,52.67,Low
Female,20,1.8,52.8,59.8,8.3,5,Yes,Graduate,No,48.62,Low
Female,22,5.4,78.0,54.0,8.2,5,Yes,Postgraduate,No,62.1,Low
Male,22,2.7,87.8,61.0,5.7,6,Yes,School,Yes,60.15,Low
Female,23,2.9,74.8,71.9,4.2,6,Yes,Graduate,Yes,62.11,Low
Female,21,7.3,79.7,80.3,6.5,8,Yes,Graduate,No,86.0,High
Female,23,4.3,94.9,73.3,6.4,1,Yes,Graduate,No,66.8,Low
Female,18,3.7,59.9,77.3,4.4,5,Yes,Graduate,No,61.02,Low
Male,20,6.1,54.9,87.6,8.0,9,Yes,Graduate,No,76.58,High
Female,18,7.4,84.5,88.1,5.4,3,Yes,Graduate,Yes,79.26,High
Male,18,1.2,91.1,87.3,7.2,7,No,Postgraduate,Yes,61.4,Low
Female,22,4.1,92.5,48.4,4.5,7,Yes,Postgraduate,Yes,63.0,Low
Male,19,5.3,82.1,53.8,8.3,10,Yes,Graduate,Yes,75.76,High
Male,17,3.2,91.7,67.6,7.7,3,Yes,School,Yes,64.98,Low
Female,21,6.4,85.0,59.7,5.9,7,Yes,Postgraduate,No,70.65,High
Female,20,7.8,54.4,47.2,7.1,3,Yes,Graduate,No,67.73,Low
Male,18,7.6,88.1,55.8,4.9,6,Yes,Postgraduate,No,74.69,High
Female,21,2.9,59.0,93.6,8.9,8,Yes,School,No,72.92,High
Female,18,2.6,61.8,59.1,8.0,8,Yes,Postgraduate,Yes,59.3,Low
Female,22,7.7,69.7,63.0,7.9,6,Yes,Graduate,No,84.91,High
Male,17,4.2,65.7,40.4,4.8,2,Yes,Graduate,Yes,48.91,Low
Female,22,2.5,66.1,79.6,4.1,1,Yes,School,No,38.91,Low
Female,21,5.9,58.5,62.7,6.9,3,Yes,Graduate,No,66.89,Low
Female,20,3.0,64.7,45.7,4.7,3,Yes,School,Yes,40.36,Low
Male,18,2.9,51.0,93.3,7.9,7,Yes,School,No,71.57,High
Female,17,7.2,73.6,82.8,6.1,4,Yes,Graduate,No,77.95,High
Male,22,2.1,88.4,79.9,5.7,2,Yes,School,No,58.29,Low
Female,21,1.5,93.1,92.7,4.4,2,Yes,School,Yes,66.33,Low
Male,22,2.9,91.0,62.4,9.0,7,Yes,Graduate,Yes,69.13,Low
Female,18,5.2,70.8,79.5,8.8,8,Yes,Postgraduate,No,79.68,High
Female,18,1.9,86.5,51.3,4.7,5,Yes,School,No,54.23,Low
Male,20,4.3,64.4,78.3,5.7,2,Yes,Postgraduate,No,56.34,Low
Male,17,5.4,52.8,40.8,6.0,3,Yes,Graduate,No,60.84,Low
Male,19,6.9,83.8,46.9,5.5,1,No,Postgraduate,No,62.92,Low
Female,22,2.6,82.4,63.4,8.7,10,Yes,School,No,69.43,Low
Female,18,6.7,90.1,40.7,7.6,4,Yes,School,Yes,69.29,Low
Female,21,2.6,80.8,65.4,8.8,7,Yes,Postgraduate,No,58.42,Low
Female,22,5.7,57.8,68.8,8.4,10,Yes,Graduate,Yes,68.48,Low
Male,20,4.0,92.7,74.2,7.8,9,Yes,Graduate,No,76.96,High
Female,20,1.8,81.4,45.5,7.5,3,Yes,Graduate,No,53.81,Low
Female,18,6.0,90.4,50.0,8.3,4,Yes,Postgraduate,No,74.06,High
Female,18,2.5,88.7,73.7,7.4,6,No,School,Yes,72.25,High
Female,18,2.2,64.9,76.2,4.9,1,Yes,Graduate,No,60.77,Low
Female,23,3.5,53.7,41.4,7.2,5,No,Graduate,No,51.24,Low
Female,19,5.6,58.8,69.7,6.6,10,Yes,Graduate,No,74.05,High
Female,18,2.6,54.6,83.2,8.9,5,Yes,Graduate,No,60.69,Low
Male,22,2.3,62.2,43.8,6.5,10,Yes,Postgraduate,No,55.82,Low
Female,22,1.1,73.0,62.7,4.2,9,Yes,School,No,57.5,Low
Female,23,4.3,95.3,58.0,5.3,9,Yes,Graduate,No,67.08,Low
Female,23,4.0,93.6,90.3,8.6,1,Yes,Graduate,No,67.41,Low
Female,17,2.6,85.9,50.2,8.8,3,No,Graduate,No,54.83,Low
Male,21,1.4,51.2,57.5,7.6,4,No,Graduate,No,51.08,Low
Male,18,4.0,67.1,89.4,4.3,1,Yes,Graduate,Yes,61.52,Low
Male,22,6.5,84.1,58.2,4.1,9,Yes,Graduate,Yes,82.64,High
Male,23,6.0,56.5,69.2,6.4,2,Yes,Graduate,No,66.64,Low
Male,22,7.0,90.1,41.8,9.0,5,Yes,Graduate,No,74.33,High
Male,22,1.1,95.7,94.2,8.3,3,Yes,School,No,65.91,Low
Female,23,7.8,67.7,85.4,8.7,4,Yes,Postgraduate,No,84.8,High
Male,19,3.4,85.3,74.9,7.1,4,Yes,Graduate,Yes,65.27,Low
Male,23,7.9,57.4,43.3,8.3,2,Yes,Graduate,No,73.22,High
Female,23,2.8,84.5,44.1,5.6,2,Yes,Graduate,Yes,55.09,Low
Male,21,4.3,51.1,70.0,4.1,8,Yes,School,Yes,63.87,Low
Female,23,3.5,57.5,55.7,8.6,2,Yes,Postgraduate,Yes,52.61,Low
Female,20,3.5,85.5,74.3,5.1,10,Yes,School,Yes,79.42,High
Male,23,6.9,85.6,72.9,7.6,7,Yes,Graduate,No,83.74,High
Female,22,6.2,82.1,86.1,7.3,1,Yes,Postgraduate,Yes,79.32,High
Male,18,7.9,73.9,55.5,4.8,1,Yes,Graduate,No,73.34,High
Male,22,5.3,83.7,71.8,5.0,10,No,Graduate,Yes,84.87,High
Female,21,4.2,88.7,82.8,5.6,3,Yes,Graduate,No,75.16,High
Female,20,1.6,98.3,67.0,7.8,3,Yes,Postgraduate,No,58.05,Low
Male,23,8.0,94.4,85.7,4.2,9,Yes,School,Yes,100.0,High
Female,19,4.9,89.7,47.2,6.0,2,Yes,School,Yes,64.76,Low
Female,17,5.9,84.7,80.4,7.3,4,Yes,Graduate,Yes,75.62,High
Male,23,3.8,78.7,91.9,4.9,3,Yes,School,No,70.76,High
Male,18,4.8,56.0,58.3,4.6,7,Yes,Graduate,Yes,68.03,Low
Female,17,7.6,58.3,60.1,6.0,6,No,Graduate,Yes,71.02,High
Male,19,2.2,91.0,44.6,5.4,9,No,Graduate,No,61.02,Low
Male,21,3.0,90.2,75.3,7.2,8,No,Graduate,Yes,77.71,High
Male,21,2.1,80.7,70.4,8.8,2,Yes,School,No,54.3,Low
Male,19,6.5,71.9,42.2,4.0,3,Yes,School,Yes,65.27,Low
Male,22,1.4,51.3,81.4,8.5,1,Yes,Graduate,No,44.44,Low
Male,19,1.6,66.4,85.6,6.2,8,Yes,Graduate,No,56.55,Low
Male,23,3.1,71.0,89.9,7.3,2,Yes,Graduate,Yes,65.13,Low
Female,18,4.6,74.3,70.0,8.3,4,Yes,Graduate,Yes,66.34,Low
Male,20,3.8,96.5,64.9,6.9,2,Yes,Graduate,No,72.76,High
Female,23,1.3,55.4,88.2,4.5,2,Yes,Postgraduate,No,43.79,Low
Female,23,7.7,75.9,61.9,4.7,3,No,School,No,73.08,High
Female,23,7.7,68.4,76.0,7.9,10,Yes,School,Yes,88.35,High
Male,17,3.0,99.5,73.8,5.1,5,Yes,School,No,65.15,Low
Male,17,6.1,93.1,60.5,6.8,8,Yes,Postgraduate,Yes,90.63,High
Female,21,5.1,71.9,44.8,6.1,10,Yes,Graduate,No,65.71,Low
Male,23,2.7,100.0,41.2,5.5,2,Yes,Graduate,Yes,47.9,Low
Female,22,2.8,75.7,63.6,7.9,5,No,School,No,66.14,Low
Male,21,4.4,58.4,66.5,7.7,4,Yes,School,No,52.87,Low
Male,18,3.9,77.8,85.2,7.2,3,Yes,Graduate,No,68.93,Low
Female,19,3.0,61.3,62.8,5.9,10,Yes,Graduate,No,55.72,Low
Female,17,6.7,81.8,55.5,5.1,6,Yes,Graduate,Yes,64.2,Low
Female,23,4.4,96.9,65.4,6.6,9,No,Graduate,No,75.57,High
Male,18,5.6,89.3,53.1,8.1,8,Yes,Postgraduate,No,66.3,Low
Female,21,2.3,63.7,45.0,6.9,2,Yes,School,Yes,39.69,Low
Male,21,4.7,64.8,46.2,8.9,1,No,School,No,52.25,Low
Male,17,3.2,53.5,57.6,4.1,8,Yes,Graduate,No,62.16,Low
Male,21,4.7,64.3,40.7,9.0,5,No,Graduate,No,61.65,Low
Female,22,6.5,54.6,52.1,7.5,2,Yes,Postgraduate,Yes,61.97,Low
Female,21,6.4,75.0,83.3,8.2,10,Yes,Postgraduate,No,94.02,High
Female,20,3.5,85.4,52.9,5.7,1,Yes,School,Yes,38.43,Low
Male,19,5.9,87.6,46.1,6.5,8,Yes,Graduate,Yes,64.68,Low
Male,21,7.6,53.0,92.2,8.0,8,Yes,School,No,80.92,High
Female,20,5.4,67.0,74.2,7.8,6,Yes,Graduate,Yes,79.36,High
Male,18,2.0,64.4,43.3,5.7,5,Yes,Postgraduate,No,51.01,Low
Male,21,5.8,55.2,43.4,5.6,5,Yes,Graduate,Yes,61.0,Low
Female,22,1.7,68.1,73.7,7.3,6,Yes,School,Yes,66.18,Low
Female,18,7.1,65.0,69.7,8.7,5,No,School,No,83.47,High
Female,23,4.6,81.7,43.8,6.2,2,Yes,School,No,60.69,Low
Male,21,3.7,94.2,52.3,5.8,7,Yes,Graduate,No,60.65,Low
Male,17,1.4,72.7,91.1,8.5,4,Yes,Graduate,No,64.95,Low
Male,20,3.7,87.3,71.5,7.4,7,Yes,Graduate,No,76.27,High
Male,20,7.3,57.3,64.2,5.9,1,Yes,Graduate,No,73.98,High
Male,17,1.1,94.7,53.8,4.3,6,Yes,Graduate,Yes,54.11,Low
Female,19,4.3,57.6,47.4,7.6,2,Yes,School,Yes,49.87,Low
Male,23,7.5,59.6,62.1,5.8,3,No,School,No,69.7,Low
Male,22,3.8,55.3,90.7,4.4,3,Yes,Postgraduate,Yes,67.35,Low
Male,20,4.0,65.5,42.7,7.1,10,Yes,School,No,65.5,Low
Female,18,5.0,77.6,94.5,5.6,1,Yes,School,Yes,66.02,Low
Female,22,4.2,99.4,51.4,5.7,5,Yes,School,Yes,66.66,Low
Female,20,2.2,89.7,62.5,6.4,8,Yes,Graduate,No,56.04,Low
Male,23,1.1,69.0,42.5,7.6,8,Yes,Postgraduate,No,51.18,Low
Female,19,5.3,78.8,72.2,5.4,10,Yes,Graduate,Yes,89.4,High
Female,23,7.4,81.2,66.6,4.4,7,Yes,Graduate,No,84.76,High
Female,18,1.7,91.1,76.7,6.1,7,Yes,Postgraduate,No,62.46,Low
Male,23,2.5,86.8,69.8,4.3,8,Yes,Postgraduate,Yes,79.66,High
Female,22,3.6,78.5,61.9,7.5,8,Yes,School,No,63.07,Low
Male,18,6.7,83.5,80.6,8.8,5,No,Graduate,No,77.73,High
Male,17,2.9,87.3,41.4,7.3,7,No,Graduate,No,54.78,Low
Female,21,7.2,56.7,69.8,5.4,2,Yes,Postgraduate,No,65.72,Low
Male,17,1.4,60.0,46.3,4.9,4,Yes,Graduate,Yes,49.15,Low
Female,22,7.6,84.4,64.0,5.2,6,Yes,School,No,80.17,High
Male,21,4.9,92.5,83.5,5.1,10,Yes,School,Yes,77.99,High
Female,17,5.6,70.5,47.8,5.6,3,Yes,Graduate,No,56.27,Low
Female,21,3.6,99.0,91.5,4.5,2,Yes,School,No,74.66,High
Female,20,6.5,60.8,88.9,8.5,1,Yes,School,Yes,72.96,High
Male,23,2.2,70.8,62.8,8.4,4,No,Graduate,Yes,51.88,Low
Female,18,1.3,68.9,40.3,7.1,2,No,Graduate,No,36.5,Low
Male,21,3.8,96.5,83.4,4.3,3,Yes,School,No,68.85,Low
Female,20,7.0,64.3,88.4,8.0,10,Yes,School,No,86.59,High
Male,23,6.3,73.5,49.6,4.3,6,Yes,School,No,67.48,Low
Male,23,4.6,59.4,90.4,4.5,10,No,School,No,74.75,High
Female,19,5.0,76.1,90.3,5.6,3,Yes,Postgraduate,No,71.38,High
Female,17,1.9,92.9,65.9,6.2,3,Yes,Graduate,No,59.34,Low
Female,19,6.9,65.2,83.9,5.8,4,Yes,Graduate,Yes,72.04,High
Female,22,6.5,90.5,64.5,4.8,3,Yes,Graduate,No,75.75,High
Female,20,5.6,95.6,71.0,4.6,6,No,Graduate,No,68.0,Low
Male,19,4.3,53.6,57.6,8.3,9,Yes,Graduate,Yes,71.74,High
Female,19,7.8,87.8,48.8,5.8,8,Yes,School,No,80.11,High
Female,23,7.2,62.8,81.1,5.1,2,Yes,School,No,77.83,High
Male,20,5.5,58.8,40.1,6.4,3,Yes,School,No,58.94,Low
Female,23,3.6,80.1,71.9,4.2,8,Yes,School,No,75.74,High
Female,18,5.3,85.3,87.6,7.0,3,Yes,School,No,76.55,High
Male,21,5.0,69.7,52.2,5.2,5,Yes,Graduate,Yes,69.4,Low
Female,22,3.8,52.0,58.3,7.0,9,Yes,School,No,66.95,Low
Female,22,3.1,95.4,72.3,7.1,2,Yes,Graduate,Yes,57.54,Low
Female,17,3.8,86.5,53.6,8.0,9,Yes,Graduate,No,75.38,High
Male,23,5.0,63.6,86.6,5.1,10,No,Graduate,No,79.94,High
Female,21,4.0,74.8,60.2,6.3,5,Yes,School,No,61.42,Low
Male,17,2.8,51.4,72.0,8.8,9,Yes,School,Yes,66.28,Low
Female,22,6.3,67.0,52.4,7.6,4,Yes,Postgraduate,No,64.32,Low
Male,21,4.7,76.1,42.3,8.9,8,No,Graduate,No,81.45,High
Female,19,1.5,75.9,49.6,8.6,8,Yes,Graduate,Yes,55.8,Low
Male,18,3.6,60.4,42.5,7.1,3,Yes,Graduate,No,46.34,Low
Male,19,7.2,88.8,65.8,5.3,5,No,School,No,68.9,Low
Male,18,6.3,64.9,72.3,7.8,10,Yes,Graduate,No,87.29,High
Male,23,3.3,79.0,42.5,7.5,1,Yes,School,No,52.37,Low
Male,20,7.6,63.6,45.0,6.9,6,Yes,Graduate,Yes,72.81,High
Male,17,1.5,71.3,66.7,7.5,9,No,Graduate,No,64.35,Low
Female,17,7.7,60.4,84.0,7.1,1,Yes,Graduate,No,80.23,High
Female,20,2.7,81.7,74.5,6.6,2,No,Graduate,Yes,63.33,Low
Male,21,1.1,71.3,45.8,6.1,7,Yes,Graduate,Yes,47.78,Low
Male,20,4.0,50.8,88.8,4.2,6,Yes,Graduate,Yes,57.91,Low
Male,23,3.5,51.4,90.5,8.3,10,Yes,Graduate,No,70.84,High
Male,22,4.8,73.6,57.9,8.3,3,No,School,No,66.02,Low
Female,20,6.6,59.2,73.9,7.0,2,Yes,Graduate,No,69.22,Low
Male,18,6.9,79.3,67.1,5.3,7,No,Graduate,Yes,84.07,High
Female,22,3.8,70.4,91.8,4.1,10,Yes,Graduate,No,81.3,High
Female,20,4.0,82.7,68.0,4.0,10,Yes,Graduate,No,71.26,High
Male,17,2.0,97.6,92.8,4.4,5,Yes,School,No,63.46,Low
Male,19,1.3,76.4,51.0,5.8,6,No,School,Yes,48.26,Low
Female,18,5.5,89.4,59.0,4.9,9,No,Graduate,Yes,76.17,High
Female,23,1.5,87.7,83.0,5.3,7,No,Postgraduate,Yes,65.64,Low
Male,18,6.1,96.1,83.1,7.5,4,Yes,Graduate,No,89.01,High
Male,21,4.8,60.7,80.3,8.8,9,No,Postgraduate,No,79.26,High
Male,19,2.4,91.4,87.3,5.0,3,Yes,Graduate,No,64.37,Low
Female,18,4.8,95.3,78.6,6.3,4,Yes,Postgraduate,No,65.67,Low
Female,20,2.3,69.6,75.0,9.0,10,Yes,Graduate,No,73.83,High
Male,18,4.1,65.7,65.2,8.7,3,No,School,No,61.69,Low
Female,18,6.6,97.6,65.7,5.8,10,Yes,Postgraduate,No,77.74,High
Female,18,4.2,81.4,62.3,5.6,3,Yes,Postgraduate,No,51.26,Low
Male,21,2.0,69.0,74.1,5.2,1,Yes,Graduate,No,48.66,Low
Male,18,6.1,89.6,62.4,4.8,5,Yes,Postgraduate,No,76.86,High
Female,18,2.3,65.2,48.1,6.3,4,Yes,School,No,42.66,Low
Female,21,6.2,58.8,45.9,5.7,9,Yes,Graduate,No,69.34,Low
Male,22,4.4,77.2,90.8,7.7,4,Yes,Graduate,No,65.99,Low
Male,19,4.2,78.3,41.4,5.2,3,Yes,Graduate,Yes,51.47,Low
Male,23,7.0,91.3,45.8,7.7,6,Yes,Graduate,No,72.41,High
Male,22,6.0,72.9,64.5,5.4,10,Yes,School,No,74.26,High
Male,17,1.2,90.7,54.5,7.0,5,Yes,School,No,57.7,Low
Female,21,3.1,65.6,62.3,7.2,4,Yes,Graduate,No,56.14,Low
Female,21,7.1,78.8,46.5,7.4,1,Yes,Postgraduate,No,70.11,High
Female,18,1.1,60.4,47.2,4.9,3,Yes,School,No,41.7,Low
Female,18,4.8,69.3,84.0,5.4,4,Yes,Graduate,Yes,71.76,High
Male,23,6.1,92.9,81.8,5.2,10,Yes,Graduate,Yes,85.89,High
Male,17,5.4,60.8,45.7,6.9,8,Yes,Graduate,No,68.03,Low
Male,18,6.3,90.5,76.7,4.4,9,Yes,Graduate,Yes,83.97,High
Female,20,6.1,64.1,73.5,6.6,8,Yes,Postgraduate,No,76.15,High
Female,18,5.8,51.7,79.2,4.4,9,Yes,Graduate,Yes,87.99,High
Female,18,6.8,55.5,66.1,5.7,10,Yes,Postgraduate,No,77.88,High
Male,20,5.5,87.3,54.8,7.4,1,Yes,Graduate,No,68.2,Low
Female,17,3.8,63.1,76.5,6.1,1,Yes,Graduate,No,57.48,Low
Male,20,4.3,82.7,60.4,5.4,3,Yes,Graduate,No,70.03,High
Male,21,6.0,85.0,52.0,7.1,4,Yes,School,No,65.14,Low
Male,20,7.1,67.3,62.5,7.7,2,Yes,School,Yes,76.06,High
Male,19,2.9,73.7,82.0,5.3,10,Yes,Graduate,No,62.6,Low
Male,21,3.4,70.2,66.2,5.5,7,Yes,Graduate,No,58.29,Low
Male,18,7.5,97.4,56.5,7.2,9,Yes,Graduate,Yes,90.97,High
Female,23,5.0,66.0,85.8,8.8,6,No,Graduate,No,79.55,High
Male,21,2.3,59.2,88.5,5.1,4,Yes,Graduate,No,53.83,Low
Male,17,5.6,68.3,63.8,7.3,6,Yes,Graduate,Yes,69.47,Low
Female,17,7.9,83.5,60.6,8.5,1,Yes,Graduate,No,81.68,High
Male,20,6.8,84.9,73.7,6.3,6,No,Graduate,Yes,88.65,High
Female,21,6.2,96.2,43.2,5.6,4,Yes,Graduate,No,70.55,High
Female,18,2.5,94.1,78.0,7.3,3,Yes,Postgraduate,Yes,62.9,Low
Female,17,7.1,64.4,83.0,4.2,6,Yes,Postgraduate,No,84.91,High
Male,22,4.7,72.8,61.9,5.8,9,Yes,Graduate,No,68.73,Low
Male,18,7.2,87.4,49.6,5.3,8,Yes,School,No,76.49,High
Female,22,3.3,95.8,41.6,5.1,8,Yes,Graduate,Yes,58.52,Low
Male,19,1.4,66.9,75.0,4.9,9,Yes,Postgraduate,No,52.97,Low
Male,22,4.3,72.2,54.8,7.7,6,Yes,School,No,67.84,Low
Female,17,2.9,95.0,65.5,8.8,8,Yes,Graduate,Yes,71.38,High
Female,20,6.0,67.9,61.2,5.9,7,Yes,Graduate,Yes,75.23,High
Male,19,7.7,74.0,49.6,4.2,1,Yes,Graduate,No,68.38,Low
Female,21,5.8,95.2,68.0,7.6,6,Yes,Graduate,No,87.53,High
Female,18,7.2,90.1,65.3,6.7,4,No,Graduate,No,85.18,High
Female,17,4.2,62.2,74.3,7.6,3,Yes,Graduate,No,61.87,Low
Male,19,6.4,66.2,53.9,7.2,3,Yes,Postgraduate,No,66.43,Low
Male,19,6.9,67.6,51.8,8.5,10,Yes,Graduate,Yes,78.32,High
Male,17,6.0,95.6,84.8,4.7,8,Yes,Graduate,No,84.69,High
Female,21,4.6,99.9,78.6,4.8,1,Yes,Graduate,Yes,70.53,High
Male,21,5.4,88.7,82.5,5.7,7,No,Postgraduate,Yes,83.67,High
Female,20,5.9,74.2,46.8,6.5,10,Yes,Graduate,Yes,80.75,High
Male,23,2.8,50.5,52.3,8.6,4,Yes,Graduate,No,58.41,Low
Male,22,6.7,84.9,71.7,8.5,1,Yes,Postgraduate,No,75.14,High
Female,21,7.7,69.5,87.1,8.4,2,Yes,Graduate,No,78.75,High
Male,20,4.3,81.6,89.1,5.1,7,Yes,School,Yes,77.13,High
Female,22,5.9,80.3,85.8,7.6,10,Yes,Postgraduate,Yes,85.5,High
Male,19,6.2,74.0,42.4,5.9,1,Yes,School,No,63.48,Low
Male,17,5.6,97.2,85.1,8.7,6,Yes,School,No,91.38,High
Female,21,4.8,51.2,89.5,5.1,4,Yes,School,Yes,70.44,High
Female,20,7.2,85.6,43.1,4.7,3,Yes,School,No,69.13,Low
Female,19,4.1,70.5,62.9,8.2,7,Yes,Postgraduate,No,70.99,High
Male,21,1.4,85.7,69.5,7.6,9,Yes,School,Yes,63.71,Low
Male,18,6.9,83.8,52.8,8.1,5,Yes,School,No,72.01,High
Male,23,5.7,50.5,68.4,4.8,6,Yes,Graduate,Yes,69.31,Low
Female,19,6.9,64.3,88.7,8.4,7,Yes,Graduate,No,92.63,High
Female,21,2.0,59.5,87.7,7.4,10,Yes,Graduate,No,66.27,Low
Female,19,1.2,58.3,91.7,7.3,6,Yes,Graduate,Yes,58.63,Low
Male,17,7.5,86.4,66.6,6.9,6,Yes,Graduate,No,87.49,High
Male,17,2.0,62.0,62.6,7.8,3,Yes,School,No,51.15,Low
Female,23,6.7,73.7,76.6,6.1,3,No,Graduate,No,74.85,High
Male,17,6.8,62.3,62.9,4.7,5,Yes,Postgraduate,Yes,67.44,Low
Female,22,6.0,79.0,42.3,6.7,7,Yes,Graduate,Yes,72.29,High
Male,18,1.9,86.0,79.6,7.7,6,Yes,School,Yes,64.77,Low
Male,17,5.7,66.6,55.5,4.8,2,Yes,Graduate,No,53.45,Low
Female,18,7.2,80.2,42.7,5.1,3,Yes,Graduate,No,70.16,High
Male,17,4.0,91.2,41.1,7.5,5,Yes,Postgraduate,No,65.33,Low
Male,22,3.9,54.7,91.2,5.3,7,Yes,School,Yes,68.51,Low
Female,19,4.1,85.5,53.9,4.8,6,Yes,School,Yes,68.1,Low
Female,21,1.6,66.2,64.6,8.4,10,Yes,Graduate,No,56.35,Low
Male,21,7.2,56.1,92.3,4.8,3,Yes,Postgraduate,No,72.59,High
Female,17,7.1,77.3,65.7,5.7,7,Yes,Graduate,No,77.59,High
Male,21,8.0,61.3,44.3,6.1,5,Yes,School,Yes,71.49,High
Female,17,5.1,91.1,70.4,6.4,10,Yes,Postgraduate,No,82.97,High
Male,17,6.3,52.1,44.9,5.8,4,No,Graduate,Yes,58.44,Low
Male,23,2.4,54.9,45.2,8.6,6,Yes,School,No,55.07,Low
Female,20,5.7,76.0,86.8,7.3,2,Yes,Postgraduate,No,71.73,High
Male,20,5.5,79.4,55.9,5.8,7,Yes,Graduate,Yes,58.9,Low
Male,23,7.3,86.5,77.3,5.8,2,Yes,School,Yes,71.89,High
Female,20,6.8,63.0,68.0,6.5,7,Yes,Postgraduate,Yes,85.34,High
Female,18,7.6,92.1,52.2,4.2,8,Yes,Graduate,No,77.02,High
Male,20,7.1,97.7,68.5,8.6,2,Yes,Graduate,Yes,77.11,High
Female,17,7.1,75.0,43.8,5.1,8,Yes,Postgraduate,No,66.36,Low
Female,22,1.4,88.0,59.1,7.5,7,Yes,Graduate,No,61.79,Low
Male,22,6.9,76.2,68.8,7.9,3,Yes,School,Yes,73.75,High
Male,19,5.3,53.5,52.6,8.1,7,No,Postgraduate,No,65.81,Low
Female,20,3.7,66.3,76.3,4.8,1,Yes,School,No,56.66,Low
Female,22,1.4,54.4,42.8,6.7,2,Yes,Postgraduate,Yes,30.57,Low
Female,20,5.7,99.4,66.7,4.4,5,Yes,School,No,71.98,High
Male,19,3.3,61.5,79.3,8.0,9,Yes,Graduate,No,76.88,High
Male,22,4.3,81.8,63.6,6.4,1,Yes,Graduate,No,61.28,Low
Male,17,5.8,64.2,88.1,4.8,5,Yes,Postgraduate,Yes,65.37,Low
Male,18,7.4,82.7,74.8,7.6,6,Yes,Graduate,Yes,84.46,High
Male,23,6.8,60.5,92.7,5.7,3,Yes,School,No,75.08,High
Male,23,4.2,89.3,55.6,4.6,5,Yes,School,No,61.44,Low
Male,23,3.7,55.5,91.6,6.3,2,Yes,Graduate,No,59.72,Low
Female,20,2.7,94.8,73.4,5.2,8,Yes,School,No,66.01,Low
Female,22,3.6,92.0,81.0,8.8,3,Yes,Graduate,No,69.66,Low
Male,22,1.8,83.9,89.6,5.8,5,Yes,Postgraduate,Yes,60.89,Low
Male,19,7.8,53.4,70.3,6.9,1,Yes,Graduate,No,75.69,High
Male,17,5.0,60.4,87.4,8.7,5,Yes,Graduate,Yes,71.0,High
Female,21,1.9,93.0,69.8,6.0,1,Yes,Graduate,No,48.67,Low
Male,22,3.5,56.1,73.0,5.8,9,Yes,Graduate,Yes,72.15,High
Female,18,4.8,57.8,64.5,4.8,2,Yes,Graduate,No,55.49,Low
Female,19,4.7,77.2,48.0,8.7,6,Yes,Graduate,Yes,64.7,Low
Female,22,1.2,63.7,70.4,8.0,9,Yes,Graduate,No,51.22,Low
Female,22,7.7,61.1,93.8,5.1,3,Yes,Graduate,No,71.04,High
Female,19,2.9,78.8,83.3,5.7,6,Yes,Postgraduate,Yes,66.96,Low
Male,19,1.1,68.6,81.1,8.6,1,Yes,Postgraduate,Yes,55.33,Low
Male,20,1.5,57.0,75.4,6.7,7,Yes,Postgraduate,No,63.57,Low
Female,22,5.1,76.7,59.1,6.8,2,Yes,School,No,62.6,Low
Male,21,2.0,69.4,49.3,7.2,5,Yes,Graduate,No,51.7,Low
Female,18,1.3,86.7,52.4,7.8,5,Yes,Graduate,No,50.78,Low
Female,17,3.7,55.1,40.3,8.7,1,Yes,Graduate,Yes,51.53,Low
Male,17,5.4,81.0,77.0,8.0,7,Yes,Graduate,No,80.73,High
Male,21,1.8,71.8,84.7,8.7,4,No,Graduate,No,58.31,Low
Male,19,3.2,70.3,54.8,8.1,4,Yes,Postgraduate,No,55.13,Low
Male,19,3.9,61.6,45.1,4.2,7,Yes,Postgraduate,Yes,49.3,Low
Male,19,2.1,51.5,58.5,4.6,10,Yes,Graduate,No,52.93,Low
Female,22,4.5,92.4,56.1,8.4,1,Yes,Postgraduate,Yes,64.74,Low
Male,19,1.6,66.3,64.8,4.1,6,Yes,Graduate,No,54.04,Low
Male,19,1.3,84.1,54.5,8.0,1,Yes,School,No,43.73,Low
Male,22,4.6,97.4,58.7,8.2,6,Yes,School,No,65.27,Low
Female,22,2.7,78.2,89.9,6.1,10,No,School,Yes,73.17,High
Male,21,1.7,69.9,58.4,5.8,2,Yes,Graduate,No,58.95,Low
Female,20,4.0,63.4,83.2,5.0,10,Yes,Graduate,Yes,75.22,High
Male,22,7.4,96.7,74.4,4.2,1,Yes,Graduate,Yes,71.01,High
Male,18,6.1,84.1,58.6,7.7,8,Yes,Postgraduate,Yes,76.77,High
Female,19,6.7,83.3,85.0,4.4,7,No,School,No,79.62,High
Male,20,7.1,71.3,72.7,8.7,2,Yes,Postgraduate,No,77.82,High
Male,17,7.8,92.3,40.5,5.5,2,Yes,School,No,63.9,Low
Female,21,6.3,85.7,43.8,8.0,5,Yes,Postgraduate,No,75.27,High
Male,20,5.3,64.2,81.4,4.3,4,No,Postgraduate,No,68.75,Low
Female,22,3.6,80.0,64.6,6.7,4,Yes,Graduate,No,62.27,Low
Female,19,2.3,71.5,62.3,5.7,9,Yes,Graduate,No,56.13,Low
Female,19,5.8,50.3,48.0,4.2,1,Yes,School,No,49.66,Low
Female,19,8.0,90.4,48.7,7.3,10,No,Graduate,Yes,76.41,High
Female,20,4.3,56.1,83.9,8.7,9,Yes,School,Yes,75.69,High
Male,19,6.1,75.5,85.6,4.1,3,No,Graduate,Yes,78.8,High
Male,22,4.5,66.8,70.8,5.4,8,Yes,Graduate,Yes,66.08,Low
Male,20,4.0,67.1,56.2,7.5,5,Yes,Graduate,No,60.35,Low
Female,19,3.9,73.9,91.3,8.4,10,Yes,Graduate,No,77.38,High
Female,17,4.5,99.9,74.3,5.0,3,No,Graduate,Yes,65.63,Low
Female,17,3.6,70.4,83.8,4.4,9,Yes,Postgraduate,Yes,66.64,Low
Female,18,6.2,59.1,40.2,4.0,9,Yes,Graduate,No,70.13,High
Male,19,7.1,80.7,64.8,5.1,8,Yes,School,No,80.54,High
Male,19,7.2,61.8,87.9,4.4,3,Yes,Postgraduate,No,71.04,High
Female,20,2.6,55.3,58.6,5.8,3,Yes,Graduate,Yes,52.14,Low
Female,20,7.3,52.5,80.0,6.2,10,Yes,Graduate,Yes,79.14,High
Male,23,3.4,51.1,76.2,6.4,10,Yes,Graduate,No,69.29,Low
Female,19,3.2,71.6,48.4,4.7,3,Yes,Graduate,No,49.89,Low
Female,18,6.1,71.3,82.6,6.3,6,Yes,Graduate,Yes,83.56,High
Female,19,3.1,59.3,46.2,4.0,2,No,Graduate,Yes,45.84,Low
Male,22,1.4,89.2,80.0,5.2,9,Yes,Graduate,Yes,68.13,Low
Male,20,3.6,56.5,94.5,5.8,2,No,Graduate,No,60.92,Low
Female,19,6.1,95.8,92.7,4.6,10,Yes,School,No,92.98,High
Male,20,3.3,79.4,84.0,8.1,8,Yes,School,No,72.79,High
Female,19,5.4,51.4,69.4,5.0,10,Yes,Postgraduate,No,74.52,High
Female,21,5.6,98.1,77.1,7.8,4,Yes,School,No,81.36,High
Male,20,6.1,65.4,80.0,6.4,4,Yes,School,Yes,83.42,High
Female,18,7.3,72.5,40.5,6.4,5,Yes,Graduate,Yes,56.54,Low
Female,21,4.0,64.2,45.6,7.2,1,Yes,School,Yes,47.25,Low
Male,22,2.2,86.4,72.8,4.2,4,No,School,Yes,50.51,Low
Female,19,3.2,74.3,40.4,4.4,6,Yes,School,No,48.68,Low
Female,23,4.0,56.6,90.0,5.6,10,Yes,Graduate,No,76.01,High
Female,22,6.0,55.2,66.9,6.1,2,Yes,Graduate,Yes,64.43,Low
Male,20,1.1,86.3,54.2,6.1,3,No,School,No,54.28,Low
Female,21,3.2,61.9,61.7,7.4,4,Yes,Graduate,Yes,60.95,Low
Male,22,6.5,56.9,86.8,4.0,3,Yes,School,No,73.02,High
Female,18,5.7,75.0,91.0,8.8,9,Yes,Graduate,Yes,98.17,High
Female,23,6.1,90.1,46.4,4.9,6,Yes,Graduate,Yes,67.49,Low
Female,20,6.7,63.9,82.8,5.2,5,Yes,School,No,82.06,High
Female,21,6.5,63.8,71.8,8.5,5,Yes,Postgraduate,No,72.56,High
Male,22,5.8,91.7,72.2,4.0,2,No,Postgraduate,Yes,62.89,Low
Male,21,4.1,57.4,82.9,9.0,9,Yes,Graduate,Yes,72.71,High
Female,21,7.9,80.8,52.3,4.2,2,Yes,School,No,74.98,High
Female,22,5.0,97.8,69.2,4.6,5,Yes,Graduate,No,69.56,Low
Female,17,2.4,92.1,57.6,5.2,7,Yes,Postgraduate,Yes,61.64,Low
Female,19,3.0,53.1,45.2,6.2,3,Yes,Graduate,No,43.27,Low
Female,20,5.9,66.0,45.8,6.6,8,Yes,School,No,68.57,Low
Female,20,7.5,57.1,47.5,4.5,5,Yes,Graduate,Yes,73.87,High
Female,23,2.3,97.5,73.8,4.4,10,Yes,Graduate,Yes,68.37,Low
Female,23,1.6,99.3,45.8,4.2,3,No,School,No,54.8,Low
Male,23,7.2,61.7,71.4,5.3,3,Yes,Postgraduate,No,65.65,Low
Male,20,7.4,83.5,72.4,8.6,3,Yes,Graduate,No,68.31,Low
Male,21,2.9,92.1,89.7,5.9,3,Yes,School,Yes,61.15,Low
Female,23,3.6,61.7,74.5,7.8,4,Yes,School,No,64.42,Low
Female,22,5.6,59.4,94.2,5.0,10,No,Postgraduate,Yes,81.27,High
Female,19,3.3,50.6,41.7,4.3,1,Yes,Graduate,Yes,38.8,Low
Male,18,7.1,70.6,78.7,6.8,3,Yes,Graduate,No,69.02,Low
Female,20,1.8,95.0,41.5,8.1,10,Yes,Graduate,No,55.39,Low
Male,22,1.3,95.1,80.1,8.5,10,Yes,Graduate,No,67.61,Low
Female,19,2.5,56.4,61.2,6.7,5,Yes,Graduate,No,54.5,Low
Male,19,3.0,60.2,73.6,5.5,8,Yes,School,No,67.63,Low
Male,17,1.8,70.4,57.0,4.5,8,Yes,School,No,51.25,Low
Male,22,1.5,89.0,48.8,7.3,9,No,School,Yes,55.18,Low
Female,20,6.3,80.6,79.8,5.4,9,Yes,Postgraduate,Yes,79.24,High
Male,23,2.1,75.7,89.8,8.2,6,Yes,Postgraduate,Yes,73.26,High
Female,21,7.4,79.6,50.1,7.0,10,Yes,Graduate,No,81.22,High
Female,23,3.6,54.8,90.6,8.3,7,Yes,Graduate,Yes,72.43,High
Female,19,5.7,73.9,47.7,6.8,4,Yes,School,Yes,62.77,Low
Female,19,2.6,99.6,80.5,7.9,3,Yes,Graduate,No,58.97,Low
Female,18,2.7,54.4,92.8,5.5,3,Yes,Graduate,Yes,57.69,Low
Male,23,5.0,76.0,48.1,6.5,2,Yes,Graduate,No,62.34,Low
Female,17,4.9,64.8,63.9,4.1,8,Yes,School,Yes,66.12,Low
Female,19,6.4,77.0,58.6,7.0,7,Yes,Graduate,No,74.45,High
Female,19,6.3,78.7,61.4,6.7,8,No,Postgraduate,No,70.54,High
Female,21,5.7,78.9,81.4,7.8,6,Yes,School,No,87.43,High
Female,21,4.1,92.6,76.4,7.6,10,Yes,Graduate,Yes,80.22,High
Male,18,7.2,69.5,93.3,7.1,10,No,Postgraduate,No,98.43,High
Male,22,5.4,75.8,50.2,4.3,5,Yes,School,Yes,61.19,Low
Female,18,7.9,50.5,69.9,8.5,1,No,Graduate,Yes,75.84,High
Male,18,6.7,89.5,64.7,4.1,8,Yes,School,No,81.16,High
Male,21,1.3,63.0,90.5,8.0,2,Yes,Graduate,No,58.99,Low
Female,23,3.2,90.8,40.6,6.4,1,Yes,Graduate,Yes,63.37,Low
Male,23,5.0,63.3,94.4,8.1,9,Yes,Postgraduate,Yes,83.22,High
Female,23,6.1,50.5,66.4,6.3,8,Yes,Graduate,Yes,71.52,High
Male,22,4.9,57.7,74.4,7.2,9,Yes,Graduate,Yes,77.33,High
Male,21,6.5,99.3,59.8,5.8,5,No,Postgraduate,Yes,73.04,High
Male,17,3.0,66.0,86.9,7.7,3,No,Postgraduate,No,59.42,Low
Female,20,2.3,55.4,70.9,5.3,8,Yes,School,Yes,58.8,Low
Male,20,1.4,55.9,76.5,7.6,4,Yes,Graduate,Yes,53.48,Low
Male,17,5.0,65.5,75.7,5.0,1,No,School,Yes,72.12,High
Female,23,5.8,51.9,60.0,7.6,9,Yes,School,No,66.97,Low
Female,20,3.3,75.6,44.2,5.5,4,Yes,Graduate,No,53.39,Low
Male,22,5.3,60.7,84.4,5.4,2,Yes,School,Yes,67.87,Low
Female,21,1.4,76.0,55.9,8.1,10,Yes,School,No,55.25,Low
Male,20,1.7,57.0,86.7,8.1,3,Yes,Graduate,No,59.39,Low
Male,22,5.9,71.5,73.5,7.5,6,Yes,Graduate,Yes,79.82,High
Female,21,3.6,79.9,59.5,8.6,9,Yes,Postgraduate,No,71.28,High
Female,22,5.7,53.1,72.7,4.8,6,Yes,Graduate,Yes,73.14,High
Female,17,6.8,69.9,75.5,5.3,4,Yes,Postgraduate,No,67.34,Low
Male,18,7.0,65.1,78.9,5.5,1,Yes,Graduate,Yes,76.49,High
Female,17,2.2,62.0,85.2,5.5,2,Yes,Graduate,Yes,50.63,Low
Male,20,4.4,80.2,48.8,5.6,7,Yes,Graduate,No,55.77,Low
Female,21,6.1,79.4,91.9,7.5,3,Yes,Graduate,No,80.42,High
Male,22,6.4,81.5,62.6,5.4,2,Yes,Graduate,No,58.06,Low
Female,20,6.5,57.9,87.3,5.4,6,Yes,Graduate,No,78.42,High
Male,20,2.6,64.3,52.1,6.9,4,Yes,Graduate,Yes,54.54,Low
Female,18,2.3,60.5,41.6,5.0,1,Yes,Graduate,No,32.85,Low
Male,23,5.1,77.0,71.5,5.8,9,Yes,Graduate,No,71.78,High
Female,20,6.2,73.1,57.9,4.3,9,No,Postgraduate,No,76.42,High
Female,18,3.2,66.5,94.1,8.8,5,Yes,School,Yes,66.15,Low
Male,21,1.7,89.3,45.7,5.6,8,Yes,Graduate,Yes,49.6,Low
Female,21,6.0,54.7,42.6,8.3,6,Yes,Postgraduate,No,63.03,Low
Male,22,3.1,98.7,42.5,6.6,7,No,School,Yes,67.0,Low
Male,23,2.2,55.8,51.9,5.1,6,Yes,School,Yes,56.76,Low
Female,18,2.0,88.7,71.9,5.0,7,Yes,Graduate,Yes,57.71,Low
Male,17,3.2,68.4,67.8,7.5,3,Yes,School,Yes,63.59,Low
Female,21,5.1,93.3,59.3,8.8,3,Yes,Graduate,Yes,75.3,High
Female,23,3.5,53.7,44.9,4.9,10,No,Graduate,No,67.35,Low
Male,22,1.1,68.7,52.9,4.6,3,Yes,Postgraduate,No,41.72,Low
Female,17,1.7,66.8,50.1,5.9,10,Yes,School,Yes,61.08,Low
Male,21,3.0,99.7,81.0,6.0,6,Yes,Graduate,No,72.23,High
Male,21,5.6,99.3,82.9,8.0,1,Yes,Graduate,No,73.06,High
Female,22,1.7,59.5,82.7,6.3,9,Yes,Graduate,No,65.59,Low
Female,22,4.9,81.5,93.3,4.3,9,Yes,School,Yes,72.29,High
Male,19,1.8,76.8,88.6,8.6,4,Yes,School,No,68.78,Low
Male,20,2.5,57.7,67.4,5.9,2,Yes,Graduate,No,58.44,Low
Female,20,2.2,58.4,62.8,7.3,7,Yes,School,No,59.92,Low
Female,17,1.5,99.5,90.4,7.3,7,Yes,Graduate,No,68.97,Low
Female,20,5.7,72.6,73.6,4.3,6,No,School,No,71.02,High
Female,17,4.2,56.3,56.2,4.0,8,Yes,School,Yes,67.63,Low
Male,23,6.8,60.7,71.0,4.4,3,Yes,School,No,62.79,Low
Female,21,1.7,63.4,94.6,8.8,2,Yes,Graduate,Yes,64.67,Low
Male,19,2.0,75.5,86.7,8.0,10,Yes,Graduate,Yes,80.11,High
Male,19,3.1,66.8,55.5,4.7,1,Yes,School,No,50.92,Low
Female,21,6.4,72.8,92.4,7.1,3,Yes,School,Yes,82.92,High
Male,22,3.1,58.3,94.0,7.1,8,Yes,Graduate,No,53.77,Low
Female,18,3.9,66.3,52.7,4.0,8,Yes,School,No,65.41,Low
Male,18,3.1,53.5,89.3,6.1,7,Yes,School,No,67.83,Low
Female,20,1.6,94.5,88.6,7.6,2,Yes,School,No,63.52,Low
Male,22,7.6,59.9,42.2,4.9,3,Yes,School,Yes,64.38,Low
Male,17,4.8,87.8,76.8,8.3,7,Yes,Graduate,No,84.59,High
Female,23,6.5,67.5,56.8,7.3,8,Yes,Postgraduate,Yes,82.79,High
Female,19,5.6,73.7,77.1,4.0,9,Yes,School,No,79.69,High
Male,20,4.6,64.6,90.2,8.3,6,Yes,School,No,68.51,Low
Male,21,1.6,84.8,67.4,4.1,10,No,Graduate,No,64.75,Low
Female,22,5.5,92.2,62.8,8.4,3,No,School,No,72.09,High
Male,19,2.1,64.3,90.7,5.7,9,Yes,Postgraduate,No,72.73,High
Female,17,3.9,62.1,93.6,7.5,5,Yes,School,No,71.29,High
Male,17,5.4,84.1,43.4,7.9,4,Yes,School,Yes,67.07,Low
Female,18,6.5,59.8,90.8,5.4,9,Yes,Graduate,No,77.63,High
Male,20,5.8,82.0,44.6,5.8,10,Yes,Graduate,Yes,71.23,High
Female,21,5.7,54.7,58.6,6.5,2,No,Graduate,No,54.97,Low
Female,19,2.0,81.0,81.9,6.9,10,Yes,Postgraduate,No,67.42,Low
Male,23,3.4,75.7,82.7,5.5,4,Yes,Graduate,Yes,65.93,Low
Female,17,1.3,55.7,79.9,9.0,6,No,Graduate,No,61.99,Low
Male,19,6.0,82.5,42.2,7.7,6,No,Graduate,No,67.31,Low
Female,21,7.7,72.3,47.3,5.4,10,Yes,Graduate,No,82.65,High
Female,19,2.8,60.9,91.5,7.2,5,Yes,Graduate,No,64.91,Low
Female,20,1.6,67.7,44.5,6.2,10,Yes,Graduate,No,51.15,Low
Male,18,4.3,74.6,44.3,8.3,7,No,Graduate,No,66.79,Low
Female,19,7.0,54.6,86.0,5.6,5,No,Graduate,No,74.06,High
Male,22,4.9,97.9,75.3,4.9,6,Yes,Graduate,No,79.26,High
Female,18,1.3,83.3,59.3,4.2,1,Yes,Graduate,Yes,41.02,Low
Male,21,7.8,55.1,49.1,8.9,8,Yes,Graduate,No,90.02,High
Male,18,6.8,91.1,88.6,5.8,5,Yes,School,Yes,93.59,High
Male,19,1.9,66.1,94.4,5.1,5,Yes,Postgraduate,No,56.31,Low
Female,19,7.5,79.8,42.7,6.5,10,No,School,No,78.9,High
Male,22,4.2,63.9,70.5,5.5,6,Yes,Graduate,No,62.22,Low
Female,17,3.6,86.7,54.4,5.2,6,Yes,Postgraduate,Yes,59.54,Low
Male,22,4.2,86.2,85.8,7.1,8,Yes,Postgraduate,No,82.84,High
Male,19,6.8,77.6,59.0,4.4,4,Yes,Graduate,No,73.18,High
Male,23,5.6,62.0,79.3,6.5,4,Yes,Graduate,No,67.82,Low
Male,18,1.4,62.7,69.7,5.9,3,Yes,School,No,46.83,Low
Female,22,7.7,69.1,69.8,6.7,9,Yes,Graduate,No,89.14,High
Male,22,2.0,57.3,87.2,5.6,8,Yes,School,Yes,58.12,Low
Male,23,6.2,66.9,65.9,6.9,5,Yes,Graduate,Yes,74.01,High
Female,23,5.5,84.2,86.5,4.4,8,Yes,Postgraduate,No,77.22,High
Male,23,2.3,91.5,60.0,5.9,6,Yes,Postgraduate,Yes,63.66,Low
Male,17,2.2,66.6,49.6,5.2,5,Yes,Graduate,Yes,47.23,Low
Male,19,7.1,61.7,65.1,6.2,9,Yes,School,No,79.97,High
Male,19,3.9,91.6,67.4,6.0,9,Yes,School,No,71.46,High
Female,21,5.6,94.5,66.3,7.2,8,Yes,Graduate,No,86.46,High
Female,17,4.5,70.5,84.5,7.1,10,Yes,Graduate,Yes,83.62,High
Male,21,6.1,51.3,71.1,6.1,3,Yes,School,Yes,67.85,Low
Female,21,4.4,84.7,88.9,4.9,9,Yes,School,No,83.6,High
Female,21,3.0,89.2,68.3,6.9,6,Yes,Graduate,Yes,68.18,Low
Male,20,3.5,50.9,52.4,8.8,9,Yes,Graduate,Yes,58.96,Low
Female,21,7.0,79.8,47.1,4.9,1,Yes,Postgraduate,No,59.81,Low
Male,22,4.3,79.4,87.8,4.3,1,Yes,School,No,65.55,Low
Female,18,2.5,68.9,43.1,5.3,6,Yes,Graduate,Yes,52.1,Low
Female,22,7.5,87.5,46.5,6.1,4,Yes,Postgraduate,Yes,72.35,High
Female,22,6.6,71.4,43.5,5.5,5,Yes,Graduate,No,60.83,Low
Male,19,1.4,83.8,63.3,8.2,5,Yes,School,No,58.18,Low
Female,20,8.0,75.9,69.3,6.5,3,Yes,Graduate,Yes,81.01,High
Male,21,5.9,62.4,41.1,5.2,9,Yes,Postgraduate,No,73.93,High
Male,19,2.1,80.3,68.4,8.8,1,Yes,School,Yes,54.34,Low
Female,17,2.7,86.8,61.7,4.6,6,Yes,Postgraduate,Yes,54.04,Low
Male,17,5.8,98.7,82.6,4.6,2,Yes,School,Yes,75.7,High
Female,19,6.5,69.0,85.6,5.2,2,No,School,Yes,74.32,High
Male,18,2.7,53.2,77.7,4.4,9,Yes,Postgraduate,Yes,59.5,Low
Male,19,2.8,99.4,66.0,7.8,10,No,Postgraduate,No,70.97,High
Female,19,3.1,81.2,51.9,5.6,2,Yes,School,Yes,57.27,Low
Female,20,5.2,97.3,86.6,7.6,9,Yes,School,No,85.91,High
Female,17,2.2,55.2,58.8,7.8,8,Yes,Postgraduate,No,56.5,Low
Female,17,1.7,67.1,59.6,5.2,7,No,School,No,48.43,Low
Male,21,5.8,56.7,90.4,6.6,8,Yes,School,Yes,80.74,High
Male,22,6.5,91.8,93.7,6.6,9,No,School,No,88.91,High
Male,19,4.5,94.0,89.4,8.4,10,Yes,Graduate,Yes,83.09,High
Female,19,3.5,75.1,94.9,4.1,9,Yes,Postgraduate,No,67.98,Low
Male,18,4.0,59.3,87.8,5.6,3,Yes,School,No,66.68,Low
Female,23,3.7,56.4,78.7,8.4,10,No,School,No,69.76,Low
Male,23,7.7,79.4,56.2,5.2,1,Yes,Graduate,No,65.8,Low
Female,17,6.4,75.3,92.4,4.7,8,No,Graduate,Yes,83.71,High
Male,18,2.5,84.7,88.2,6.9,10,Yes,Graduate,No,78.74,High
Male,20,3.7,65.3,53.2,5.5,4,Yes,Graduate,No,57.31,Low
Female,21,4.8,70.1,66.9,6.3,5,Yes,School,No,67.69,Low
Male,18,5.3,51.1,43.9,8.1,6,Yes,School,Yes,66.51,Low
Female,17,4.3,80.5,92.4,6.6,6,Yes,School,Yes,81.02,High
Male,20,6.7,71.2,71.5,6.6,7,Yes,School,No,80.2,High
Male,19,6.4,96.0,53.5,5.4,10,Yes,Postgraduate,Yes,83.18,High
Female,20,4.5,82.1,56.1,8.0,3,Yes,School,No,67.07,Low
Female,22,7.0,69.9,93.9,7.7,2,Yes,Postgraduate,No,83.65,High
Male,18,6.3,63.2,73.9,5.2,9,Yes,Graduate,No,82.44,High
Male,17,6.5,95.3,63.1,5.6,2,Yes,Postgraduate,Yes,69.0,Low
Male,18,7.7,50.8,67.5,7.9,9,Yes,School,Yes,80.79,High
Male,19,2.9,66.3,45.4,5.8,10,No,School,Yes,61.82,Low
Male,23,2.9,97.2,44.1,6.0,4,Yes,School,No,57.63,Low
Male,19,7.2,82.7,72.6,5.8,1,Yes,Graduate,No,81.0,High
Female,17,6.4,76.6,68.2,4.8,3,No,Graduate,Yes,78.35,High
Female,22,7.5,60.2,59.8,5.7,10,Yes,Postgraduate,No,84.87,High
Female,21,1.4,91.7,71.1,8.0,2,No,Graduate,Yes,45.83,Low
Male,20,5.4,60.2,44.0,6.5,4,No,Graduate,Yes,63.29,Low
Male,20,2.0,62.4,91.9,6.3,2,No,Graduate,No,56.94,Low
Male,19,4.5,59.6,56.2,4.8,10,Yes,School,Yes,62.11,Low
Female,18,2.1,57.9,43.9,4.9,6,Yes,School,Yes,44.25,Low
Female,23,1.9,97.7,49.3,4.2,10,Yes,Graduate,No,55.12,Low
Male,18,1.1,80.1,45.3,4.1,1,Yes,School,No,44.47,Low
Male,22,5.4,81.9,49.8,6.4,5,Yes,Postgraduate,Yes,69.57,Low
Female,21,3.5,97.7,62.9,6.0,9,Yes,Postgraduate,Yes,62.63,Low
Female,18,1.7,61.5,80.6,5.4,1,Yes,Graduate,No,50.78,Low
Female,20,3.3,50.3,55.0,9.0,4,Yes,Graduate,No,48.59,Low
Male,23,2.2,79.9,64.0,6.0,2,Yes,Graduate,Yes,57.4,Low
Male,18,7.6,75.4,91.1,7.9,2,Yes,Graduate,Yes,78.01,High
Male,23,3.2,73.9,56.3,5.1,5,Yes,Graduate,No,45.3,Low
Female,21,3.3,53.1,83.7,5.2,2,Yes,School,Yes,58.87,Low
Female,20,6.9,72.7,48.7,6.8,5,Yes,Graduate,No,74.4,High
Male,23,5.5,64.4,49.8,4.0,1,Yes,Postgraduate,No,59.39,Low
Male,18,6.0,63.7,65.1,4.1,5,No,Graduate,No,66.8,Low
Female,20,5.5,61.1,52.9,4.7,3,Yes,School,Yes,59.22,Low
Male,19,7.6,66.6,89.7,5.1,2,Yes,School,No,81.48,High
Female,19,2.4,67.7,42.8,6.6,4,Yes,Graduate,No,53.77,Low
Female,22,7.9,65.4,72.8,7.4,1,Yes,Postgraduate,Yes,74.44,High
Male,19,6.8,98.9,73.2,5.6,3,Yes,Postgraduate,Yes,77.19,High
Female,18,5.1,96.6,43.6,5.2,1,Yes,Postgraduate,No,47.76,Low
Male,21,5.6,78.7,80.3,8.1,8,Yes,Postgraduate,Yes,82.68,High
Female,20,5.5,99.1,65.8,4.8,5,Yes,School,No,80.59,High
Female,23,1.4,99.6,79.8,7.4,1,Yes,School,No,61.97,Low
Male,17,2.5,67.8,85.5,8.7,2,Yes,Graduate,No,66.05,Low
Female,19,7.7,72.3,57.8,5.2,9,Yes,Graduate,No,83.69,High
Male,19,4.7,98.0,66.6,4.4,7,Yes,Graduate,Yes,74.8,High
Male,17,3.6,80.4,54.3,8.9,3,Yes,School,No,55.45,Low
Female,23,6.3,60.6,51.1,5.4,1,No,Graduate,No,56.42,Low
Male,23,4.7,84.5,40.0,5.4,2,Yes,School,Yes,49.87,Low
Male,17,1.1,60.3,93.0,6.4,7,Yes,Graduate,No,64.65,Low
Male,23,6.2,67.0,64.3,5.2,8,Yes,School,No,80.55,High
Male,18,6.1,61.4,40.7,9.0,5,Yes,Postgraduate,No,71.28,High
Male,23,2.2,62.2,40.5,4.2,4,Yes,Postgraduate,No,38.28,Low
Male,20,7.7,50.2,55.9,6.3,10,Yes,Postgraduate,No,77.37,High
Female,23,2.6,94.0,40.8,6.7,4,Yes,Graduate,Yes,46.31,Low
Male,19,4.2,64.8,60.6,6.3,5,Yes,Graduate,No,56.1,Low
Female,21,1.8,54.3,43.5,6.6,7,Yes,School,No,42.46,Low
Female,18,5.2,54.3,42.2,8.9,7,Yes,Graduate,Yes,70.7,High
Male,18,3.6,77.8,76.8,8.4,4,Yes,Graduate,No,65.69,Low
Female,23,3.5,99.6,89.9,5.5,1,Yes,School,No,61.37,Low
Female,21,6.8,57.3,62.5,6.8,5,Yes,Graduate,No,67.88,Low
Male,21,1.1,55.0,86.0,4.0,7,Yes,Graduate,Yes,61.01,Low
Male,22,6.6,71.9,41.6,6.0,4,Yes,Graduate,No,65.99,Low
Male,21,5.0,78.2,82.8,4.8,7,No,School,Yes,70.66,High
Female,23,7.9,64.7,43.5,7.6,8,Yes,Graduate,Yes,83.58,High
Female,23,5.1,65.1,86.1,5.1,2,Yes,Postgraduate,No,69.45,Low
Male,17,1.4,71.2,88.5,7.7,2,Yes,Graduate,No,53.18,Low
Male,19,1.4,65.7,83.2,5.6,5,Yes,Graduate,Yes,56.5,Low
Female,22,7.2,95.8,85.1,8.6,3,Yes,Postgraduate,No,91.12,High
Female,23,6.9,52.1,70.9,6.2,4,Yes,Graduate,Yes,67.95,Low
Female,17,3.4,61.7,54.6,8.2,1,Yes,School,No,54.35,Low
Female,22,5.3,90.4,75.4,7.1,4,No,Postgraduate,No,76.39,High
Male,19,4.4,91.7,64.2,8.9,4,Yes,Graduate,No,65.87,Low
Female,22,7.8,55.6,40.3,7.7,4,Yes,Graduate,No,63.43,Low
Female,17,7.6,98.7,66.2,7.6,3,Yes,School,Yes,70.62,High
Female,20,7.9,84.7,75.8,5.3,2,Yes,School,Yes,77.42,High
Female,23,7.1,63.6,40.8,6.5,4,Yes,School,Yes,56.47,Low
Male,19,7.4,72.8,74.2,5.5,8,Yes,Graduate,No,75.0,High
Male,18,2.5,64.9,75.9,4.1,3,Yes,School,No,43.72,Low
Female,19,6.8,57.5,48.7,7.6,6,Yes,School,No,68.04,Low
Female,19,6.0,64.6,63.7,5.2,2,Yes,School,Yes,68.32,Low
Male,19,7.7,79.0,93.0,6.0,1,Yes,Graduate,No,76.07,High
Male,20,5.0,91.3,88.6,5.4,7,Yes,Graduate,No,86.07,High
Female,23,1.6,68.2,62.6,5.0,6,Yes,Postgraduate,No,58.36,Low
Female,17,5.2,67.4,59.2,4.3,10,Yes,Graduate,Yes,66.24,Low
Male,23,5.8,73.4,46.8,5.7,4,No,Postgraduate,Yes,53.52,Low
Male,18,2.5,82.2,41.9,4.4,7,No,Graduate,No,58.84,Low
Male,17,3.8,87.6,56.4,6.7,6,No,Graduate,Yes,71.43,High
Male,22,5.2,66.3,91.7,4.1,2,Yes,School,Yes,68.37,Low
Male,22,3.6,79.3,92.7,8.7,4,Yes,Graduate,No,73.08,High
Male,22,3.6,69.5,84.7,8.8,9,Yes,School,No,76.18,High
Female,17,1.9,85.8,59.3,5.5,8,Yes,Graduate,Yes,61.84,Low
Male,21,7.6,58.2,47.9,5.3,6,Yes,Graduate,No,74.69,High
Male,20,6.3,62.8,72.8,4.5,1,Yes,School,No,63.07,Low
Male,21,1.0,71.3,75.6,8.5,7,Yes,Graduate,No,54.25,Low
Male,23,6.4,94.5,63.4,6.9,1,Yes,Postgraduate,Yes,69.42,Low
Female,22,6.2,78.7,78.0,7.1,8,No,School,No,83.33,High
Female,20,1.1,98.3,81.1,8.5,3,Yes,School,No,64.03,Low
Male,17,3.6,55.2,83.1,8.6,9,Yes,Graduate,No,77.07,High
Female,22,5.2,73.0,67.6,8.1,5,Yes,Graduate,No,74.68,High
Female,17,4.2,71.0,83.5,7.9,6,Yes,Graduate,Yes,74.48,High
Female,20,6.4,80.0,41.4,8.4,4,Yes,School,No,65.81,Low
Female,17,4.0,90.6,77.4,8.4,6,Yes,School,No,65.45,Low
Female,17,2.1,92.1,53.0,5.8,9,Yes,School,No,66.24,Low
Female,18,7.8,83.5,54.9,8.9,7,Yes,School,No,93.08,High
Male,23,2.7,82.1,45.0,7.5,2,Yes,Postgraduate,No,49.22,Low
Male,21,6.0,97.5,50.6,5.9,6,Yes,School,No,78.71,High
Male,21,2.0,69.2,94.6,6.2,9,Yes,School,Yes,62.35,Low
Male,21,3.3,91.6,62.8,7.4,8,Yes,Postgraduate,No,67.23,Low
Male,19,4.1,96.1,91.0,5.8,1,Yes,Postgraduate,Yes,63.89,Low
Female,18,2.3,74.6,49.0,8.1,5,Yes,School,No,62.42,Low
Male,22,4.1,86.5,51.2,4.7,6,Yes,Graduate,No,59.27,Low
Male,22,2.1,68.9,70.7,8.5,9,Yes,Graduate,Yes,65.78,Low
Female,22,4.9,57.9,59.2,5.5,4,Yes,School,No,61.92,Low
Female,21,5.6,79.3,75.4,4.8,1,Yes,Graduate,Yes,76.45,High
Male,23,1.4,59.8,63.2,8.3,6,Yes,Postgraduate,Yes,49.5,Low
Female,21,7.1,72.9,84.6,5.2,9,Yes,Graduate,No,91.25,High
Female,23,2.3,93.6,63.7,8.2,6,Yes,Graduate,Yes,59.82,Low
Female,18,2.6,54.3,71.5,5.5,7,No,Graduate,No,58.02,Low
Female,23,5.6,51.5,57.7,8.7,10,Yes,Graduate,Yes,84.75,High
Male,17,4.3,80.3,78.7,5.1,4,No,Graduate,Yes,68.51,Low
Female,21,4.5,66.6,76.0,4.3,2,Yes,School,No,65.74,Low
Male,22,1.9,70.9,61.8,8.7,3,Yes,Postgraduate,Yes,54.6,Low
Male,17,6.6,70.3,55.2,4.8,1,Yes,Postgraduate,No,64.36,Low
Female,21,5.3,54.3,73.8,8.7,2,Yes,School,No,69.46,Low
Female,20,1.9,50.2,91.9,8.1,7,Yes,School,No,59.32,Low
Female,19,3.6,94.9,47.3,4.4,9,Yes,Graduate,No,67.2,Low
Male,21,6.7,60.9,84.0,6.2,9,Yes,Graduate,Yes,75.79,High
Female,20,5.0,71.3,69.9,4.4,9,Yes,Postgraduate,No,68.05,Low
Female,18,1.8,98.6,68.9,5.6,1,Yes,School,No,61.1,Low
Female,20,3.6,91.3,92.9,5.8,7,Yes,Graduate,No,72.49,High
Female,18,2.7,55.4,73.3,7.0,7,Yes,Graduate,Yes,65.38,Low
Female,21,4.6,75.4,85.7,8.9,9,Yes,Graduate,No,62.76,Low
Male,18,6.9,86.5,68.3,4.8,9,Yes,Graduate,Yes,80.31,High
Female,20,4.1,84.9,53.7,5.6,1,Yes,Graduate,Yes,54.03,Low
Female,23,4.0,88.0,78.2,6.9,10,Yes,School,No,75.83,High
Female,19,7.3,72.9,90.8,4.9,5,Yes,Postgraduate,No,82.78,High
Male,17,5.0,58.8,86.3,7.6,2,Yes,School,Yes,70.06,High
Female,17,5.0,73.2,50.9,6.0,6,Yes,School,Yes,62.98,Low
Male,19,2.8,82.4,57.4,8.7,2,Yes,Graduate,Yes,58.58,Low
Male,22,5.3,80.4,68.4,7.1,6,Yes,Graduate,Yes,73.64,High
Female,17,5.0,53.5,71.4,5.8,7,No,Graduate,Yes,74.5,High
Female,21,3.8,53.2,50.7,7.6,6,No,Graduate,No,65.18,Low
Female,22,7.9,98.3,52.7,8.2,1,Yes,Graduate,No,78.74,High
Male,21,7.2,57.6,81.7,8.0,4,Yes,Graduate,Yes,84.13,High
Male,20,6.2,64.7,80.2,5.3,3,Yes,School,Yes,71.89,High
Male,20,4.8,88.4,86.2,6.1,5,Yes,Postgraduate,No,81.73,High
Male,22,4.2,70.5,91.3,6.3,7,Yes,Graduate,No,75.85,High
Male,22,2.3,59.1,57.0,5.9,3,No,School,No,47.63,Low
Male,22,3.1,73.4,87.3,5.6,1,Yes,Graduate,Yes,50.31,Low
Female,22,6.4,78.4,76.6,7.8,9,Yes,Postgraduate,No,87.28,High
Female,18,4.2,72.6,92.7,4.1,6,No,School,No,73.93,High
Male,23,7.2,95.9,55.0,5.5,6,Yes,Graduate,No,73.25,High
Female,22,2.0,64.2,54.8,4.7,4,Yes,Graduate,No,45.03,Low
Female,23,4.6,83.1,78.7,4.6,1,No,School,Yes,56.92,Low
Male,22,5.5,55.6,91.1,5.4,9,Yes,Postgraduate,No,83.14,High
Male,20,4.6,69.6,85.4,7.8,10,Yes,Graduate,No,77.26,High
Female,21,7.2,87.0,80.0,8.8,7,Yes,School,Yes,93.23,High
Male,23,7.9,61.2,61.3,6.6,10,Yes,Postgraduate,No,81.38,High
Male,20,1.8,79.5,79.5,5.7,7,Yes,Graduate,No,58.66,Low
Female,17,1.9,57.7,84.1,8.1,7,Yes,Postgraduate,No,68.21,Low
Male,18,1.9,55.1,81.4,4.3,7,Yes,Graduate,No,54.74,Low
Female,18,5.8,76.2,77.2,4.5,8,Yes,Graduate,Yes,83.21,High
Female,21,3.6,83.8,42.6,5.7,8,Yes,Graduate,Yes,57.91,Low
Female,22,6.1,55.7,76.3,6.2,3,Yes,Graduate,Yes,68.3,Low
Female,20,3.8,95.9,66.3,8.0,8,Yes,School,Yes,80.71,High
Female,17,5.4,61.3,92.9,8.6,4,Yes,Postgraduate,Yes,77.73,High
Male,20,6.4,56.0,73.4,6.7,7,Yes,School,Yes,80.47,High
Male,22,4.8,60.1,73.5,6.5,5,Yes,Graduate,Yes,77.87,High
Male,22,4.8,58.5,94.7,5.1,4,No,School,Yes,69.73,Low
Male,19,1.6,54.5,45.1,6.3,4,Yes,Postgraduate,Yes,47.74,Low
Female,20,3.9,89.9,55.2,8.6,6,Yes,Graduate,Yes,67.68,Low
Female,21,4.8,74.8,76.1,6.0,2,Yes,Postgraduate,Yes,66.72,Low
Male,20,4.2,69.4,57.3,5.1,5,Yes,Graduate,No,58.34,Low
Female,18,7.3,97.5,59.0,5.7,8,Yes,Postgraduate,No,84.77,High
Male,17,7.3,68.6,89.1,6.6,2,Yes,Graduate,Yes,73.94,High
Male,23,6.8,58.3,71.9,7.0,5,No,Graduate,No,80.77,High
Male,21,3.6,63.7,45.7,6.2,7,Yes,Graduate,No,70.59,High
Female,19,6.0,61.9,57.1,7.8,5,Yes,School,No,70.02,High
Female,17,3.8,74.9,44.2,6.9,10,Yes,Graduate,No,62.96,Low
Female,17,2.6,64.6,70.6,7.3,9,Yes,Postgraduate,No,74.3,High
Female,23,3.4,75.8,49.5,8.3,9,Yes,Graduate,Yes,63.87,Low
Male,18,1.5,83.5,87.1,8.3,8,Yes,Postgraduate,Yes,66.98,Low
Female,18,3.3,88.9,71.8,5.0,9,Yes,School,No,72.28,High
Female,18,4.2,85.5,43.3,7.1,2,Yes,Graduate,No,55.02,Low
Female,21,7.7,60.3,56.5,7.6,3,Yes,School,Yes,78.16,High
Male,20,3.2,55.8,73.9,4.7,4,Yes,Graduate,No,48.61,Low
Male,17,7.3,77.1,58.5,8.2,5,Yes,Graduate,No,79.25,High
Female,20,2.6,59.9,68.2,4.9,10,Yes,Graduate,Yes,70.49,High
Female,20,2.3,54.2,90.0,8.0,2,Yes,School,No,45.96,Low
Female,18,4.6,76.4,59.3,4.8,10,Yes,School,No,79.41,High
Female,20,5.7,66.3,58.5,7.7,4,Yes,Graduate,Yes,68.75,Low
Male,17,1.3,87.8,85.1,4.7,4,Yes,Graduate,Yes,68.51,Low
Female,17,2.5,65.7,57.5,5.9,5,Yes,School,No,62.23,Low
Female,22,4.2,98.9,44.3,4.7,6,Yes,Graduate,Yes,56.66,Low
Female,19,3.3,87.9,50.0,5.4,1,Yes,Graduate,No,63.4,Low
Male,21,6.0,52.9,92.2,8.9,6,Yes,School,Yes,74.87,High
Male,20,4.6,75.4,91.3,4.5,9,Yes,Graduate,No,81.12,High
Female,21,2.1,78.1,52.4,6.0,3,Yes,Graduate,Yes,38.16,Low
Female,21,7.3,84.8,70.4,7.4,2,Yes,School,Yes,81.33,High
Female,21,3.1,74.9,47.6,4.5,8,Yes,Graduate,No,60.68,Low
Female,23,6.1,74.2,77.1,4.5,2,Yes,School,Yes,78.33,High
Female,22,6.5,68.4,50.2,4.7,8,Yes,Graduate,Yes,74.78,High
Male,21,7.7,63.6,42.7,7.2,10,Yes,Graduate,Yes,72.47,High
Male,22,4.5,97.3,85.4,8.5,4,Yes,Postgraduate,No,81.47,High
Male,17,5.3,65.9,57.9,8.1,9,Yes,Graduate,Yes,70.79,High
Female,23,3.3,53.2,46.0,8.9,4,Yes,School,Yes,62.93,Low
Male,20,5.7,58.4,85.9,6.9,1,Yes,Postgraduate,No,71.01,High
Male,22,4.2,92.9,81.9,8.8,8,Yes,Graduate,Yes,79.19,High
Male,19,4.1,79.3,77.6,5.5,1,No,School,No,68.16,Low
Female,21,7.0,88.9,90.1,6.1,5,Yes,School,No,86.88,High
Female,23,1.4,90.4,66.9,6.0,7,Yes,School,No,69.43,Low
Male,19,7.2,91.2,47.0,4.2,3,Yes,Postgraduate,Yes,64.18,Low
Female,17,7.0,77.5,43.4,8.1,6,Yes,Graduate,No,70.9,High
Male,17,4.5,58.9,57.5,4.1,1,Yes,Graduate,No,57.67,Low
Male,18,4.4,57.4,44.8,7.6,6,No,Graduate,Yes,57.18,Low
Male,21,3.5,78.7,69.5,6.0,5,Yes,Graduate,No,68.76,Low
Male,18,8.0,68.3,40.8,4.0,2,Yes,Postgraduate,Yes,68.15,Low
Female,23,1.8,77.9,64.4,5.4,4,Yes,Graduate,Yes,49.47,Low
Female,19,5.1,74.9,49.8,5.7,7,No,Graduate,No,68.29,Low
Female,20,5.8,80.1,60.3,8.8,6,Yes,School,No,74.46,High
Female,18,7.5,51.6,77.1,7.3,10,Yes,Graduate,No,82.74,High
Male,17,6.5,51.6,59.3,6.7,6,Yes,Graduate,Yes,73.22,High
Female,21,5.5,86.1,58.8,4.6,9,Yes,School,No,71.12,High
Male,19,1.8,59.7,94.5,6.0,2,No,Graduate,Yes,57.01,Low
Female,22,3.6,82.6,79.5,4.2,1,Yes,Graduate,No,70.18,High
Female,23,2.0,77.3,68.3,7.8,2,Yes,Graduate,Yes,55.88,Low
Female,23,7.2,99.1,71.9,4.8,3,Yes,Graduate,No,76.71,High
Male,17,6.2,91.8,74.1,7.0,9,No,School,No,78.43,High
Male,22,6.3,70.7,41.4,7.5,10,Yes,Graduate,Yes,66.52,Low
Male,23,5.6,80.8,44.4,5.8,9,Yes,Graduate,Yes,65.92,Low
Male,20,4.5,55.9,75.7,7.2,5,Yes,Graduate,No,65.29,Low
Female,21,2.0,69.3,60.0,7.8,7,Yes,School,No,46.0,Low
Male,20,3.3,86.7,43.0,4.9,3,No,School,Yes,52.02,Low
Male,23,2.0,81.1,56.4,7.0,10,Yes,Graduate,No,56.12,Low
Female,20,6.1,74.2,47.2,7.7,2,Yes,Postgraduate,No,63.52,Low
Female,23,2.1,58.8,90.4,5.8,6,No,Graduate,No,61.76,Low
Male,21,5.9,90.2,51.2,4.8,6,Yes,Postgraduate,No,72.68,High
Female,21,5.8,63.7,47.9,5.4,5,Yes,Postgraduate,No,63.23,Low
Male,22,4.2,91.0,74.4,8.7,1,Yes,Graduate,No,63.84,Low
Female,20,1.9,80.6,68.7,5.8,10,Yes,Graduate,Yes,60.27,Low
Male,19,3.2,68.6,71.7,4.5,2,Yes,School,No,48.69,Low
Male,22,3.2,52.0,64.0,4.4,7,Yes,Graduate,Yes,63.94,Low
Male,21,5.9,61.6,65.7,4.9,10,Yes,Graduate,Yes,80.6,High
Male,17,1.8,94.5,82.8,4.6,2,Yes,School,No,56.49,Low
Male,23,6.8,90.9,52.1,6.5,5,Yes,School,Yes,75.14,High
Female,22,6.3,78.7,61.8,5.7,10,Yes,Graduate,No,79.82,High
Male,18,2.3,73.3,92.7,8.2,4,Yes,Graduate,Yes,72.16,High
Male,19,6.0,82.4,50.4,8.4,10,Yes,School,Yes,77.04,High
Male,23,5.7,73.3,56.2,6.4,1,Yes,Postgraduate,No,51.46,Low
Male,22,6.2,82.2,50.5,8.4,5,Yes,Graduate,No,74.94,High
Male,21,2.3,65.4,41.1,6.3,1,Yes,School,No,34.97,Low
Female,21,2.1,91.9,54.8,7.2,3,No,Graduate,No,60.27,Low
Female,19,2.7,85.1,42.6,4.8,9,Yes,Graduate,No,53.89,Low
Male,18,3.6,66.5,48.5,4.3,7,Yes,School,No,58.83,Low
Female,22,6.6,91.5,59.9,4.8,2,Yes,Graduate,Yes,69.18,Low
Male,22,6.2,74.4,41.1,5.3,5,Yes,Graduate,Yes,63.7,Low
Female,20,7.5,58.7,81.4,7.8,4,Yes,Graduate,No,82.96,High
Female,17,1.4,53.9,83.8,4.9,7,No,Postgraduate,No,57.58,Low
Male,21,1.1,85.0,62.6,4.7,4,Yes,Graduate,Yes,48.82,Low
Female,22,5.9,93.3,94.2,8.6,9,Yes,School,Yes,91.04,High
Female,22,3.0,90.4,77.3,7.4,3,Yes,Graduate,No,58.55,Low
Male,23,3.3,82.8,80.9,6.4,6,Yes,Graduate,No,70.16,High
Male,23,4.8,57.1,50.6,4.5,5,Yes,Graduate,No,59.47,Low
Female,22,1.7,54.7,86.1,8.3,10,Yes,Postgraduate,No,82.53,High
Female,18,5.5,67.3,92.0,4.5,8,Yes,School,No,80.36,High
Female,17,3.3,92.7,53.0,7.1,1,Yes,Postgraduate,No,55.64,Low
Male,22,5.4,98.1,77.8,7.3,10,Yes,Postgraduate,No,81.46,High
Female,19,6.8,62.1,81.1,6.0,2,Yes,Postgraduate,No,71.1,High
Female,21,2.2,88.1,56.8,8.6,7,Yes,Graduate,Yes,62.69,Low
Female,20,7.5,78.7,66.1,4.3,1,Yes,Graduate,No,66.47,Low
Male,23,4.7,51.6,45.4,8.1,5,Yes,School,Yes,61.74,Low
Male,19,7.5,77.1,49.5,6.8,8,Yes,Graduate,Yes,77.94,High
Male,21,2.5,90.3,43.4,7.1,10,Yes,Graduate,No,66.42,Low
Male,23,5.2,63.8,70.8,8.9,5,Yes,Graduate,No,66.87,Low
Female,18,3.8,94.9,74.4,6.9,5,Yes,Graduate,No,72.15,High
Male,23,6.4,61.8,90.4,8.0,9,Yes,School,No,85.52,High
Female,17,5.2,53.8,69.8,4.8,5,No,Graduate,No,71.21,High
Female,17,4.5,58.0,54.3,8.0,1,Yes,Postgraduate,No,55.59,Low
Female,21,7.4,91.9,43.3,7.8,3,Yes,Graduate,No,66.96,Low
Female,19,3.6,70.9,88.7,8.8,5,No,Graduate,No,70.28,High
Male,20,2.5,89.8,66.3,8.7,8,Yes,Graduate,No,59.89,Low
Male,18,5.3,76.6,80.6,5.1,10,Yes,School,No,82.3,High
Male,21,5.4,74.0,40.8,6.3,2,Yes,School,No,64.88,Low
Male,18,4.1,90.3,66.8,8.6,4,No,Graduate,Yes,70.29,High
Male,17,4.4,71.2,57.9,7.2,4,Yes,School,No,63.77,Low
Female,22,7.7,90.1,41.7,6.3,3,Yes,Postgraduate,Yes,74.06,High
Male,22,6.1,55.0,82.7,4.5,6,Yes,Postgraduate,No,69.28,Low
Male,20,1.8,81.8,68.2,5.8,10,Yes,Graduate,Yes,61.03,Low
Male,18,2.5,85.1,58.3,7.3,2,Yes,Graduate,No,57.43,Low
Male,21,7.8,95.0,84.3,7.9,3,Yes,Graduate,No,86.75,High
Female,20,6.1,61.2,64.6,6.2,2,Yes,Graduate,No,75.76,High
Female,23,7.4,80.2,40.2,4.3,10,No,School,No,84.22,High
Female,23,3.1,71.7,91.9,7.2,8,No,School,No,69.74,Low
Female,19,6.2,69.1,54.1,8.6,2,Yes,Graduate,Yes,62.84,Low
Female,22,6.0,55.3,85.7,6.5,5,Yes,Postgraduate,Yes,67.96,Low
Male,21,3.1,56.7,84.9,8.6,4,No,School,No,60.01,Low
Female,18,4.9,91.8,48.9,5.8,1,Yes,Graduate,No,58.65,Low
Female,20,5.4,87.5,66.1,8.4,7,Yes,Postgraduate,Yes,79.25,High
Female,21,4.4,69.1,42.2,7.9,6,Yes,School,No,60.37,Low
Male,20,6.8,91.4,59.5,8.8,10,Yes,Graduate,No,97.35,High
Male,20,6.8,54.0,80.2,8.0,1,Yes,Postgraduate,No,76.22,High
Female,20,7.0,81.2,53.0,5.6,9,Yes,Graduate,No,81.71,High
Male,18,6.6,93.4,46.4,8.5,4,Yes,School,No,76.13,High
Male,21,4.4,91.9,67.9,7.3,1,Yes,Graduate,Yes,54.92,Low
Female,17,3.7,68.6,69.5,4.8,8,Yes,Graduate,No,54.46,Low
Male,17,6.8,87.3,77.2,4.2,1,Yes,Graduate,No,73.42,High
Male,18,4.4,71.4,81.8,5.8,2,Yes,School,No,69.71,Low
Male,23,2.7,92.0,78.3,7.9,5,Yes,Graduate,No,65.52,Low
Female,18,4.6,76.5,86.5,7.1,1,Yes,Graduate,Yes,70.18,High
Female,22,2.0,88.2,52.3,6.6,1,Yes,Postgraduate,Yes,53.15,Low
Female,20,5.8,53.9,71.3,4.0,6,Yes,Graduate,Yes,73.52,High
Male,21,3.4,79.5,59.8,6.2,1,Yes,Graduate,Yes,52.6,Low
Female,21,2.8,77.5,92.9,4.8,5,Yes,School,Yes,65.82,Low
Male,19,7.7,80.5,64.2,6.3,10,Yes,Postgraduate,No,85.59,High
Male,19,6.4,84.8,92.8,9.0,5,Yes,School,Yes,83.34,High
Male,17,6.5,95.9,82.3,8.4,2,Yes,School,No,82.04,High
Female,19,5.4,89.3,79.5,5.6,3,Yes,School,No,67.82,Low
Female,19,6.9,61.0,67.0,7.0,3,No,Postgraduate,Yes,78.05,High
Female,17,6.3,91.3,64.4,6.5,3,Yes,Graduate,No,73.28,High
Female,22,5.2,56.1,69.0,4.7,3,Yes,Postgraduate,Yes,60.88,Low
Male,23,7.7,81.1,56.1,8.9,4,Yes,School,Yes,70.4,High
Female,17,2.3,94.1,89.7,6.1,10,No,Graduate,No,69.73,Low
Male,23,7.6,55.1,83.7,6.5,1,Yes,Graduate,Yes,79.74,High
Female,19,3.8,92.5,84.1,7.2,4,No,Graduate,No,91.08,High
Female,21,4.7,89.9,63.8,5.0,4,Yes,Graduate,Yes,70.77,High
Female,19,1.9,75.2,43.9,5.1,8,Yes,Graduate,No,51.56,Low
Male,20,4.8,65.4,77.6,5.0,4,Yes,Postgraduate,Yes,63.28,Low
Male,23,5.3,70.3,60.6,5.9,5,Yes,Graduate,Yes,61.08,Low
Male,23,8.0,98.4,87.9,5.0,4,Yes,Postgraduate,No,81.14,High
Male,20,7.8,60.1,82.9,8.6,5,Yes,Graduate,Yes,85.86,High
Male,20,7.8,79.0,48.0,7.6,3,No,Postgraduate,Yes,73.97,High
Female,22,3.4,54.2,73.1,8.5,3,Yes,Graduate,Yes,55.51,Low
Male,18,7.9,60.9,78.1,8.2,8,Yes,Graduate,No,87.08,High
Male,20,4.2,88.2,71.2,7.5,1,Yes,School,No,65.88,Low
Male,23,7.0,65.1,68.3,5.2,3,Yes,Postgraduate,Yes,62.53,Low
Male,21,2.5,99.3,52.5,7.1,2,Yes,School,No,60.73,Low
Female,23,4.5,75.0,53.0,4.9,10,Yes,School,No,76.07,High
Male,23,7.8,75.8,82.2,4.7,6,No,Graduate,Yes,84.82,High
Female,22,7.6,51.8,41.0,7.2,8,Yes,Graduate,No,82.1,High
Female,18,5.8,97.8,82.8,7.1,6,Yes,Graduate,Yes,86.75,High
Female,18,6.6,58.7,69.0,4.8,4,Yes,Graduate,No,77.93,High
Male,20,2.2,76.9,91.5,5.8,3,Yes,Graduate,No,61.0,Low
Female,19,6.1,69.8,94.9,4.3,4,Yes,Postgraduate,Yes,82.18,High
Male,23,5.3,70.8,76.5,7.6,8,Yes,Graduate,Yes,79.32,High
Male,17,1.6,82.2,62.7,8.9,9,Yes,Postgraduate,No,60.09,Low
Male,19,1.8,83.1,66.1,7.7,8,Yes,Graduate,No,67.13,Low
Male,19,1.8,57.7,51.2,8.2,9,Yes,School,No,61.13,Low
Male,18,6.1,75.0,45.5,6.4,8,Yes,Graduate,Yes,71.8,High
Female,18,2.0,89.5,71.8,4.5,5,Yes,School,No,59.08,Low
Female,22,4.3,72.2,84.3,7.6,5,No,Postgraduate,No,77.76,High
Male,22,3.5,58.3,54.4,5.3,1,Yes,Graduate,No,43.64,Low
Female,18,4.9,65.7,63.1,5.9,8,Yes,Graduate,No,66.26,Low
Male,21,5.9,60.6,70.5,7.5,2,Yes,School,No,65.46,Low
Female,21,5.8,56.3,89.9,8.5,6,Yes,Graduate,No,77.29,High
Female,17,4.6,68.9,47.6,6.4,6,Yes,Graduate,No,56.15,Low
Female,18,4.3,77.0,53.0,8.8,10,Yes,School,Yes,67.18,Low
Female,20,3.8,53.6,90.5,6.6,4,Yes,Postgraduate,No,69.37,Low
Female,22,7.0,80.2,42.2,4.6,9,Yes,Graduate,Yes,72.87,High
Male,18,3.3,99.7,76.1,6.6,3,Yes,School,No,58.25,Low
Male,21,2.8,98.2,75.2,8.3,8,Yes,Graduate,No,74.21,High
Female,18,6.2,91.5,61.1,6.7,2,Yes,School,No,74.34,High
Male,21,3.5,63.3,65.7,7.7,5,Yes,Graduate,Yes,65.4,Low
Female,18,6.9,51.1,87.0,6.7,6,Yes,School,Yes,89.27,High
Male,23,3.3,91.7,49.1,6.7,2,Yes,Graduate,Yes,54.31,Low
Female,20,5.9,52.8,52.7,5.4,7,Yes,Graduate,No,63.98,Low
Female,17,1.3,60.3,68.2,5.0,5,Yes,Postgraduate,Yes,53.55,Low
Female,23,3.7,77.2,62.5,5.4,10,Yes,School,No,69.62,Low
Male,20,3.4,58.9,71.6,6.2,4,Yes,School,No,58.16,Low
Male,21,6.7,91.7,90.6,8.0,4,Yes,School,No,86.67,High
Female,22,7.8,88.9,90.4,8.1,2,Yes,School,No,89.68,High
Female,22,4.2,87.8,52.7,4.8,9,Yes,Graduate,No,71.73,High
Male,19,6.8,90.8,56.6,6.8,1,Yes,Graduate,Yes,71.51,High
Male,20,5.9,61.0,48.9,6.1,1,No,School,No,50.42,Low
Male,18,7.8,86.4,91.0,6.9,4,Yes,School,Yes,90.86,High
Male,17,6.7,67.8,61.9,7.2,3,Yes,Graduate,No,60.17,Low
Male,18,1.5,83.3,64.7,5.4,9,Yes,Graduate,No,58.2,Low
Female,18,6.0,56.1,84.1,8.6,7,Yes,Graduate,No,77.2,High
Male,20,4.7,85.3,68.2,8.7,2,No,Postgraduate,No,65.28,Low
Female,17,1.1,98.6,46.6,4.5,4,Yes,Graduate,Yes,52.92,Low
Female,19,2.8,52.2,64.1,7.5,5,No,Graduate,Yes,51.85,Low
Male,23,7.5,54.7,74.7,4.2,10,Yes,School,No,89.7,High
Male,18,7.5,56.2,79.6,4.2,4,Yes,Graduate,No,70.3,High
Female,17,6.6,71.5,75.5,8.8,4,No,Postgraduate,Yes,83.04,High
Male,19,7.9,64.5,46.6,7.5,4,Yes,Postgraduate,Yes,82.67,High
Female,23,6.6,90.3,56.7,5.6,8,Yes,Graduate,No,72.98,High
Male,18,1.1,73.7,80.3,7.3,7,Yes,School,No,59.0,Low
Male,17,3.0,74.2,88.4,8.2,4,Yes,Postgraduate,No,67.46,Low
Male,23,1.2,85.9,42.6,8.4,1,Yes,School,Yes,46.78,Low
Female,20,1.7,68.1,42.3,4.1,6,No,School,Yes,45.88,Low
Male,22,2.5,67.7,75.4,8.1,5,Yes,School,No,62.36,Low
Female,22,4.5,87.8,70.1,8.3,5,Yes,Graduate,No,73.82,High
Male,18,6.9,89.0,48.5,7.0,6,Yes,Graduate,Yes,71.87,High
Female,18,7.0,50.7,70.2,6.4,8,Yes,School,Yes,79.72,High
Male,23,5.3,57.2,93.6,4.6,6,Yes,Graduate,No,78.92,High
Female,17,7.5,60.7,74.7,5.2,6,Yes,Graduate,Yes,81.99,High
Female,22,4.5,67.6,64.7,6.5,7,Yes,Postgraduate,No,75.19,High
Female,18,7.2,64.6,85.5,8.3,8,Yes,Graduate,No,83.75,High
Female,19,4.2,83.4,51.7,8.0,4,Yes,Postgraduate,No,69.2,Low
Female,18,2.9,91.4,62.8,6.5,7,Yes,Graduate,No,72.34,High
Female,22,7.4,59.6,69.0,7.9,8,No,School,Yes,79.51,High
Male,21,3.7,78.1,67.7,7.8,6,Yes,School,Yes,67.75,Low
Female,22,4.5,68.4,90.7,6.9,9,Yes,Graduate,Yes,72.21,High
Female,19,3.3,75.3,56.1,5.1,6,Yes,Postgraduate,Yes,56.52,Low
Female,17,5.6,81.0,43.1,5.7,4,Yes,School,Yes,60.73,Low
Male,19,8.0,94.7,90.4,4.8,6,Yes,Postgraduate,Yes,92.88,High
Male,21,1.2,59.6,51.9,4.0,2,Yes,Graduate,No,33.91,Low
Male,21,7.3,54.4,60.8,4.4,8,Yes,School,No,70.19,High
Female,18,1.0,81.4,69.2,7.8,6,Yes,School,Yes,54.97,Low
Male,18,3.5,69.7,93.7,4.2,4,Yes,School,Yes,59.95,Low
Male,22,2.2,58.1,69.4,6.0,7,Yes,Graduate,No,53.76,Low
Female,20,6.3,55.9,64.6,8.9,8,Yes,Graduate,Yes,85.65,High
Female,19,1.4,77.9,72.1,8.0,3,Yes,Graduate,Yes,52.15,Low
Male,22,4.9,65.0,93.4,7.8,10,Yes,School,Yes,89.73,High
Female,20,3.1,99.9,85.0,5.4,3,Yes,Graduate,No,69.24,Low
Female,22,1.9,70.3,49.3,7.2,10,Yes,Graduate,No,61.17,Low
Female,21,6.4,60.6,84.2,6.5,3,Yes,School,No,72.5,High
Female,18,2.5,81.4,86.3,7.1,3,Yes,Postgraduate,Yes,57.48,Low
Male,18,2.6,62.2,78.0,6.2,2,Yes,School,No,64.07,Low
Female,22,2.9,74.7,76.1,6.7,5,Yes,Graduate,Yes,58.66,Low
Male,18,5.1,74.1,64.2,8.9,6,No,School,No,73.71,High
Male,17,5.6,72.7,75.3,5.6,1,Yes,School,No,68.65,Low
Male,22,1.1,89.8,80.6,5.1,6,No,Graduate,No,51.04,Low
Male,21,2.7,60.8,46.8,6.2,7,Yes,Graduate,Yes,47.63,Low
Female,23,4.0,95.2,54.2,6.6,2,Yes,School,Yes,63.91,Low
Female,22,3.3,89.6,50.7,4.4,1,Yes,Graduate,Yes,54.22,Low
Female,22,7.2,66.7,86.3,8.0,7,Yes,Graduate,No,86.87,High
Male,18,6.5,59.0,77.4,6.1,6,Yes,Graduate,No,79.45,High
Male,21,5.4,64.0,64.8,6.1,3,Yes,Postgraduate,Yes,64.53,Low
Male,22,3.4,66.6,85.4,7.3,2,Yes,Graduate,No,58.9,Low
Female,18,5.9,77.8,79.4,7.9,2,Yes,Postgraduate,No,77.39,High
Male,19,6.9,52.3,90.2,8.9,2,Yes,Graduate,Yes,69.4,Low
Female,21,5.2,95.7,44.2,4.9,8,Yes,Postgraduate,Yes,67.07,Low
Female,20,6.5,54.9,68.0,5.7,1,Yes,Graduate,No,69.23,Low
Female,17,6.2,64.0,78.9,4.8,3,Yes,School,No,74.44,High
Female,20,5.0,55.5,51.4,8.4,8,Yes,School,Yes,69.28,Low
Male,23,3.2,62.8,58.0,6.7,6,Yes,Graduate,No,68.01,Low
Female,21,6.2,91.9,63.0,8.3,7,Yes,Postgraduate,No,81.95,High
Male,22,2.4,80.8,83.7,8.9,2,Yes,School,Yes,62.55,Low
Female,18,6.5,61.4,67.1,6.8,9,Yes,Graduate,No,85.94,High
Male,23,6.6,93.6,67.1,4.6,7,Yes,Graduate,Yes,83.14,High
Male,21,6.8,90.0,63.7,5.8,3,Yes,Graduate,Yes,74.55,High
Female,17,4.3,87.7,52.6,4.2,9,Yes,School,No,71.19,High
Female,21,2.3,92.4,90.8,8.2,3,No,School,No,70.83,High
Female,23,1.7,81.0,57.5,4.1,10,Yes,School,No,57.28,Low
Male,18,6.2,75.1,71.2,7.0,8,Yes,School,No,74.9,High
Female,20,7.2,68.7,48.2,4.5,7,No,School,Yes,71.15,High
Female,19,5.6,61.2,63.9,4.0,3,No,School,No,74.73,High
Male,20,2.0,77.9,89.7,5.3,5,Yes,School,No,74.03,High
Female,18,7.5,94.5,94.8,6.8,7,Yes,Graduate,Yes,92.02,High
Male,23,7.9,79.7,59.9,4.4,3,Yes,Postgraduate,Yes,72.43,High
Female,18,4.0,96.0,48.5,7.1,2,Yes,Postgraduate,Yes,61.13,Low
Male,17,5.2,67.8,57.3,7.4,9,Yes,School,Yes,71.03,High
Male,21,6.4,84.8,58.0,8.8,2,Yes,School,No,80.42,High
Female,21,6.2,82.4,75.4,8.5,3,Yes,Postgraduate,No,76.94,High
Male,20,7.8,83.5,67.3,6.8,1,Yes,Graduate,Yes,75.04,High
Female,23,1.8,82.3,82.3,8.0,1,Yes,Postgraduate,Yes,52.09,Low
Female,19,5.1,61.1,78.6,5.8,1,Yes,Graduate,Yes,73.04,High
Male,19,5.8,57.2,53.8,6.9,10,Yes,Postgraduate,No,72.49,High
Female,17,7.2,98.9,83.1,6.0,3,Yes,Graduate,Yes,85.95,High
Male,18,7.1,52.3,86.6,5.7,6,Yes,Graduate,No,83.24,High
Male,17,7.8,73.4,72.9,7.6,10,Yes,Graduate,Yes,90.76,High
Male,21,4.6,71.3,91.0,5.5,3,Yes,School,No,68.22,Low
Male,22,6.8,68.0,83.1,5.9,4,Yes,Graduate,No,77.06,High
Male,22,4.0,89.1,72.7,5.8,2,Yes,School,No,68.07,Low
Male,22,4.0,87.3,89.8,8.4,7,Yes,Graduate,No,83.48,High
Male,18,2.8,95.3,73.0,4.9,4,Yes,Postgraduate,No,50.55,Low
Male,17,6.7,69.8,68.7,5.9,1,Yes,Graduate,No,69.17,Low
Female,23,7.9,78.2,59.6,8.4,4,Yes,School,No,81.75,High
Female,20,2.8,94.6,88.6,4.1,4,Yes,School,No,72.74,High
Male,21,1.4,99.7,46.7,8.7,3,No,School,Yes,57.73,Low
Female,22,6.7,98.5,66.0,8.5,8,Yes,School,No,90.55,High
Female,23,5.3,85.9,69.6,6.1,7,No,School,Yes,79.03,High
Female,19,7.7,57.2,70.5,7.3,10,Yes,Graduate,No,94.52,High
Female,17,2.8,51.2,75.9,9.0,10,Yes,Graduate,No,80.04,High
Female,21,1.5,91.3,67.8,6.8,3,No,School,Yes,53.38,Low
Female,21,4.4,92.0,54.1,4.5,4,Yes,Graduate,No,67.11,Low
Male,19,1.6,87.3,87.1,8.3,8,Yes,School,No,63.78,Low
Female,19,2.8,64.0,76.2,4.7,10,Yes,Graduate,No,72.11,High
Female,19,1.9,82.0,87.2,5.3,3,Yes,Graduate,Yes,58.0,Low
Female,22,2.6,65.8,55.2,8.4,5,No,Postgraduate,No,63.64,Low
Female,22,1.7,72.5,75.0,5.3,5,Yes,Postgraduate,Yes,55.75,Low
Male,17,7.7,69.1,79.3,7.7,5,Yes,Graduate,No,80.55,High
Male,19,2.9,95.7,61.1,6.2,5,No,Graduate,No,59.17,Low
Male,20,4.1,61.7,84.7,7.8,9,Yes,Graduate,No,79.95,High
Male,21,7.3,78.9,40.1,5.2,10,Yes,Graduate,No,77.67,High
Female,19,5.7,68.0,72.7,6.1,5,No,School,Yes,74.12,High
Male,21,5.3,83.2,73.7,5.6,9,Yes,Graduate,No,74.75,High
Male,18,5.9,78.2,69.4,5.2,9,Yes,Graduate,No,79.74,High
Male,23,6.8,96.2,74.7,5.6,10,Yes,Graduate,Yes,92.54,High
Male,18,7.1,55.1,49.2,5.6,4,Yes,Graduate,No,77.57,High
Female,19,5.5,61.0,77.7,8.8,9,Yes,Postgraduate,Yes,72.99,High
Male,21,7.2,88.3,58.5,6.7,2,Yes,Graduate,No,74.63,High
Female,23,4.7,68.4,64.9,6.3,3,Yes,Postgraduate,Yes,58.88,Low
Male,18,2.9,58.3,58.3,6.5,1,Yes,Postgraduate,Yes,49.14,Low
Female,19,7.2,75.2,66.1,9.0,7,Yes,Postgraduate,No,85.35,High
Female,21,4.8,82.6,74.2,7.3,10,Yes,Postgraduate,Yes,86.62,High
Male,19,7.3,52.2,86.1,7.5,9,Yes,Graduate,Yes,85.26,High
Male,22,1.3,64.6,66.6,5.6,3,Yes,School,No,52.5,Low
Male,21,3.8,90.5,57.8,6.4,8,Yes,School,No,75.7,High
Male,18,7.6,76.0,66.8,4.9,1,Yes,School,Yes,67.04,Low
Female,19,2.7,51.8,77.9,7.4,6,Yes,Graduate,No,52.31,Low
Female,18,7.6,64.1,59.1,5.7,6,Yes,Graduate,No,68.9,Low
Male,19,7.7,82.0,62.8,7.7,5,Yes,Postgraduate,Yes,76.19,High
Male,17,7.2,60.0,71.0,5.1,4,Yes,Graduate,No,72.76,High
Female,18,4.9,91.4,56.2,6.0,3,Yes,Graduate,No,67.48,Low
Male,18,5.5,83.8,51.5,6.4,4,Yes,Postgraduate,No,60.18,Low
Female,20,7.1,73.6,47.7,4.8,7,Yes,School,No,79.92,High
Male,23,6.4,95.8,59.4,4.3,7,Yes,School,No,86.03,High
Female,22,5.4,69.6,42.7,5.6,3,Yes,Postgraduate,Yes,56.96,Low
Female,18,7.9,61.8,72.1,6.7,10,Yes,School,No,80.46,High
Female,21,5.8,83.1,49.7,7.3,3,No,School,No,71.08,High
Female,23,7.8,78.7,60.8,6.1,3,Yes,School,Yes,76.43,High
Female,19,1.4,66.8,54.8,6.5,5,Yes,School,No,45.06,Low
Male,17,2.0,67.2,74.7,6.7,1,Yes,Graduate,No,60.71,Low
Female,21,4.2,69.9,86.8,6.6,10,Yes,Graduate,No,74.8,High
Male,23,3.7,64.6,74.8,4.5,7,Yes,School,No,70.21,High
Female,21,6.5,85.5,69.8,6.0,8,Yes,Graduate,Yes,79.92,High
Female,21,2.1,82.6,76.8,5.0,7,Yes,School,Yes,67.87,Low
Male,21,7.8,72.0,41.6,6.7,8,Yes,School,Yes,73.46,High
Male,23,3.2,69.9,46.8,7.8,9,No,Graduate,No,66.59,Low
Male,17,4.0,68.3,45.2,6.9,4,Yes,Graduate,No,52.8,Low
Male,20,2.9,64.2,45.4,5.1,3,Yes,Graduate,No,55.63,Low
Female,22,5.1,54.3,54.3,5.0,7,Yes,Graduate,No,64.34,Low
Male,18,1.4,63.4,69.3,4.2,9,Yes,Postgraduate,Yes,49.8,Low
Female,23,2.0,66.1,46.3,6.1,9,Yes,Postgraduate,No,53.48,Low
Male,21,6.2,77.4,91.4,6.2,8,Yes,Graduate,Yes,85.21,High
Male,18,2.3,88.7,87.0,5.2,3,Yes,School,Yes,55.45,Low
Female,23,2.6,69.8,93.4,7.8,6,Yes,Graduate,Yes,74.51,High
Female,18,6.6,97.2,42.3,5.9,2,Yes,School,Yes,70.89,High
Male,21,1.7,91.4,86.8,7.3,6,Yes,School,No,59.54,Low
Female,20,4.1,99.2,84.2,7.2,5,Yes,Postgraduate,No,78.92,High
Female,23,1.2,93.8,89.6,7.0,4,Yes,Postgraduate,No,57.85,Low
Female,18,3.4,80.8,69.0,8.5,3,Yes,School,No,62.14,Low
Female,19,5.9,79.9,83.3,4.1,8,Yes,Graduate,No,77.57,High
Female,18,1.6,56.5,42.8,4.3,10,Yes,Graduate,No,48.09,Low
Female,22,7.2,86.1,44.2,7.6,6,Yes,Postgraduate,Yes,72.58,High
Female,21,7.4,80.0,46.5,5.8,9,Yes,Graduate,Yes,84.32,High
Female,17,1.7,75.3,90.3,8.9,3,Yes,Postgraduate,No,66.14,Low
Male,18,7.9,84.7,43.4,5.1,5,Yes,Postgraduate,No,76.34,High
Female,20,3.1,72.2,45.5,4.9,4,No,Graduate,No,48.25,Low
Male,19,1.6,76.2,91.2,6.9,6,No,Graduate,Yes,67.33,Low
Female,19,1.0,69.9,45.9,5.4,2,Yes,Graduate,Yes,40.15,Low
Female,17,3.9,85.9,87.8,5.7,6,Yes,Graduate,No,73.71,High
Female,22,5.4,93.8,83.4,8.6,3,Yes,Graduate,Yes,80.79,High
Female,17,3.3,92.0,42.2,4.1,8,Yes,Graduate,Yes,61.55,Low
Male,22,6.9,89.3,41.2,6.7,10,Yes,Graduate,Yes,86.34,High
Male,18,6.0,50.7,69.4,5.7,10,No,Graduate,Yes,79.44,High
Female,21,3.5,95.6,94.8,5.7,6,Yes,Graduate,Yes,82.47,High
Male,20,6.1,63.7,88.3,5.2,8,No,School,No,78.07,High
Female,19,7.6,94.4,57.1,4.7,7,No,Graduate,No,90.61,High
Female,17,1.7,59.8,61.2,4.2,6,Yes,Graduate,No,49.31,Low
Male,20,3.1,72.0,61.3,8.9,9,Yes,School,Yes,73.78,High
Male,22,4.2,87.5,80.4,7.3,9,Yes,Postgraduate,Yes,82.78,High
Female,21,4.5,82.0,58.8,7.9,10,Yes,School,Yes,76.92,High
Female,19,4.8,70.8,48.1,4.3,10,Yes,Graduate,No,67.77,Low
Male,19,3.1,83.9,81.1,4.1,4,Yes,Graduate,Yes,74.38,High
Female,22,5.7,77.4,65.2,7.0,8,Yes,Graduate,Yes,86.05,High
Male,21,5.5,63.8,44.2,7.6,3,Yes,School,No,61.37,Low
Female,19,5.0,82.3,83.5,6.0,5,No,School,Yes,76.24,High
Female,21,1.8,60.2,72.2,5.9,3,Yes,School,No,47.62,Low
Male,19,4.3,84.7,66.9,5.9,10,Yes,School,No,70.29,High
Male,18,3.5,50.2,77.0,4.8,4,Yes,School,No,56.29,Low
Male,22,4.4,77.4,67.8,7.8,5,Yes,Graduate,No,68.69,Low
Female,21,7.5,70.1,75.7,5.1,8,No,School,Yes,88.21,High
Female,20,4.4,65.2,87.7,5.6,10,Yes,Postgraduate,Yes,87.76,High
Female,18,1.1,75.8,73.7,7.4,8,No,Graduate,Yes,50.72,Low
Female,23,4.1,82.3,76.3,4.0,3,Yes,Graduate,No,58.25,Low
Male,20,6.7,98.3,73.8,7.8,8,Yes,Graduate,No,90.81,High
Female,22,6.5,91.7,69.2,8.5,10,Yes,Graduate,No,81.18,High
Female,19,4.6,85.9,49.5,4.3,4,Yes,Graduate,No,67.04,Low
Female,23,2.7,73.9,58.5,7.0,2,Yes,Postgraduate,Yes,57.88,Low
Male,20,4.3,69.6,78.1,6.0,3,No,Graduate,Yes,68.8,Low
Female,18,4.9,51.6,63.4,4.4,8,Yes,Graduate,Yes,58.6,Low
Female,23,8.0,68.0,62.3,7.4,5,Yes,Postgraduate,Yes,74.12,High
Male,23,5.5,92.4,81.8,7.1,2,Yes,Graduate,No,80.76,High
Female,21,5.9,69.2,40.3,7.2,7,Yes,Graduate,Yes,57.75,Low
Female,17,4.4,73.1,77.3,8.1,5,Yes,School,No,72.74,High
Male,20,3.5,63.6,66.9,5.4,6,Yes,Graduate,No,57.83,Low
Female,17,6.7,63.7,60.7,7.4,2,Yes,Postgraduate,No,62.13,Low
Female,22,4.5,53.1,58.7,7.7,7,Yes,School,No,63.46,Low
Female,20,8.0,80.7,49.5,4.8,1,Yes,School,No,82.97,High
Male,20,4.2,72.4,58.4,8.8,10,Yes,Postgraduate,No,74.33,High
Female,21,1.5,80.3,61.5,5.7,10,Yes,Graduate,Yes,64.89,Low
Female,19,5.8,77.3,64.1,7.6,5,No,School,No,71.58,High
Male,18,1.3,89.9,77.0,7.8,9,Yes,Postgraduate,Yes,72.78,High
Male,18,2.8,87.6,64.9,6.5,7,Yes,Graduate,No,71.55,High
Female,18,3.5,88.6,83.8,4.6,9,Yes,Graduate,No,74.97,High
Female,22,6.2,75.0,75.2,5.4,9,Yes,School,Yes,77.9,High
Female,23,4.5,67.7,50.4,5.2,1,Yes,Graduate,Yes,55.53,Low
Female,19,1.2,96.7,55.2,6.6,8,Yes,Postgraduate,Yes,63.82,Low
Male,17,5.3,52.7,44.4,5.3,7,Yes,Graduate,Yes,63.49,Low
Female,18,3.9,57.6,92.0,6.7,2,Yes,Graduate,No,62.48,Low
Male,17,7.5,71.0,88.8,5.4,3,Yes,Graduate,Yes,84.3,High
Male,19,4.5,80.7,44.7,4.0,6,Yes,Postgraduate,Yes,59.43,Low
Female,22,6.0,50.4,71.6,5.8,3,Yes,Graduate,No,73.31,High
Female,19,2.5,86.0,92.8,7.0,8,Yes,Postgraduate,Yes,74.36,High
Male,21,6.3,77.9,81.1,7.9,4,Yes,School,Yes,71.39,High
Male,23,6.0,74.2,67.0,4.1,7,No,Graduate,Yes,77.63,High
Female,18,7.3,71.2,53.3,5.3,4,Yes,Postgraduate,Yes,72.22,High
Male,22,1.2,76.0,55.3,8.9,2,Yes,Graduate,Yes,47.35,Low
Female,21,4.1,58.1,80.5,5.3,7,Yes,Postgraduate,No,67.81,Low
Female,18,5.8,55.4,82.9,7.9,8,Yes,Graduate,Yes,72.66,High
Male,19,1.7,64.5,69.1,6.5,1,Yes,Graduate,Yes,43.91,Low
Male,19,3.9,85.5,46.7,4.6,5,Yes,Postgraduate,No,55.77,Low
Female,20,7.6,79.4,91.4,7.2,10,No,School,Yes,99.54,High
Male,20,4.1,74.0,86.5,8.8,8,Yes,Graduate,Yes,80.99,High
Female,19,7.9,78.6,47.7,8.4,1,No,School,Yes,65.14,Low
Female,19,1.4,78.0,43.1,7.5,3,Yes,Graduate,Yes,45.11,Low
Female,17,6.0,65.4,69.5,6.6,2,No,Graduate,Yes,68.34,Low
Male,23,5.1,54.9,55.6,5.6,3,Yes,School,No,62.43,Low
Female,17,4.5,94.8,55.6,5.8,3,No,School,No,51.46,Low
Female,23,7.8,80.0,44.8,5.7,3,Yes,Postgraduate,No,63.79,Low
Female,21,1.9,84.9,92.4,8.6,1,Yes,Postgraduate,No,59.05,Low
Female,20,7.3,73.2,85.7,5.1,3,Yes,Postgraduate,No,66.87,Low
Female,20,5.8,87.8,46.3,5.9,2,Yes,Graduate,No,70.0,High
Female,19,2.8,79.2,88.2,6.2,9,Yes,Graduate,Yes,74.54,High
Female,19,7.3,52.7,77.6,6.0,10,Yes,Postgraduate,No,87.56,High
Female,21,4.0,94.5,57.9,4.0,8,No,Graduate,Yes,65.22,Low
Female,22,6.7,65.3,87.9,5.4,6,Yes,Postgraduate,Yes,82.01,High
Female,22,3.7,56.9,72.9,6.5,7,No,School,No,66.35,Low
Female,22,7.0,54.4,86.7,7.8,1,Yes,Graduate,No,72.33,High
Male,20,5.5,86.0,65.8,6.8,7,Yes,Graduate,No,81.49,High
Female,17,2.0,85.2,67.5,5.9,8,Yes,Graduate,No,65.55,Low
Female,22,5.5,85.0,56.0,7.3,8,Yes,School,Yes,76.16,High
Female,18,2.3,95.8,61.3,7.3,6,No,Graduate,Yes,61.79,Low
Male,21,3.9,67.4,71.2,5.2,7,No,School,No,62.59,Low
Female,22,2.2,78.1,92.1,4.5,2,Yes,Graduate,Yes,59.77,Low
Male,18,1.2,81.0,73.0,8.0,4,Yes,Graduate,Yes,59.09,Low
Female,22,2.5,99.0,48.1,6.6,8,Yes,Graduate,No,62.48,Low
Female,17,4.8,65.6,40.4,4.9,4,Yes,Postgraduate,Yes,62.62,Low
Male,17,4.4,97.8,86.8,5.3,8,Yes,School,No,78.61,High
Female,22,4.5,57.4,60.0,7.8,10,Yes,Postgraduate,No,73.92,High
Male,18,2.7,88.2,57.3,7.3,4,Yes,Graduate,No,52.89,Low
Male,21,5.8,81.6,84.0,8.7,9,Yes,School,No,83.91,High
Female,18,5.9,90.8,92.0,6.3,1,Yes,School,Yes,70.08,High
Female,21,3.5,51.4,81.1,4.3,6,Yes,Postgraduate,No,59.33,Low
Female,22,7.2,53.9,49.6,7.5,1,Yes,Postgraduate,Yes,69.85,Low
Female,21,5.5,53.5,61.5,5.3,6,No,School,Yes,60.07,Low
Male,19,6.0,79.6,81.8,5.6,4,No,School,No,83.5,High
Male,20,2.9,80.1,89.9,5.0,8,Yes,Graduate,No,69.65,Low
Female,23,1.0,95.3,94.9,5.5,8,Yes,Graduate,No,63.34,Low
Male,20,7.1,73.4,68.1,8.1,9,Yes,Postgraduate,No,84.78,High
Male,17,6.8,53.4,85.2,6.9,7,Yes,Graduate,No,80.16,High
Female,19,1.9,60.5,42.6,4.5,8,Yes,Postgraduate,No,49.36,Low
Male,20,3.6,50.4,55.7,6.9,3,Yes,School,No,45.63,Low
Male,22,5.6,88.8,60.4,7.2,10,Yes,School,Yes,80.05,High
Female,21,5.6,90.8,93.7,8.4,4,Yes,Postgraduate,No,75.51,High
Male,21,7.0,99.9,40.2,8.3,4,Yes,Graduate,Yes,72.05,High
Female,18,2.0,70.6,56.9,4.3,6,Yes,Graduate,Yes,48.79,Low
Male,18,4.0,51.0,91.2,8.3,7,Yes,Graduate,No,68.05,Low
Female,21,1.7,61.7,56.9,4.3,9,Yes,Graduate,Yes,57.76,Low
Male,22,3.7,79.4,52.4,4.8,10,Yes,Postgraduate,Yes,73.05,High
Male,21,1.1,98.1,80.2,4.6,6,Yes,Postgraduate,No,63.15,Low
Female,18,7.3,55.2,81.0,4.9,2,No,Graduate,No,67.38,Low
Female,20,4.7,56.1,66.0,8.0,10,No,School,No,72.0,High
Female,17,6.9,85.1,92.1,7.4,10,Yes,School,Yes,100.0,High
Female,18,1.4,83.4,51.1,7.4,7,Yes,School,No,58.83,Low
Male,22,2.6,62.5,90.2,8.6,10,Yes,School,Yes,85.17,High
Male,20,2.8,90.7,81.6,6.0,9,No,School,No,66.54,Low
Male,20,3.7,56.4,60.3,4.0,8,Yes,School,Yes,55.32,Low
Female,20,6.6,96.3,84.4,7.2,4,Yes,Graduate,No,88.21,High
Male,19,3.7,60.1,47.3,8.3,2,Yes,Graduate,Yes,53.45,Low
Male,19,2.4,54.1,47.2,8.9,8,Yes,Postgraduate,No,50.43,Low
Female,23,1.5,67.0,91.1,5.8,6,Yes,School,No,57.93,Low
Female,20,1.6,59.4,45.2,8.1,8,Yes,Graduate,No,52.88,Low
Male,22,6.3,76.3,40.2,8.2,9,Yes,Graduate,Yes,75.6,High
Female,21,4.1,84.3,61.4,4.7,3,Yes,Graduate,No,63.41,Low
Male,22,6.1,74.5,45.7,7.2,8,Yes,Graduate,No,81.16,High
Male,19,5.8,83.0,87.5,4.9,10,Yes,School,Yes,95.43,High
Female,18,1.9,68.2,90.7,6.2,8,No,Graduate,Yes,61.53,Low
Male,23,2.0,51.4,66.5,8.4,5,Yes,Graduate,Yes,57.13,Low
Female,19,6.3,98.7,63.4,7.9,6,No,School,Yes,78.18,High
Female,21,6.0,91.0,69.6,6.9,5,Yes,Graduate,Yes,84.98,High
Male,17,3.6,53.7,52.4,8.0,6,Yes,School,No,55.4,Low
Male,23,1.5,72.5,56.4,4.8,1,Yes,Graduate,Yes,37.75,Low
Male,19,1.1,81.8,45.6,5.0,10,Yes,School,No,59.75,Low
Female,22,3.0,59.5,64.6,5.0,10,Yes,School,No,69.94,Low
Male,23,1.1,78.9,73.6,7.9,10,Yes,Graduate,No,61.13,Low
Female,22,2.6,76.7,91.2,8.5,2,Yes,Graduate,No,69.74,Low
Female,20,3.9,60.4,80.6,6.8,8,Yes,School,No,65.51,Low
Male,20,1.8,57.1,79.8,8.8,1,Yes,Postgraduate,No,49.54,Low
Female,20,1.7,87.9,56.9,7.6,9,Yes,School,No,53.08,Low
Male,23,7.3,66.1,88.9,6.8,7,No,School,Yes,90.97,High
Male,17,5.1,62.2,92.1,7.1,1,Yes,School,No,70.92,High
Male,21,7.5,86.9,91.3,8.2,5,Yes,Graduate,Yes,88.23,High
Male,23,3.4,86.8,42.1,4.5,2,Yes,Graduate,No,49.42,Low
Male,18,5.7,63.8,73.2,4.8,1,Yes,Postgraduate,Yes,64.73,Low
Male,22,2.4,93.6,75.4,5.3,1,Yes,School,Yes,58.49,Low
Male,22,5.3,84.4,56.2,8.5,5,Yes,Graduate,Yes,73.24,High
Female,23,1.9,67.3,94.6,8.7,4,Yes,Postgraduate,No,58.82,Low
Male,23,1.0,71.4,56.0,5.8,5,Yes,Graduate,Yes,51.53,Low
Female,21,7.5,86.3,51.9,8.6,6,Yes,School,No,80.73,High
Female,17,4.9,60.6,66.6,6.7,1,No,Postgraduate,No,52.42,Low
Female,23,7.5,73.4,57.8,6.4,2,Yes,Graduate,Yes,80.97,High
Male,20,3.3,82.7,90.8,8.2,2,Yes,School,No,63.26,Low
Female,21,3.3,77.0,64.2,6.7,5,Yes,School,No,57.15,Low
Female,18,3.8,80.4,62.6,6.3,10,Yes,Graduate,No,67.2,Low
Male,20,5.9,77.3,74.4,4.1,9,Yes,Graduate,Yes,75.59,High
Male,18,5.0,60.0,44.5,4.1,7,Yes,School,No,55.57,Low
Female,19,7.5,70.5,81.6,7.1,10,Yes,School,No,88.33,High
Male,18,1.2,76.6,82.3,4.4,4,Yes,School,Yes,58.48,Low
Male,20,6.0,89.0,66.1,7.7,5,Yes,Postgraduate,Yes,77.61,High
Male,19,3.3,82.7,92.6,7.1,7,Yes,School,No,70.26,High
Male,20,2.3,71.3,71.9,6.3,10,Yes,Graduate,No,69.3,Low
Female,22,4.6,98.7,78.2,7.5,9,Yes,Graduate,No,88.69,High
Male,20,4.5,55.4,90.8,9.0,10,Yes,Graduate,No,78.71,High
Male,19,2.0,60.3,76.6,5.2,7,Yes,Graduate,No,58.02,Low
Male,18,2.4,67.1,63.8,6.8,2,No,Graduate,No,49.97,Low
Female,22,3.9,61.4,41.4,8.2,4,Yes,Graduate,Yes,49.88,Low
Female,17,3.9,81.3,80.1,4.1,10,Yes,Graduate,No,64.04,Low
Male,17,3.2,52.0,93.1,5.0,4,Yes,School,No,60.56,Low
Male,17,2.0,58.9,65.9,6.6,9,Yes,Graduate,Yes,74.19,High
Female,17,1.0,64.7,58.7,6.8,8,Yes,School,Yes,51.91,Low
Male,21,7.8,84.2,68.6,4.4,6,Yes,Graduate,Yes,76.16,High
Male,17,7.6,93.8,80.1,6.0,8,Yes,Graduate,Yes,94.33,High
Female,19,4.4,89.9,40.0,6.6,7,No,Graduate,No,63.72,Low
Male,23,8.0,59.1,88.8,6.1,8,Yes,Graduate,No,91.56,High
Male,17,5.7,78.3,88.7,7.5,7,Yes,Postgraduate,No,85.06,High
Female,20,1.5,51.5,69.8,7.9,2,Yes,Graduate,No,46.87,Low
Female,23,1.8,65.5,46.7,6.3,6,Yes,School,No,50.21,Low
Male,17,7.4,90.3,76.9,6.1,4,Yes,Graduate,Yes,90.43,High
Female,23,5.4,72.8,47.6,7.5,4,Yes,Graduate,Yes,63.23,Low
Male,18,6.9,57.5,67.9,6.8,10,Yes,School,No,88.58,High
Male,19,7.3,71.9,45.1,8.4,6,No,Graduate,No,77.09,High
Male,19,4.1,59.9,72.4,6.4,8,No,Graduate,Yes,73.06,High
Female,23,1.3,69.7,57.5,6.9,5,Yes,Graduate,Yes,54.32,Low
Female,22,2.3,74.4,85.7,4.6,3,Yes,Graduate,Yes,57.57,Low
Male,21,1.5,67.5,84.0,8.2,1,Yes,School,No,61.01,Low
Male,20,2.3,96.8,94.9,6.1,5,Yes,Graduate,Yes,72.93,High
Female,23,3.9,78.1,54.2,7.6,3,Yes,School,Yes,57.01,Low
Female,19,1.8,92.1,43.4,6.1,3,Yes,School,No,42.74,Low
Female,18,2.2,88.0,64.4,4.0,4,Yes,Postgraduate,Yes,59.6,Low
Male,17,4.1,83.1,44.6,6.0,9,Yes,Graduate,No,58.1,Low
Female,19,3.4,74.8,49.8,4.7,4,Yes,Graduate,No,50.06,Low
Female,18,4.3,50.1,72.9,6.0,5,Yes,Postgraduate,Yes,56.38,Low
Male,17,4.0,80.7,72.6,5.6,10,Yes,Graduate,Yes,78.82,High
Male,21,5.5,67.8,42.4,5.0,5,Yes,School,No,63.11,Low
Male,19,7.6,55.9,64.4,4.6,1,Yes,Graduate,No,68.48,Low
Female,19,1.8,72.2,69.2,7.6,7,Yes,Graduate,No,61.73,Low
Male,23,1.7,86.8,54.7,7.8,2,Yes,Graduate,No,52.17,Low
Male,23,7.0,98.1,88.0,5.3,6,Yes,Postgraduate,No,96.59,High
Male,18,4.5,68.7,48.9,6.5,4,Yes,Graduate,No,52.17,Low
Male,22,6.4,77.1,54.0,6.3,5,No,Graduate,No,77.42,High
Female,23,2.5,92.6,48.6,5.8,5,Yes,Graduate,No,55.91,Low
Male,20,6.8,66.7,46.4,5.4,4,Yes,School,No,74.56,High
Female,21,7.5,57.1,88.3,4.9,2,Yes,Postgraduate,Yes,78.42,High
Female,20,5.4,64.1,55.3,8.4,8,Yes,Postgraduate,Yes,76.22,High
Female,19,1.7,95.0,79.7,8.2,1,Yes,Graduate,Yes,61.15,Low
Male,20,7.3,58.0,63.5,6.1,9,No,School,No,74.53,High
Female,17,6.5,66.5,75.0,7.6,6,Yes,Graduate,Yes,78.76,High
Male,21,6.3,73.2,91.0,6.5,4,Yes,Graduate,Yes,80.03,High
Male,20,1.3,92.4,86.5,4.4,6,Yes,School,No,66.17,Low
Male,17,6.6,96.9,43.8,8.1,9,Yes,School,No,83.91,High
Female,18,2.0,71.3,86.5,5.1,9,Yes,School,No,72.16,High
Male,20,2.6,96.6,64.9,7.5,3,Yes,Graduate,Yes,64.18,Low
Male,21,5.0,58.1,59.3,6.6,8,Yes,Graduate,No,67.56,Low
Male,17,2.9,57.8,77.0,7.5,1,Yes,Postgraduate,No,50.85,Low
Female,20,5.6,97.5,92.3,6.4,9,Yes,School,No,93.32,High
Female,18,5.3,75.5,45.2,7.5,7,Yes,School,No,61.95,Low
Female,20,1.8,59.3,82.2,4.2,10,Yes,School,No,65.12,Low
Male,17,5.6,74.4,51.2,4.2,7,Yes,Postgraduate,No,72.56,High
Female,20,7.5,89.2,60.9,8.5,6,Yes,Graduate,No,85.74,High
Male,21,2.1,91.3,88.1,7.7,1,Yes,Postgraduate,No,58.13,Low
Male,19,5.2,93.2,70.0,8.1,2,Yes,Postgraduate,Yes,70.78,High
Female,17,3.4,78.5,43.7,6.3,3,No,School,Yes,53.44,Low
Male,17,4.2,93.3,67.9,6.3,1,Yes,School,No,63.5,Low
Female,17,3.0,75.5,83.4,6.7,5,Yes,Graduate,Yes,67.96,Low
Male,17,3.5,80.4,69.1,5.2,5,Yes,School,No,67.47,Low
Female,20,1.2,87.9,49.2,7.7,6,Yes,Graduate,No,52.33,Low
Male,21,7.9,71.3,64.5,8.1,7,No,Graduate,No,87.09,High
Male,18,5.4,53.7,90.8,8.5,10,Yes,Graduate,No,85.69,High
Male,21,4.5,67.5,76.2,6.6,9,Yes,School,No,79.1,High
Male,17,3.7,81.2,80.1,6.1,7,Yes,School,Yes,69.73,Low
Male,22,4.8,59.6,83.2,8.2,6,Yes,Graduate,Yes,74.38,High
Female,20,3.7,57.4,45.0,7.8,9,Yes,School,Yes,58.97,Low
Male,22,3.5,64.7,72.0,8.3,2,No,Graduate,No,59.13,Low
Female,20,4.2,51.6,60.7,7.3,6,Yes,School,No,59.31,Low
Female,17,2.9,87.2,47.7,8.4,5,Yes,School,No,55.7,Low
Female,20,2.3,62.9,51.1,4.4,6,Yes,Graduate,No,57.88,Low
Male,17,4.9,56.2,83.0,7.4,10,Yes,Graduate,No,80.57,High
Male,21,6.9,85.0,48.9,4.4,1,Yes,School,Yes,60.25,Low
Male,23,2.1,92.1,57.2,7.7,5,No,Graduate,No,58.52,Low
Female,19,1.2,51.0,55.7,7.1,8,Yes,School,No,45.98,Low
Male,20,2.7,61.7,42.7,4.1,3,Yes,School,Yes,44.98,Low
Male,17,7.9,97.3,65.4,7.0,3,Yes,Graduate,Yes,81.01,High
Female,22,6.8,69.3,82.1,4.7,7,Yes,Graduate,Yes,81.63,High
Female,17,5.2,96.9,41.2,4.7,7,Yes,School,No,58.38,Low
Female,22,7.5,63.7,46.2,4.8,2,Yes,School,Yes,56.17,Low
Female,20,4.1,60.9,79.6,6.4,8,Yes,Graduate,Yes,70.2,High
Female,18,7.9,60.7,72.6,4.6,5,No,School,No,81.55,High
Female,22,3.1,54.3,79.3,4.6,9,Yes,Postgraduate,Yes,65.54,Low
Male,17,2.7,94.8,52.7,5.3,1,Yes,School,No,48.54,Low
Female,20,5.5,99.0,84.2,4.0,4,Yes,School,No,72.57,High
Male,17,3.6,97.7,66.4,5.4,8,No,Postgraduate,No,77.48,High
Male,18,5.4,92.6,73.6,7.1,9,Yes,Graduate,No,78.1,High
Male,19,3.1,92.3,45.1,7.0,9,Yes,School,Yes,66.24,Low
Female,23,5.3,83.1,51.3,8.8,10,Yes,Graduate,No,71.0,High
Male,23,2.9,91.3,82.5,4.6,1,Yes,Graduate,Yes,59.37,Low
Female,18,1.4,60.4,52.3,8.3,1,Yes,Graduate,No,47.36,Low
Female,21,7.4,69.4,45.1,6.0,7,Yes,School,No,66.78,Low
Male,20,7.2,82.0,72.8,5.9,6,Yes,Postgraduate,Yes,77.9,High
Female,18,7.8,93.7,70.1,5.7,7,Yes,Graduate,No,92.61,High
Male,19,6.0,83.0,73.4,4.6,8,Yes,Graduate,No,85.92,High
Male,17,5.8,92.0,74.0,6.4,6,Yes,Graduate,No,84.78,High
Female,20,4.9,73.7,67.5,7.9,10,Yes,School,No,79.45,High
Male,22,1.9,85.9,67.2,8.4,10,Yes,Postgraduate,No,59.52,Low
Male,18,2.3,99.0,90.8,8.8,10,Yes,School,No,76.15,High
Male,19,3.0,57.7,69.4,7.9,7,Yes,School,Yes,65.01,Low
Female,18,7.2,96.3,74.0,7.1,7,Yes,Graduate,Yes,82.36,High
Male,21,2.2,76.1,54.7,6.5,7,Yes,Postgraduate,No,51.94,Low
Female,23,7.5,82.2,87.9,8.4,2,Yes,Graduate,Yes,90.22,High
Female,23,4.7,93.9,41.3,7.7,3,Yes,Postgraduate,No,57.42,Low
Male,20,6.0,70.5,70.6,4.8,10,Yes,Graduate,Yes,87.07,High
Male,17,1.8,70.9,61.1,7.4,9,Yes,Postgraduate,Yes,64.03,Low
Female,19,2.9,76.4,73.2,6.2,1,Yes,Graduate,No,59.59,Low
Female,18,7.7,51.0,59.8,7.0,8,Yes,School,Yes,78.02,High
Male,20,2.9,74.8,79.5,8.5,7,Yes,Postgraduate,Yes,81.64,High
Male,18,3.1,64.6,41.1,7.3,6,Yes,School,No,56.39,Low
Female,20,2.4,96.4,62.3,8.7,1,Yes,Graduate,Yes,56.19,Low
Female,23,1.9,54.4,85.7,8.3,9,Yes,Postgraduate,Yes,65.27,Low
Female,21,2.6,73.0,53.8,4.6,2,Yes,Postgraduate,Yes,50.4,Low
Female,18,5.5,97.4,42.9,4.1,10,Yes,Graduate,No,74.92,High
Female,21,4.2,95.1,67.3,5.9,5,Yes,School,No,71.22,High
Male,22,4.9,85.1,93.7,8.3,9,Yes,Graduate,Yes,88.64,High
Female,22,1.9,79.5,43.5,5.2,8,Yes,Graduate,No,56.36,Low
Female,23,6.6,64.0,43.9,7.5,10,Yes,Postgraduate,No,66.79,Low
Male,19,6.5,68.3,72.7,6.4,4,No,School,Yes,76.18,High
Male,21,1.2,54.5,53.8,7.7,8,Yes,Graduate,Yes,57.33,Low
Female,20,3.7,89.3,62.6,4.8,9,Yes,Graduate,Yes,70.2,High
Female,19,1.5,66.2,85.7,5.2,5,Yes,Graduate,No,58.85,Low
Male,18,6.5,83.4,50.9,5.2,1,No,School,No,65.07,Low
Female,18,6.2,67.9,79.6,6.7,6,No,School,No,78.01,High
Female,20,7.3,73.2,67.7,5.4,4,Yes,Graduate,Yes,78.1,High
Male,17,2.7,77.8,89.8,8.1,6,Yes,Graduate,Yes,70.59,High
Female,17,4.2,90.1,93.5,5.7,1,Yes,Graduate,No,70.21,High
Male,18,2.3,60.6,66.7,7.3,4,Yes,Postgraduate,Yes,53.25,Low
Male,23,3.6,69.9,72.2,8.7,5,Yes,School,No,62.39,Low
Male,23,4.7,56.5,81.0,7.0,6,Yes,Graduate,Yes,62.62,Low
Male,20,1.4,53.8,57.5,5.2,5,Yes,Graduate,Yes,45.18,Low
Female,17,6.0,80.2,52.5,8.2,2,Yes,Graduate,Yes,65.01,Low
Male,21,4.8,59.5,93.1,4.1,3,Yes,Graduate,No,75.99,High
Female,18,6.8,53.0,63.8,5.3,5,Yes,Graduate,No,72.37,High
Female,22,2.9,94.9,40.1,5.9,7,Yes,Graduate,Yes,58.24,Low
Female,21,7.3,76.7,86.1,5.0,4,Yes,Graduate,Yes,82.55,High
Female,20,8.0,56.7,73.0,7.0,6,Yes,Postgraduate,No,82.31,High
Female,22,7.4,52.7,49.3,6.8,9,Yes,Graduate,Yes,79.69,High
Male,21,6.4,56.0,41.7,6.0,10,Yes,Postgraduate,No,67.96,Low
Male,17,6.7,73.6,56.0,5.5,7,Yes,School,No,77.64,High
Male,23,5.0,83.4,91.0,6.2,3,Yes,School,No,70.76,High
Male,17,2.3,82.1,91.3,5.5,5,No,Graduate,No,64.78,Low
Female,22,5.7,57.2,57.1,5.1,9,Yes,Graduate,No,65.09,Low
Male,19,6.0,81.7,86.0,5.8,5,Yes,Graduate,No,72.72,High
Female,23,7.9,70.2,64.3,7.0,3,Yes,Graduate,No,86.56,High
Female,18,4.8,73.2,76.0,7.2,8,Yes,School,Yes,77.66,High
Male,22,2.9,90.1,58.4,5.5,7,Yes,School,Yes,63.61,Low
Male,20,5.8,66.6,68.4,8.7,5,Yes,Graduate,No,70.37,High
Male,18,7.9,57.3,56.2,5.3,5,Yes,Postgraduate,Yes,78.02,High
Male,21,2.2,93.7,43.4,7.6,1,Yes,Graduate,Yes,51.32,Low
Female,23,3.3,60.6,47.7,4.4,8,Yes,Graduate,Yes,55.18,Low
Female,20,4.8,64.7,56.0,7.3,6,Yes,School,No,59.3,Low
Male,20,2.2,85.3,93.7,6.3,5,Yes,Graduate,No,73.76,High
Female,17,1.2,84.2,93.1,6.8,7,Yes,Graduate,No,66.43,Low
Female,21,3.4,90.0,85.5,4.9,2,Yes,School,No,61.78,Low
Female,17,7.1,59.2,52.8,6.2,3,Yes,School,No,65.67,Low
Male,17,1.3,67.6,64.3,7.8,9,Yes,Graduate,Yes,67.63,Low
Female,23,4.0,56.3,64.2,7.8,5,Yes,School,No,67.02,Low
Male,19,6.3,77.1,61.3,5.2,6,Yes,School,No,71.58,High
Male,17,7.7,64.6,42.5,5.8,8,Yes,Graduate,Yes,87.57,High
Female,18,7.9,84.4,69.4,4.0,3,Yes,Graduate,Yes,78.79,High
Female,20,4.0,50.0,44.0,4.4,1,No,Graduate,No,37.77,Low
Male,23,7.7,53.0,84.1,4.6,4,Yes,Graduate,Yes,77.59,High
Female,17,1.2,71.6,78.0,5.5,2,Yes,Postgraduate,No,48.5,Low
Female,22,6.2,97.9,59.4,7.8,9,Yes,Postgraduate,No,86.65,High
Male,18,5.5,94.5,75.6,6.6,4,Yes,Graduate,Yes,76.1,High
Male,21,2.7,99.7,52.8,8.0,9,Yes,School,Yes,64.84,Low
Male,20,4.6,70.8,54.6,7.8,7,Yes,School,No,69.78,Low
Male,23,1.9,52.3,57.3,6.9,7,Yes,School,Yes,45.33,Low
Female,22,7.1,65.3,83.8,6.5,1,Yes,Graduate,Yes,75.74,High
Female,23,3.5,83.8,51.6,8.7,2,Yes,School,No,69.71,Low
Male,23,5.4,56.8,71.0,6.8,7,Yes,Graduate,No,77.29,High
Male,22,2.1,65.0,51.0,6.4,5,Yes,Postgraduate,No,44.78,Low
Male,21,2.4,52.8,55.7,8.3,7,Yes,Postgraduate,No,63.08,Low
Female,22,7.9,73.7,53.0,4.4,3,Yes,Postgraduate,No,71.84,High
Male,18,6.3,60.4,75.5,7.3,8,No,School,Yes,76.04,High
Female,23,7.7,54.6,69.0,4.6,4,Yes,Postgraduate,Yes,73.41,High
Male,21,3.1,70.6,79.7,8.1,8,Yes,Graduate,No,76.12,High
Male,23,2.2,67.6,52.1,8.0,6,Yes,Graduate,No,52.34,Low
Male,22,4.5,76.9,40.5,6.5,9,Yes,School,Yes,57.99,Low
Female,21,4.5,87.5,77.4,7.3,6,Yes,Postgraduate,No,70.7,High
Female,21,2.2,55.6,46.3,7.9,4,Yes,School,Yes,48.13,Low
Female,17,6.1,89.6,53.5,6.4,3,Yes,School,No,64.53,Low
Male,17,3.5,51.3,56.8,8.5,4,Yes,School,No,56.63,Low
Female,17,2.3,72.2,81.1,6.2,7,Yes,Graduate,Yes,62.71,Low
Female,22,3.3,79.4,74.4,8.5,8,Yes,Graduate,Yes,65.99,Low
Male,20,4.9,97.8,50.1,6.9,2,Yes,Postgraduate,No,66.69,Low
Male,18,6.1,78.7,72.9,6.1,9,Yes,Graduate,No,84.02,High
Female,22,4.4,57.9,78.9,4.0,7,Yes,Graduate,No,68.91,Low
Female,23,4.7,75.9,61.4,5.5,7,No,Graduate,Yes,59.49,Low
Female,17,2.0,69.8,53.5,8.3,10,Yes,School,Yes,55.39,Low
Female,21,7.4,74.0,77.3,6.1,4,Yes,Graduate,No,82.99,High
Male,22,7.5,59.9,73.6,6.1,7,Yes,School,No,79.26,High
Male,21,5.8,75.0,44.3,6.4,2,Yes,Graduate,No,64.61,Low
Male,23,1.1,57.5,76.7,5.4,10,Yes,Graduate,No,54.56,Low
Female,21,4.8,87.2,66.9,6.5,3,Yes,School,Yes,62.45,Low
Female,21,5.4,79.7,81.4,5.9,2,Yes,Graduate,Yes,68.24,Low
Male,19,8.0,53.9,50.5,8.5,5,Yes,School,No,73.85,High
Male,20,8.0,94.5,54.2,6.8,1,Yes,Graduate,Yes,77.71,High
Female,18,7.0,80.8,69.9,8.2,2,Yes,Graduate,No,77.09,High
Female,18,1.4,65.8,66.5,7.4,6,No,Postgraduate,Yes,57.55,Low
Male,17,7.7,52.3,61.3,5.1,6,No,Postgraduate,No,76.23,High
Male,19,5.3,81.6,81.0,8.3,8,Yes,Postgraduate,Yes,78.91,High
Male,22,6.6,68.7,71.1,4.4,9,Yes,School,Yes,85.51,High
Female,22,3.9,95.4,79.1,6.2,9,Yes,Graduate,Yes,75.17,High
Female,18,3.2,51.7,48.4,5.2,7,Yes,Graduate,Yes,48.46,Low
Female,20,4.2,52.0,80.1,6.7,10,Yes,Graduate,Yes,74.41,High
Female,21,2.0,97.5,65.4,5.5,1,Yes,Postgraduate,No,52.74,Low
Female,23,3.5,98.2,41.9,7.6,4,Yes,Graduate,Yes,66.25,Low
Female,17,7.0,51.4,52.9,8.7,7,Yes,Graduate,Yes,71.72,High
Male,20,1.3,85.8,41.4,7.5,2,Yes,School,No,41.52,Low
Male,18,2.1,61.1,65.1,5.8,9,Yes,School,No,57.24,Low
Female,19,1.9,85.1,57.9,7.0,1,Yes,Graduate,No,51.88,Low
Male,17,3.8,93.4,94.3,8.4,9,No,Graduate,No,85.79,High
Female,18,8.0,55.0,87.8,5.4,7,Yes,Graduate,No,80.08,High
Male,22,2.2,61.9,85.4,4.6,10,Yes,School,Yes,67.17,Low
Female,17,2.0,51.2,67.6,4.7,6,Yes,Postgraduate,No,49.96,Low
Male,18,7.4,52.2,84.4,6.5,7,Yes,Postgraduate,Yes,81.52,High
Male,22,7.2,51.5,54.7,7.7,2,No,Graduate,No,64.98,Low
Female,23,1.2,90.0,70.8,7.3,10,Yes,School,Yes,68.22,Low
Female,22,6.3,64.9,61.6,6.3,2,Yes,School,Yes,69.45,Low
Male,21,5.6,74.7,49.4,7.6,3,Yes,Graduate,No,64.44,Low
Male,19,6.4,89.4,44.0,7.2,6,Yes,Postgraduate,No,80.14,High
Female,21,4.5,74.7,70.7,7.1,1,No,Graduate,Yes,70.02,High
Male,18,7.9,71.5,45.4,5.0,4,No,Postgraduate,Yes,73.09,High
Female,23,1.3,50.6,79.5,5.6,8,Yes,Graduate,No,61.19,Low
Female,20,2.6,78.4,90.7,5.7,8,Yes,Graduate,Yes,65.71,Low
Male,23,3.8,56.2,48.9,8.0,5,Yes,Graduate,No,56.41,Low
Female,23,4.1,88.2,65.9,7.9,7,Yes,Graduate,No,65.48,Low
Male,23,7.4,62.9,80.6,5.3,5,Yes,Graduate,Yes,79.09,High
Male,21,4.9,83.7,55.8,4.3,4,Yes,Graduate,Yes,61.27,Low
Female,20,1.3,82.3,90.6,7.8,6,Yes,Postgraduate,Yes,65.6,Low
Male,22,3.9,80.8,88.9,6.0,8,Yes,Postgraduate,Yes,74.01,High
Female,18,3.9,63.3,45.7,5.1,10,Yes,Graduate,No,61.27,Low
Female,19,7.8,63.4,41.5,4.6,1,Yes,Graduate,No,64.65,Low
Female,20,5.2,93.2,93.7,4.1,3,Yes,Graduate,No,72.11,High
Male,18,5.4,50.6,92.6,6.1,4,Yes,Postgraduate,Yes,71.87,High
Female,20,6.0,59.1,63.2,5.7,5,Yes,Postgraduate,Yes,69.95,Low
Male,21,6.4,80.5,42.8,7.5,1,Yes,Graduate,Yes,61.47,Low
Female,18,5.4,90.9,74.0,8.9,9,Yes,School,No,78.85,High
Female,21,2.7,67.9,56.1,5.0,8,Yes,Graduate,No,58.65,Low
Female,17,7.1,82.7,91.5,5.2,2,Yes,Graduate,No,84.88,High
Male,18,6.1,77.9,83.7,5.7,5,Yes,Graduate,No,80.54,High
Male,20,6.2,53.2,75.7,6.3,9,Yes,Postgraduate,Yes,74.73,High
Female,17,8.0,81.1,55.6,7.5,3,Yes,Graduate,No,74.53,High
Female,21,6.6,90.7,78.6,5.8,5,Yes,Graduate,Yes,78.77,High
Male,21,6.8,99.6,55.9,4.5,9,Yes,School,No,74.99,High
Male,20,7.7,51.5,42.1,7.7,6,Yes,School,No,79.96,High
Male,17,2.1,83.0,68.0,8.0,5,Yes,School,No,61.98,Low
Female,23,4.5,70.7,66.9,5.2,8,Yes,Graduate,Yes,73.83,High
Male,22,5.1,50.5,82.0,4.7,5,Yes,Postgraduate,No,66.77,Low
Female,19,3.3,80.7,87.6,6.6,9,Yes,Postgraduate,No,69.03,Low
Male,20,6.9,56.1,59.5,5.0,3,No,School,No,69.55,Low
Female,21,6.3,68.9,64.7,5.9,1,Yes,Graduate,No,73.45,High
Female,18,6.0,63.1,65.9,7.9,4,Yes,Postgraduate,No,65.32,Low
Female,17,8.0,68.1,57.8,5.1,7,Yes,Graduate,Yes,70.74,High
Male,22,2.8,74.6,80.9,8.0,3,No,Postgraduate,Yes,64.08,Low
Male,19,6.1,68.0,68.7,7.4,10,Yes,Postgraduate,Yes,91.42,High
Male,18,4.9,77.6,90.3,5.1,8,Yes,Graduate,No,79.75,High
Female,17,3.2,61.9,75.8,6.6,2,Yes,Postgraduate,Yes,53.63,Low
Female,22,2.1,81.8,51.7,7.1,9,Yes,Graduate,Yes,67.53,Low
Male,20,7.3,92.7,49.1,5.0,3,Yes,Graduate,No,71.01,High
Female,22,5.2,61.2,60.5,4.7,6,Yes,Graduate,No,62.32,Low
Female,20,6.8,75.4,59.1,6.7,7,Yes,Graduate,No,80.06,High
Female,23,4.8,82.4,62.4,7.5,5,Yes,Graduate,No,74.26,High
Male,17,2.5,78.2,50.1,6.3,10,Yes,Postgraduate,Yes,54.06,Low
Female,22,3.4,68.3,93.8,4.4,5,Yes,Postgraduate,No,69.75,Low
Male,19,3.7,82.1,48.0,8.6,1,Yes,Postgraduate,No,50.32,Low
Male,22,7.8,51.4,75.9,7.5,4,Yes,School,No,72.81,High
Male,17,1.0,68.5,40.7,7.1,1,Yes,Postgraduate,Yes,42.31,Low
Male,18,7.9,76.6,62.4,7.2,9,Yes,Graduate,No,85.32,High
Male,18,7.9,51.0,57.0,6.0,9,No,Postgraduate,No,74.22,High
Female,22,8.0,75.4,61.0,8.9,5,Yes,Graduate,Yes,86.39,High
Male,22,4.3,82.7,67.4,4.7,5,Yes,Postgraduate,No,69.08,Low
Male,20,7.7,88.0,73.0,7.7,5,Yes,School,Yes,85.71,High
Male,17,3.8,55.7,72.1,6.1,7,Yes,Postgraduate,Yes,61.88,Low
Female,20,1.2,99.5,74.7,8.4,6,Yes,School,Yes,61.84,Low
Female,19,2.6,80.3,86.5,7.6,2,Yes,Postgraduate,No,55.29,Low
Female,23,7.6,68.2,88.8,6.8,10,No,Postgraduate,No,100.0,High
Female,18,1.1,62.5,80.5,8.7,3,Yes,School,Yes,55.3,Low
Male,21,4.8,78.6,44.3,8.6,5,No,Postgraduate,Yes,59.06,Low
Male,21,1.5,94.1,92.9,4.3,7,No,Postgraduate,Yes,77.82,High
Female,17,3.0,76.0,92.1,5.0,2,Yes,Postgraduate,No,61.68,Low
Female,17,1.6,83.1,79.1,7.4,4,Yes,School,Yes,63.64,Low
Female,21,7.0,67.9,68.5,8.6,1,Yes,Graduate,No,69.39,Low
Female,17,5.1,69.4,53.8,6.2,7,Yes,Graduate,No,66.56,Low
Male,18,7.3,64.3,81.6,4.2,2,Yes,School,No,73.25,High
Female,19,5.8,85.3,88.3,7.2,8,Yes,Graduate,No,88.38,High
Female,19,7.8,68.0,76.6,5.0,10,Yes,Graduate,Yes,93.43,High
Female,20,4.6,59.5,74.6,6.8,1,No,Postgraduate,No,59.06,Low
Female,18,5.5,68.5,50.6,5.9,2,Yes,Graduate,Yes,59.15,Low
Female,23,5.0,92.7,59.7,6.8,8,No,School,Yes,82.54,High
Female,17,4.4,86.9,79.8,8.7,5,Yes,School,No,77.53,High
Female,17,6.9,66.7,40.9,6.4,5,Yes,School,No,66.84,Low
Male,23,5.5,95.3,75.3,4.2,7,Yes,Graduate,No,83.6,High
Male,20,6.6,53.7,82.2,6.9,4,Yes,Graduate,Yes,73.37,High
Male,20,6.5,52.5,58.4,5.6,9,Yes,Postgraduate,No,70.8,High
Male,17,2.3,56.4,44.2,7.9,3,Yes,Graduate,No,47.59,Low
Male,17,5.6,55.8,85.1,6.3,8,Yes,Graduate,No,77.87,High
Male,23,2.4,54.4,47.8,7.7,3,No,Graduate,Yes,44.88,Low
Female,18,5.1,83.1,60.4,8.5,8,No,Graduate,No,77.29,High
Female,23,5.7,80.0,78.9,5.8,1,Yes,Graduate,Yes,61.88,Low
Male,20,8.0,82.4,84.9,8.9,10,Yes,Graduate,No,95.21,High
Female,23,1.2,84.4,87.4,4.7,10,Yes,Graduate,No,60.72,Low
Male,23,1.6,87.8,69.2,7.2,7,Yes,Graduate,No,56.58,Low
Female,23,1.5,60.4,66.2,4.2,1,Yes,School,No,35.38,Low
Female,18,3.8,81.1,86.7,5.1,2,Yes,School,No,64.82,Low
Female,22,6.8,79.0,71.0,7.2,1,Yes,Postgraduate,Yes,70.17,High
Female,17,6.9,97.2,71.8,4.2,10,Yes,Graduate,Yes,89.61,High
Female,21,6.2,61.6,63.9,4.5,3,Yes,Postgraduate,No,67.44,Low
Female,23,7.3,52.9,60.5,5.5,9,No,School,No,83.32,High
Male,21,3.3,82.7,66.4,6.9,1,Yes,School,No,54.36,Low
Male,22,1.6,87.0,60.1,4.1,3,No,Graduate,Yes,51.49,Low
Female,17,1.4,64.2,58.9,6.4,2,Yes,Graduate,Yes,44.12,Low
Male,20,7.0,78.5,94.7,7.1,5,Yes,Postgraduate,Yes,88.58,High
Female,21,6.1,53.0,58.5,6.0,7,Yes,Postgraduate,No,70.3,High
Male,20,5.9,98.0,54.1,4.3,6,No,Graduate,Yes,71.1,High
Female,21,3.4,55.5,59.5,7.1,10,Yes,Postgraduate,No,64.31,Low
Male,20,3.7,53.4,72.5,7.0,5,Yes,Postgraduate,Yes,54.67,Low
Female,23,7.7,52.2,90.1,6.5,3,Yes,Graduate,No,81.85,High
Male,21,1.4,71.4,83.3,7.5,7,Yes,Graduate,No,53.23,Low
Female,20,6.4,54.9,86.3,5.0,9,Yes,School,No,83.29,High
Male,22,3.2,87.2,87.2,7.4,2,Yes,Graduate,No,59.79,Low
Female,18,1.3,94.9,90.6,4.8,6,No,Graduate,No,68.74,Low
Female,20,6.2,63.0,52.9,6.0,5,Yes,School,Yes,68.99,Low
Female,18,3.3,81.4,65.2,4.3,9,Yes,School,Yes,63.75,Low
Male,18,6.1,52.1,61.2,8.1,8,Yes,Graduate,Yes,63.57,Low
Male,17,6.0,69.3,61.0,6.7,9,Yes,School,Yes,78.43,High
Male,23,4.7,64.6,75.9,8.9,7,Yes,Graduate,No,66.72,Low
Female,22,6.4,61.4,62.1,8.7,5,Yes,Graduate,No,77.02,High
Male,18,5.1,82.2,73.9,9.0,4,Yes,Graduate,No,67.22,Low
Female,19,3.0,56.5,61.0,4.5,8,Yes,Graduate,No,50.73,Low
Male,23,6.1,93.0,57.1,7.0,2,Yes,Postgraduate,Yes,68.52,Low
Male,18,5.1,83.2,59.4,6.0,1,Yes,School,No,54.91,Low
Male,20,1.1,85.5,84.2,6.7,3,Yes,Postgraduate,No,56.76,Low
Male,18,7.3,96.8,73.1,5.5,7,Yes,Graduate,Yes,77.61,High
Female,20,4.8,97.1,93.6,4.2,1,Yes,Graduate,Yes,73.54,High
Male,20,7.1,77.6,85.8,7.5,5,Yes,Postgraduate,Yes,80.46,High
Male,19,7.2,74.8,66.7,8.8,5,No,School,No,90.18,High
Female,18,4.1,66.8,53.3,6.7,3,No,Graduate,Yes,57.56,Low
Female,18,4.6,85.8,77.1,5.6,1,Yes,Graduate,No,67.05,Low
Male,21,3.9,76.9,80.0,8.7,5,Yes,Graduate,No,71.44,High
Male,23,4.1,96.6,65.5,5.8,8,Yes,Postgraduate,No,64.17,Low
Female,21,7.3,61.9,52.6,8.6,9,Yes,Postgraduate,No,80.51,High
Female,17,6.5,65.5,70.6,8.3,6,Yes,Graduate,Yes,66.45,Low
Female,20,1.9,65.8,54.0,6.6,1,Yes,Postgraduate,Yes,55.76,Low
Male,19,5.3,90.3,91.7,7.4,5,Yes,Postgraduate,Yes,72.13,High
Male,21,8.0,55.0,74.6,7.5,2,Yes,Graduate,Yes,68.86,Low
Male,18,5.2,72.8,56.1,7.2,1,Yes,School,Yes,63.88,Low
Female,17,6.5,71.4,51.9,4.8,3,No,Graduate,Yes,69.01,Low
Female,19,6.4,53.7,79.4,7.5,10,Yes,School,Yes,89.38,High
Female,22,3.5,70.5,78.9,4.0,5,No,Graduate,Yes,69.93,Low
Male,18,3.6,75.7,72.8,7.6,9,Yes,Graduate,No,67.53,Low
Female,18,6.1,53.3,73.8,6.8,7,Yes,School,No,64.38,Low
Male,22,4.5,75.5,73.2,5.3,6,No,School,Yes,70.65,High
Female,20,5.0,98.0,59.8,8.0,9,Yes,Graduate,No,73.36,High
Male,20,6.0,98.9,91.6,6.0,6,No,School,Yes,83.61,High
Male,21,6.4,76.6,66.4,6.4,4,Yes,Graduate,Yes,72.75,High
Female,21,2.9,75.8,41.1,4.1,7,No,Postgraduate,No,60.46,Low
Male,18,2.0,64.3,59.2,6.0,2,Yes,School,Yes,50.41,Low
Female,23,3.0,99.9,47.2,4.8,2,Yes,Graduate,No,51.46,Low
Male,18,4.6,63.7,60.0,5.4,6,Yes,Postgraduate,Yes,58.8,Low
Female,21,3.4,72.6,73.5,5.3,5,Yes,Graduate,No,56.9,Low
Female,22,5.0,50.1,41.2,4.2,6,Yes,School,No,67.09,Low
Male,21,1.4,67.5,87.9,6.3,2,Yes,Graduate,No,52.88,Low
Female,18,4.6,53.6,73.6,6.6,2,Yes,Graduate,Yes,63.26,Low
Male,19,3.6,87.2,56.2,6.9,1,Yes,Graduate,No,62.72,Low
Female,18,4.7,78.1,57.1,6.3,2,Yes,School,No,61.4,Low
Female,19,4.0,78.6,65.6,8.3,10,Yes,School,No,79.23,High
Female,19,3.0,64.3,53.6,4.2,7,Yes,Graduate,Yes,53.68,Low
Female,18,7.3,90.7,40.2,7.1,2,Yes,Graduate,Yes,75.22,High
Male,23,2.3,50.2,41.5,8.3,3,Yes,School,Yes,50.51,Low
Female,23,5.8,66.7,59.7,4.2,6,Yes,Postgraduate,Yes,62.94,Low
Female,17,7.5,83.0,46.8,6.5,6,Yes,School,No,75.31,High
Male,21,4.8,95.4,41.2,6.9,10,No,Graduate,No,75.06,High
Male,23,7.1,61.7,87.3,5.0,9,Yes,School,No,87.27,High
Male,20,1.9,77.1,55.1,5.3,2,Yes,Postgraduate,No,47.91,Low
Male,18,4.5,76.9,67.7,7.9,7,Yes,Postgraduate,Yes,75.99,High
Male,19,4.2,93.7,49.9,6.8,1,No,School,No,66.47,Low
Male,18,1.1,52.5,42.6,5.6,6,No,School,No,33.44,Low
Female,21,4.1,71.2,81.0,7.8,9,Yes,Graduate,Yes,72.12,High
Male,22,3.6,59.1,46.9,7.7,8,Yes,Graduate,No,52.19,Low
Female,23,5.7,51.1,41.4,5.7,6,Yes,School,No,66.62,Low
Male,23,7.6,57.4,72.3,6.4,6,Yes,Postgraduate,Yes,79.75,High
Female,23,1.6,98.8,40.7,7.3,6,Yes,Graduate,No,53.47,Low
Female,19,3.3,60.7,64.0,5.7,8,Yes,Graduate,No,60.85,Low
Female,20,4.1,96.8,55.9,7.1,2,No,Graduate,No,56.11,Low
Male,20,4.2,60.3,57.6,5.3,9,Yes,Graduate,Yes,67.06,Low
Male,23,6.4,96.6,40.2,5.5,10,Yes,Graduate,Yes,84.89,High
Male,20,4.1,82.7,93.0,5.6,8,Yes,Graduate,No,82.14,High
Male,22,1.2,55.7,68.4,8.7,2,Yes,Graduate,No,44.77,Low
Female,23,6.0,79.1,71.5,8.2,8,Yes,Graduate,Yes,76.31,High
Male,17,7.2,65.9,76.6,6.8,1,No,School,No,76.02,High
Female,19,4.6,69.2,83.9,6.8,6,Yes,Graduate,No,68.35,Low
Female,22,5.1,72.0,73.4,4.3,6,Yes,Graduate,No,67.73,Low
Male,19,2.1,71.1,81.9,7.2,9,Yes,Postgraduate,No,63.05,Low
Male,23,2.5,83.2,64.7,5.6,9,Yes,School,No,66.4,Low
Male,22,2.6,88.4,60.4,7.1,5,Yes,Graduate,Yes,53.7,Low
Female,23,4.0,66.5,85.3,8.2,1,Yes,Postgraduate,Yes,76.53,High
Male,22,7.5,96.2,87.6,4.2,1,Yes,School,No,76.91,High
Female,23,4.7,96.9,47.6,7.0,7,Yes,Graduate,No,63.16,Low
Male,17,2.3,52.0,69.8,6.8,4,No,School,No,64.34,Low
Female,19,2.9,50.7,77.6,5.0,9,Yes,Postgraduate,No,59.66,Low
Male,22,3.7,71.3,44.6,7.2,3,Yes,Graduate,Yes,54.75,Low
Male,17,5.4,79.5,91.1,6.8,6,No,Graduate,Yes,88.15,High
Female,18,4.1,63.9,68.6,7.8,9,Yes,Postgraduate,No,66.93,Low
Male,23,3.7,63.0,75.5,4.6,4,No,Postgraduate,No,53.96,Low
Male,21,5.0,83.9,49.8,6.2,5,Yes,Graduate,Yes,61.78,Low
Male,22,2.7,80.1,54.5,9.0,5,Yes,Graduate,Yes,54.91,Low
Male,20,1.6,58.4,46.7,7.4,5,Yes,Graduate,Yes,60.22,Low
Male,17,1.2,94.2,54.5,7.4,2,Yes,School,Yes,53.28,Low
Male,17,2.8,84.0,67.1,5.6,2,No,Graduate,Yes,56.94,Low
Male,22,1.6,68.1,85.8,4.5,1,Yes,Postgraduate,Yes,53.5,Low
Female,17,3.4,84.2,69.4,8.7,1,Yes,Graduate,Yes,56.23,Low
Female,18,6.4,55.6,53.4,4.5,4,Yes,Postgraduate,No,63.62,Low
Male,17,6.0,73.4,42.5,9.0,3,Yes,School,Yes,63.71,Low
Male,21,5.3,58.4,74.2,4.6,4,Yes,School,No,68.48,Low
Male,21,7.0,52.1,63.1,4.9,6,Yes,Graduate,No,68.55,Low
Female,23,3.0,66.9,94.1,5.5,1,Yes,Graduate,Yes,57.33,Low
Female,23,7.2,57.5,82.9,6.6,8,Yes,School,No,76.14,High
Male,20,3.8,81.7,84.5,8.0,8,Yes,Graduate,Yes,89.03,High
Female,18,3.8,83.7,40.7,8.9,7,Yes,Postgraduate,Yes,65.29,Low
Male,21,3.8,57.4,82.8,5.8,4,Yes,Graduate,No,59.19,Low
Male,22,1.7,51.2,50.7,4.1,8,Yes,School,No,45.93,Low
Male,19,7.8,89.6,72.2,7.1,9,Yes,Graduate,No,87.01,High
Male,19,2.0,50.1,64.6,7.6,5,Yes,Graduate,Yes,62.66,Low
Female,19,3.4,67.2,71.4,6.0,6,Yes,Graduate,Yes,63.75,Low
Female,23,3.2,74.7,47.3,4.9,10,Yes,Postgraduate,Yes,58.39,Low
Male,22,1.5,90.9,65.1,5.5,8,Yes,School,No,66.94,Low
Female,17,2.1,91.9,42.0,7.3,5,Yes,Graduate,Yes,38.92,Low
Female,22,1.3,86.2,42.3,6.5,4,Yes,Postgraduate,No,47.29,Low
Male,17,3.0,62.4,76.2,7.7,8,Yes,School,No,62.17,Low
Female,19,7.1,86.0,92.3,5.1,3,Yes,Graduate,Yes,79.96,High
Male,20,3.4,62.3,82.8,8.2,6,Yes,Graduate,No,70.06,High
Male,20,1.9,60.7,65.8,4.8,9,Yes,Postgraduate,No,52.09,Low
Male,17,5.5,77.4,43.1,5.6,6,No,School,No,67.19,Low
Male,19,8.0,83.9,42.5,7.0,9,Yes,Graduate,Yes,76.96,High
Female,22,2.6,52.7,48.7,7.7,8,Yes,School,Yes,48.2,Low
Male,20,3.0,53.0,93.7,5.3,9,Yes,School,No,65.73,Low
Female,17,7.8,89.2,61.9,8.7,10,Yes,Postgraduate,Yes,94.94,High
Male,22,2.3,93.0,86.4,7.5,9,No,Graduate,No,77.76,High
Male,19,4.6,80.2,78.8,5.1,8,No,Graduate,Yes,73.24,High
Female,18,2.7,71.4,73.3,7.6,9,Yes,Graduate,No,68.39,Low
Male,19,7.5,92.3,92.1,7.5,7,Yes,School,Yes,100.0,High
Female,23,7.9,86.4,52.7,7.8,7,Yes,School,Yes,88.14,High
Female,19,6.7,79.0,65.0,8.6,4,Yes,Graduate,No,73.45,High
Male,22,3.2,66.0,87.6,7.6,1,Yes,Graduate,Yes,51.92,Low
Male,22,3.8,59.9,70.3,5.8,7,Yes,Graduate,No,68.06,Low
Male,21,2.7,70.9,53.6,8.0,8,No,Graduate,No,58.85,Low
Male,21,7.2,64.3,51.5,7.5,9,Yes,Graduate,No,68.53,Low
Male,22,7.4,67.0,81.4,6.9,1,Yes,School,No,76.56,High
Male,22,3.9,75.8,40.7,5.8,9,Yes,Graduate,No,64.6,Low
Female,18,5.6,58.5,90.3,8.6,7,No,Graduate,Yes,75.35,High
Female,18,2.2,90.3,41.0,6.6,7,Yes,Graduate,Yes,64.09,Low
Male,19,4.0,57.3,74.7,7.1,3,Yes,School,No,61.14,Low
Female,23,5.4,74.0,73.3,6.1,1,Yes,School,No,67.67,Low
Female,20,3.7,87.3,71.8,7.9,7,Yes,School,No,66.23,Low
Male,23,3.5,74.3,66.1,5.7,10,Yes,Postgraduate,Yes,69.61,Low
Male,18,1.0,68.1,86.9,8.1,8,Yes,School,Yes,61.32,Low
Female,19,6.6,73.7,76.3,4.5,6,No,Graduate,No,88.18,High
Male,23,7.2,92.4,83.0,7.5,7,Yes,Graduate,Yes,87.45,High
Female,17,7.8,99.5,46.4,6.4,9,Yes,Graduate,Yes,83.86,High
Male,21,6.0,81.6,42.7,7.5,8,No,School,No,66.14,Low
Female,23,4.8,89.7,41.6,6.7,5,No,School,Yes,71.01,High
Female,20,2.9,50.7,48.1,4.7,4,Yes,Graduate,Yes,44.09,Low
Female,19,8.0,94.0,76.7,6.4,4,Yes,Graduate,No,78.91,High
Female,23,5.1,97.7,67.2,8.8,4,Yes,Graduate,Yes,78.0,High
Male,22,5.8,78.8,81.4,7.8,2,Yes,Postgraduate,Yes,77.51,High
Male,17,5.8,87.7,50.5,5.5,10,No,School,Yes,72.88,High
Female,21,6.9,75.6,60.2,8.7,10,Yes,Graduate,No,78.01,High
Female,17,1.1,64.3,88.9,7.9,7,Yes,Graduate,No,61.54,Low
Male,19,2.5,92.6,91.5,5.8,8,Yes,Postgraduate,Yes,70.89,High
Male,18,5.7,79.8,90.7,7.0,7,Yes,Graduate,Yes,81.21,High
Female,21,7.3,79.0,85.0,6.1,10,Yes,Graduate,No,93.68,High
Female,17,5.8,83.0,77.9,4.5,8,Yes,Graduate,No,82.62,High
Female,18,3.9,92.8,90.3,8.0,9,Yes,School,No,82.69,High
Female,20,3.5,86.6,79.3,5.0,8,Yes,Graduate,Yes,65.81,Low
Female,19,6.2,60.6,92.5,6.3,5,Yes,School,No,67.61,Low
Male,19,6.2,73.3,41.4,7.5,4,Yes,Graduate,Yes,64.86,Low
Female,21,5.2,99.0,90.7,8.7,5,Yes,Postgraduate,Yes,73.31,High
Male,17,3.0,77.7,70.6,4.3,1,Yes,Graduate,Yes,50.49,Low
Male,20,7.5,96.9,46.1,6.0,5,Yes,School,No,77.66,High
Male,22,4.9,90.7,51.8,7.1,6,No,Graduate,No,70.23,High
Female,21,6.5,83.3,86.9,7.9,9,Yes,Graduate,Yes,88.84,High
Male,22,2.5,67.5,67.8,8.6,9,Yes,School,No,65.91,Low
Male,21,3.4,65.2,94.1,4.0,10,Yes,Graduate,Yes,75.74,High
Male,17,7.1,82.2,46.5,7.1,3,Yes,School,Yes,63.09,Low
Male,20,1.4,71.6,62.7,4.0,8,Yes,Graduate,No,49.16,Low
Female,17,4.6,89.9,58.3,7.9,8,Yes,Graduate,No,75.93,High
Female,19,4.4,88.0,68.4,4.7,9,Yes,Graduate,No,75.13,High
Male,22,6.3,65.6,74.8,8.5,1,Yes,Graduate,Yes,68.58,Low
Male,18,3.0,85.1,76.4,4.8,5,Yes,Graduate,Yes,68.51,Low
Female,23,2.5,74.7,40.1,7.8,5,No,Graduate,No,58.82,Low
Female,19,7.5,66.2,44.9,5.4,7,Yes,Graduate,No,68.59,Low
Female,19,5.0,70.6,41.9,6.8,8,Yes,School,No,69.76,Low
Male,22,1.7,94.8,87.6,7.0,7,Yes,Graduate,Yes,67.32,Low
Female,21,2.4,68.0,57.2,5.0,6,Yes,School,Yes,44.99,Low
Male,19,8.0,64.4,60.2,5.5,4,Yes,Postgraduate,Yes,74.86,High
Male,23,2.4,67.6,64.8,4.5,9,Yes,Postgraduate,No,65.23,Low
Female,20,5.3,60.7,86.7,4.0,2,Yes,Graduate,Yes,62.84,Low
Male,19,3.9,77.2,40.8,5.2,6,Yes,School,No,63.16,Low
Female,20,7.2,57.4,46.5,6.6,10,Yes,Graduate,Yes,74.4,High
Male,17,6.3,90.9,77.7,7.6,6,Yes,Postgraduate,No,86.47,High
Female,21,5.2,61.3,93.0,8.0,4,Yes,School,Yes,78.29,High
Male,20,1.1,79.9,75.4,4.3,3,Yes,Graduate,No,51.77,Low
Male,19,7.2,56.3,54.4,5.4,3,Yes,School,No,76.54,High
Female,21,4.1,98.9,68.6,7.9,2,Yes,Postgraduate,Yes,74.4,High
Female,23,7.5,72.7,93.6,6.4,3,Yes,Postgraduate,Yes,74.33,High
Female,21,4.5,91.1,69.0,4.9,4,Yes,Graduate,Yes,57.06,Low
Female,20,5.9,88.4,60.5,6.0,10,Yes,Graduate,No,82.38,High
Male,20,1.5,85.7,61.1,5.4,4,Yes,Graduate,Yes,41.44,Low
Female,18,6.2,91.4,93.2,4.3,10,Yes,Graduate,Yes,89.77,High
Female,18,3.4,55.0,79.5,7.8,7,Yes,Graduate,No,71.7,High
Male,21,3.5,83.9,77.8,5.5,4,Yes,Graduate,No,67.96,Low
Female,22,1.8,63.3,52.8,8.7,9,Yes,Postgraduate,No,54.75,Low
Female,22,2.0,89.3,70.8,8.4,8,Yes,Postgraduate,No,73.17,High
Male,18,2.3,97.8,59.6,7.6,1,Yes,Graduate,Yes,54.28,Low
Female,19,3.3,95.1,53.2,5.6,10,Yes,Postgraduate,No,68.81,Low
Female,17,7.2,55.7,89.3,5.4,1,Yes,Graduate,No,71.78,High
Female,21,3.6,68.5,61.1,6.4,6,Yes,School,No,64.52,Low
Female,17,6.1,68.2,55.6,5.8,4,Yes,Graduate,Yes,60.69,Low
Female,18,1.6,56.1,91.2,8.5,10,Yes,Postgraduate,No,67.49,Low
Female,20,5.1,54.9,50.9,4.6,6,Yes,School,No,62.72,Low
Male,23,4.4,69.2,81.0,7.6,9,Yes,Graduate,Yes,86.54,High
Female,21,7.8,99.6,75.9,7.1,10,Yes,Postgraduate,Yes,98.83,High
Male,18,6.9,78.4,90.6,8.0,5,Yes,School,No,75.03,High
Male,19,4.2,81.1,85.8,6.7,8,Yes,Graduate,Yes,79.93,High
Male,23,6.4,73.6,78.8,7.1,2,Yes,School,Yes,71.1,High
Male,21,2.4,83.1,57.3,8.8,8,Yes,Graduate,No,67.77,Low
Female,21,4.9,97.8,67.3,4.5,8,Yes,Graduate,Yes,68.61,Low
Female,22,1.5,79.4,91.9,4.5,2,Yes,Graduate,No,51.99,Low
Female,20,3.4,53.3,41.3,6.0,7,Yes,School,No,51.62,Low
Male,21,2.6,74.6,83.7,6.4,8,Yes,Postgraduate,No,67.59,Low
Female,20,6.0,99.6,53.8,5.0,7,Yes,Graduate,Yes,79.18,High
Female,18,4.4,69.4,50.2,4.4,6,Yes,Postgraduate,Yes,63.24,Low
Female,19,6.3,79.7,52.8,4.1,3,Yes,Graduate,No,60.22,Low
Male,23,4.6,55.3,43.3,7.8,3,No,Postgraduate,No,61.37,Low
Male,23,1.6,57.1,94.6,6.4,8,Yes,School,Yes,65.5,Low
Female,19,6.1,93.7,87.8,8.2,4,Yes,School,Yes,78.31,High
Male,21,6.8,65.0,68.7,5.8,10,Yes,Graduate,No,70.26,High
Male,21,7.3,65.3,79.3,7.5,8,Yes,School,No,91.86,High
Female,18,5.0,69.4,70.6,6.4,10,Yes,Graduate,No,73.48,High
Male,22,6.3,98.3,84.6,7.1,6,Yes,Graduate,No,82.75,High
Male,22,6.3,54.2,86.5,5.9,3,No,School,No,75.87,High
Female,22,2.1,90.9,52.8,4.4,10,Yes,Graduate,No,55.41,Low
Male,20,2.1,67.1,65.3,8.7,2,Yes,School,No,50.52,Low
Male,22,1.5,92.5,74.9,8.2,1,Yes,Postgraduate,No,53.23,Low
Male,19,3.2,99.6,93.8,5.6,4,Yes,Graduate,Yes,71.85,High
Male,23,4.3,67.4,77.5,8.8,8,Yes,Postgraduate,No,77.09,High
Male,23,8.0,56.5,89.4,5.5,4,Yes,Graduate,Yes,85.49,High
Male,20,4.0,57.2,86.5,6.2,8,Yes,Graduate,Yes,74.26,High
Male,18,6.1,87.9,72.0,7.8,8,Yes,Graduate,No,89.83,High
Male,19,5.9,57.2,89.2,5.5,1,Yes,School,Yes,64.95,Low
Female,23,2.4,63.0,60.8,5.6,6,Yes,Graduate,Yes,56.67,Low
Female,19,1.4,60.2,60.9,6.1,10,No,School,Yes,54.47,Low
Female,23,4.8,67.8,83.0,6.3,8,Yes,School,No,75.24,High
Female,17,5.9,53.7,47.4,4.6,8,No,School,No,64.35,Low
Male,18,8.0,92.8,56.8,4.1,1,Yes,Postgraduate,No,66.01,Low
Female,18,3.5,93.0,73.5,8.6,8,Yes,Postgraduate,No,76.19,High
Female,17,7.3,70.6,63.1,5.8,9,Yes,School,No,81.89,High
Male,20,3.7,80.6,91.7,4.5,6,Yes,Graduate,No,71.89,High
Male,23,5.8,82.1,92.7,7.8,7,Yes,Graduate,Yes,84.05,High
Male,23,5.2,87.5,67.6,5.5,6,Yes,School,No,62.18,Low
Male,23,1.4,76.0,69.6,4.9,5,No,Graduate,Yes,54.64,Low
Male,22,1.5,75.5,79.9,8.8,1,No,School,Yes,58.15,Low
Female,22,1.1,81.6,65.1,8.6,2,Yes,Graduate,Yes,60.27,Low
Male,22,3.6,85.2,50.5,4.5,10,Yes,School,Yes,67.91,Low
Female,22,6.2,67.3,81.1,8.5,2,Yes,Graduate,No,87.43,High
Female,22,2.2,66.5,80.6,8.5,9,Yes,School,No,68.37,Low
Male,17,5.2,63.5,53.5,7.2,6,Yes,Graduate,Yes,66.88,Low
Female,18,3.0,77.4,85.8,6.6,3,Yes,Graduate,Yes,63.26,Low
Female,20,6.6,68.0,73.8,5.1,3,Yes,Graduate,No,69.18,Low
Male,19,6.6,77.0,53.0,4.6,10,Yes,Graduate,No,80.19,High
Female,22,6.4,70.3,75.9,7.0,10,Yes,School,No,90.74,High
Female,17,4.7,91.8,52.8,8.1,2,No,School,Yes,66.74,Low
Female,23,3.0,53.7,54.6,7.4,7,Yes,Graduate,No,58.17,Low
Male,20,6.7,78.6,86.6,4.9,1,Yes,Graduate,No,73.09,High
Male,20,2.3,78.8,91.1,5.5,1,Yes,Graduate,Yes,59.08,Low
Male,20,3.0,69.2,54.1,6.7,10,Yes,School,No,63.65,Low
Female,17,2.3,71.1,91.0,7.1,3,Yes,Graduate,Yes,63.57,Low
Male,19,5.7,90.0,53.1,4.4,1,No,Graduate,Yes,63.18,Low
Female,22,5.8,64.0,46.4,7.1,3,Yes,School,No,56.97,Low
Male,20,5.6,93.6,43.2,7.7,9,Yes,Graduate,No,82.41,High
Female,17,3.9,94.8,53.3,4.9,7,Yes,Postgraduate,No,75.94,High
Male,23,1.7,82.5,61.2,5.2,9,Yes,School,No,60.17,Low
Male,18,7.4,88.6,91.0,5.3,7,No,Graduate,Yes,90.9,High
Female,23,4.6,80.6,53.3,8.7,9,Yes,Graduate,No,75.73,High
Male,17,3.8,76.3,60.1,6.0,3,Yes,School,No,55.25,Low
Female,17,5.1,98.3,80.4,6.7,7,Yes,Postgraduate,No,83.98,High
Male,17,2.3,64.1,56.6,7.6,6,Yes,Postgraduate,Yes,53.26,Low
Male,20,1.9,57.7,77.6,5.9,2,Yes,Graduate,Yes,49.6,Low
Female,17,3.8,64.4,63.8,4.5,6,Yes,Graduate,No,54.5,Low
Female,18,2.6,80.7,50.8,7.3,3,Yes,Graduate,No,51.5,Low
Female,20,2.7,59.3,80.4,7.3,2,Yes,School,No,58.2,Low
Male,23,7.2,95.4,41.5,5.3,5,Yes,School,No,81.82,High
Female,18,4.7,70.6,56.1,4.2,5,No,Postgraduate,No,60.2,Low
Male,21,4.4,92.5,59.6,7.3,2,Yes,Postgraduate,No,61.71,Low
Female,23,5.8,62.5,65.2,7.5,3,Yes,Graduate,No,69.49,Low
Female,17,7.7,65.7,77.4,4.1,8,Yes,School,Yes,89.13,High
Female,22,1.8,53.0,65.3,7.5,5,Yes,Postgraduate,Yes,59.3,Low
Female,22,6.8,62.9,72.7,8.7,8,No,Postgraduate,No,75.14,High
Female,20,5.1,74.5,72.8,4.9,10,Yes,Graduate,Yes,77.53,High
Female,22,2.0,97.3,60.5,6.6,4,No,Graduate,No,67.34,Low
Male,23,3.1,69.4,91.4,7.5,4,No,Graduate,No,60.97,Low
Female,20,4.4,82.0,92.6,5.2,6,Yes,Postgraduate,No,77.08,High
Male,23,5.8,71.4,72.0,7.8,10,Yes,School,Yes,83.29,High
Female,17,2.7,52.3,43.9,8.3,5,No,School,No,43.41,Low
Female,19,4.7,75.2,67.0,8.1,5,Yes,Postgraduate,No,72.24,High
Female,19,5.8,53.3,50.1,5.3,9,Yes,School,Yes,70.73,High
Male,18,4.1,94.2,66.6,8.0,6,Yes,Postgraduate,No,69.48,Low
Male,17,7.0,87.7,50.4,6.1,3,Yes,Graduate,No,65.29,Low
Female,22,7.1,68.9,78.7,5.3,4,No,Graduate,Yes,84.0,High
Male,17,4.3,82.0,44.4,4.8,9,Yes,Graduate,No,59.66,Low
Female,21,7.8,55.6,92.4,8.5,6,Yes,School,Yes,94.83,High
Female,19,1.5,85.1,50.7,6.1,8,Yes,Graduate,No,58.22,Low
Male,22,1.0,91.1,76.3,8.3,7,Yes,Graduate,Yes,63.09,Low
Male,23,3.7,91.1,90.4,4.8,1,Yes,Graduate,No,73.34,High
Male,23,5.2,64.2,53.6,7.8,1,No,School,No,57.72,Low
Male,19,5.4,63.2,91.4,4.6,10,Yes,Postgraduate,No,81.19,High
Female,17,4.3,76.1,61.4,4.1,7,Yes,School,Yes,69.02,Low
Male,22,1.9,98.4,92.8,9.0,2,Yes,Graduate,No,63.8,Low
Male,18,2.2,96.0,93.4,4.4,9,Yes,School,No,75.15,High
Female,23,7.0,68.0,50.3,6.3,10,Yes,Postgraduate,No,72.17,High
Male,17,7.1,89.0,85.7,8.4,9,Yes,School,No,96.93,High
Male,18,5.7,96.1,50.6,8.1,2,Yes,Postgraduate,Yes,64.84,Low
Male,22,5.6,63.0,52.5,6.4,9,Yes,School,No,72.13,High
Male,19,5.2,91.5,44.6,7.1,9,Yes,School,No,90.37,High
Female,21,2.4,63.4,48.6,7.1,10,Yes,Graduate,Yes,55.02,Low
Female,20,4.0,67.2,74.8,4.5,6,Yes,Postgraduate,No,73.52,High
Male,19,5.9,59.9,64.7,5.4,5,No,Graduate,Yes,67.37,Low
Male,18,4.8,75.4,83.5,5.5,10,Yes,Postgraduate,No,83.92,High
Female,17,1.1,92.2,58.3,5.9,2,Yes,School,Yes,54.28,Low
Male,23,7.7,76.4,93.3,5.4,6,Yes,Postgraduate,No,92.3,High
Male,22,6.9,56.2,42.7,5.3,9,Yes,School,Yes,71.7,High
Male,19,2.8,62.6,43.5,5.8,3,Yes,Graduate,Yes,37.76,Low
Male,23,5.3,78.1,78.6,5.9,3,Yes,School,Yes,75.44,High
Male,23,7.5,79.2,88.8,6.4,4,Yes,Postgraduate,Yes,85.16,High
Male,21,1.7,78.8,83.8,4.9,10,Yes,Postgraduate,No,64.11,Low
Male,22,4.5,53.9,66.9,7.9,4,Yes,Graduate,No,59.96,Low
Male,18,4.2,87.7,54.8,8.3,1,No,Graduate,No,53.87,Low
Male,22,3.9,95.5,40.7,5.2,2,Yes,Graduate,Yes,55.83,Low
Female,22,6.8,75.5,68.0,4.6,6,No,Postgraduate,Yes,73.99,High
Female,17,3.7,85.9,66.2,7.6,5,Yes,Graduate,Yes,65.27,Low
Female,20,1.4,95.7,58.9,8.6,10,Yes,Postgraduate,No,69.7,Low
Male,23,1.5,82.1,71.8,4.2,4,Yes,Graduate,No,52.69,Low
Male,18,1.3,83.7,80.1,4.1,10,No,Graduate,No,66.27,Low
Female,17,3.9,86.1,78.5,4.9,9,Yes,Graduate,Yes,72.8,High
Male,23,6.0,63.0,54.5,7.4,2,Yes,Graduate,No,64.39,Low
Female,20,2.4,79.1,72.2,8.8,8,Yes,Graduate,No,64.05,Low
Male,17,5.5,92.1,48.2,7.8,4,Yes,Graduate,No,62.07,Low
Female,20,5.8,64.8,46.7,6.9,9,Yes,Graduate,Yes,68.78,Low
Female,20,2.8,94.9,83.2,7.5,4,Yes,Postgraduate,Yes,66.69,Low
Female,20,5.2,81.0,78.2,5.2,2,No,Graduate,No,65.76,Low
Male,17,5.8,71.2,82.2,7.4,6,No,Graduate,Yes,79.93,High
Female,22,4.3,81.2,48.4,5.6,9,Yes,School,No,73.59,High
Male,20,3.4,70.1,90.3,5.1,7,Yes,Graduate,No,63.05,Low
Male,22,5.3,91.9,47.3,5.2,1,Yes,School,No,63.87,Low
Male,23,7.8,74.1,87.9,7.3,9,Yes,Graduate,Yes,100.0,High
Male,23,4.0,95.1,59.4,7.8,6,Yes,Graduate,No,73.3,High
Male,18,3.7,75.5,45.8,6.9,9,Yes,Graduate,Yes,65.08,Low
Male,21,4.2,83.0,55.8,4.3,2,Yes,Graduate,No,59.16,Low
Male,22,1.5,99.9,50.0,4.2,7,Yes,Graduate,Yes,59.25,Low
Female,23,4.9,57.3,67.0,5.1,8,Yes,Graduate,No,52.6,Low
Female,21,3.3,86.8,92.2,5.4,8,Yes,Graduate,Yes,65.38,Low
Female,20,1.8,56.9,58.0,6.0,5,Yes,Graduate,No,50.19,Low
Male,21,4.3,91.9,73.7,4.4,7,Yes,Postgraduate,No,72.83,High
Male,21,1.0,79.8,89.0,7.6,7,Yes,Graduate,No,71.53,High
Male,20,3.8,96.9,74.7,7.6,3,Yes,School,No,68.73,Low
Male,22,1.7,93.3,59.9,5.7,2,Yes,School,No,48.66,Low
Female,20,1.2,53.7,94.5,6.8,5,Yes,Graduate,No,50.82,Low
Male,18,6.8,56.9,50.3,4.5,4,Yes,Graduate,No,62.0,Low
Female,19,7.4,80.1,68.8,6.1,8,Yes,School,Yes,80.63,High
Male,17,2.5,75.9,83.8,8.3,5,Yes,Graduate,No,67.58,Low
Female,20,4.8,58.4,40.0,7.3,9,Yes,School,No,66.92,Low
Male,20,2.9,56.5,78.6,4.5,7,No,School,No,55.7,Low
Female,21,4.5,78.2,54.7,8.2,1,Yes,Graduate,Yes,63.77,Low
Male,18,4.1,52.4,49.3,7.4,2,Yes,Postgraduate,No,39.41,Low
Female,23,2.9,93.7,55.1,6.3,8,Yes,School,No,71.51,High
Male,23,5.9,90.4,93.2,7.5,10,Yes,Graduate,Yes,87.72,High
Female,21,1.9,89.3,89.1,4.9,8,Yes,Graduate,Yes,74.41,High
Female,22,1.4,50.8,51.8,6.8,2,Yes,School,No,37.5,Low
Male,20,6.4,52.4,46.4,7.1,7,Yes,School,Yes,68.64,Low
Female,20,5.7,77.5,60.0,8.6,8,Yes,School,No,74.19,High
Male,21,4.5,99.7,72.6,4.3,4,Yes,Postgraduate,No,73.37,High
Male,20,4.3,67.1,87.7,5.9,3,Yes,Graduate,Yes,62.4,Low
Male,22,4.5,67.2,93.1,8.7,10,Yes,School,No,75.54,High
Female,19,4.1,56.7,81.3,5.1,9,Yes,School,Yes,73.63,High
Female,17,3.8,83.7,72.9,8.1,2,Yes,Graduate,No,62.15,Low
Male,17,4.5,82.3,47.8,4.0,3,Yes,Graduate,Yes,65.77,Low
Male,17,4.7,55.1,44.1,4.1,8,Yes,School,Yes,61.54,Low
Female,19,5.8,73.4,72.8,5.6,2,No,Graduate,No,74.07,High
Female,20,6.0,83.4,69.6,7.8,5,Yes,School,Yes,83.01,High
Female,21,3.6,74.7,86.5,4.5,10,Yes,School,No,72.52,High
Male,23,3.9,83.7,57.7,5.9,8,Yes,Graduate,Yes,67.54,Low
Male,18,3.6,90.8,42.2,4.7,7,Yes,Graduate,Yes,62.04,Low
Male,20,4.8,84.3,63.3,5.1,4,Yes,Graduate,Yes,62.22,Low
Male,19,4.2,80.8,93.3,6.5,10,Yes,Graduate,No,79.38,High
Male,22,7.2,92.7,83.8,5.6,9,Yes,Postgraduate,Yes,91.78,High
Female,19,5.9,95.0,41.9,5.1,2,No,Graduate,No,69.24,Low
Male,23,7.3,69.4,88.1,6.0,7,Yes,Postgraduate,No,86.31,High
Female,17,6.0,58.7,65.9,7.5,7,Yes,Postgraduate,No,75.16,High
Female,20,7.8,90.9,60.1,4.6,7,Yes,Postgraduate,Yes,85.78,High
Male,23,5.5,60.7,59.1,6.4,7,Yes,School,Yes,74.6,High
Female,17,7.7,96.4,72.7,5.4,5,Yes,Graduate,No,88.31,High
Male,18,2.1,51.1,69.2,5.9,1,Yes,School,No,45.47,Low
Female,22,1.4,96.1,76.1,8.1,4,Yes,Graduate,No,60.21,Low
Male,17,5.1,79.5,71.6,8.6,5,Yes,School,Yes,59.37,Low
Male,18,7.9,88.7,47.9,5.2,10,Yes,School,No,79.69,High
Female,19,3.9,69.9,54.1,7.1,4,Yes,Postgraduate,Yes,61.7,Low
Male,17,2.5,99.6,86.3,7.4,7,Yes,Graduate,Yes,68.77,Low
Female,17,4.7,61.4,76.5,8.2,2,Yes,Postgraduate,Yes,60.83,Low
Male,21,5.5,63.2,64.7,8.5,2,Yes,Graduate,Yes,70.18,High
Male,22,3.2,52.6,50.0,6.3,2,Yes,Graduate,No,42.08,Low
Male,22,6.0,97.0,40.4,8.9,10,Yes,School,No,75.15,High
Female,23,7.8,72.8,57.2,8.9,3,Yes,Graduate,Yes,72.1,High
Female,19,7.3,83.7,43.0,6.5,5,Yes,Graduate,No,65.93,Low
Male,21,3.0,84.4,66.5,6.7,10,Yes,Postgraduate,No,66.77,Low
Female,23,3.3,93.7,85.2,7.3,9,Yes,School,Yes,64.29,Low
Male,18,3.6,83.2,55.7,5.9,3,Yes,School,Yes,70.06,High
Female,23,3.8,78.1,86.6,7.3,6,Yes,School,No,71.57,High
Female,18,1.7,85.5,78.8,6.6,6,Yes,Postgraduate,No,63.38,Low
Male,19,6.3,87.5,46.9,4.2,6,Yes,Graduate,No,59.18,Low
Male,22,3.6,59.3,75.5,8.3,5,Yes,Graduate,No,60.08,Low
Male,18,7.2,55.5,48.3,8.7,2,Yes,Graduate,No,66.16,Low
Male,19,7.5,53.7,76.0,4.1,1,Yes,Graduate,Yes,62.09,Low
Male,23,1.2,68.7,47.8,7.9,5,Yes,Graduate,Yes,52.39,Low
Female,18,7.9,74.9,61.6,5.9,8,Yes,Graduate,No,83.64,High
Female,20,6.0,80.8,71.2,6.9,10,No,Graduate,No,81.33,High
Male,17,4.6,97.9,42.8,6.5,5,Yes,Graduate,No,64.43,Low
Male,23,3.7,66.5,48.4,6.8,3,Yes,School,Yes,50.89,Low
Male,22,4.6,88.0,57.6,6.5,3,Yes,School,Yes,54.27,Low
Female,23,3.3,76.6,65.4,8.3,2,No,School,No,60.27,Low
Male,20,5.4,61.0,87.2,7.4,7,Yes,Graduate,Yes,70.82,High
Male,19,1.7,80.8,50.3,6.1,2,Yes,Graduate,No,46.97,Low
Female,19,5.3,98.4,59.1,7.4,6,No,Graduate,No,80.22,High
Female,23,2.9,56.2,66.2,8.8,8,No,School,No,62.63,Low
Female,20,1.1,75.4,56.3,4.4,8,Yes,Graduate,No,53.23,Low
Female,23,4.9,52.6,74.4,5.9,2,Yes,School,No,55.75,Low
Male,17,5.0,66.1,54.1,8.4,6,No,Graduate,No,59.29,Low
Female,17,4.0,81.0,82.5,7.7,3,Yes,Postgraduate,No,74.03,High
Female,21,1.5,92.1,67.8,8.7,9,Yes,Graduate,Yes,71.21,High
Male,18,7.3,86.5,44.7,4.2,3,Yes,School,No,74.73,High
Male,21,5.3,73.1,74.5,8.3,1,Yes,Postgraduate,No,78.76,High
Male,17,1.8,95.5,71.3,8.0,9,Yes,Graduate,No,66.42,Low
Female,20,4.6,65.1,58.6,8.1,8,Yes,Graduate,Yes,70.76,High
Male,18,4.5,87.7,40.6,7.0,2,Yes,School,No,63.34,Low
Female,20,1.4,73.7,51.0,4.3,10,Yes,Graduate,No,64.77,Low
Female,21,5.2,94.9,62.3,6.7,10,Yes,Graduate,No,85.74,High
Female,19,6.7,89.9,51.0,6.0,3,Yes,Graduate,Yes,65.96,Low
Male,20,6.2,95.1,71.8,6.6,7,No,Postgraduate,Yes,90.83,High
Female,21,2.4,60.7,79.2,7.7,6,Yes,Graduate,Yes,66.57,Low
Male,21,7.0,83.4,87.1,7.0,8,Yes,School,No,91.19,High
Male,21,3.4,86.9,75.6,5.5,10,Yes,Postgraduate,No,71.71,High
Male,19,7.6,87.1,77.9,7.0,5,Yes,School,No,93.48,High
Female,19,1.5,75.2,73.5,4.4,5,Yes,Graduate,Yes,68.98,Low
Female,23,4.4,50.6,94.2,4.0,2,Yes,Graduate,No,62.19,Low
Female,19,5.2,63.1,54.4,6.0,6,No,Postgraduate,Yes,65.62,Low
Male,18,2.7,66.2,54.6,7.8,5,Yes,Graduate,Yes,58.33,Low
Female,19,6.4,92.6,46.9,8.1,9,Yes,Postgraduate,No,74.47,High
Female,19,5.4,92.0,66.7,6.7,3,Yes,Graduate,Yes,71.33,High
Female,19,1.1,55.2,45.3,8.3,5,Yes,School,Yes,48.02,Low
Female,20,5.3,97.5,54.9,4.6,3,No,Graduate,No,75.99,High
Female,19,4.4,59.1,66.5,8.8,9,Yes,Graduate,No,70.79,High
Male,18,2.4,70.7,92.7,8.6,9,No,School,No,76.09,High
Male,21,8.0,60.8,93.0,7.0,10,Yes,School,Yes,90.76,High
Male,20,7.3,93.0,80.9,4.3,7,Yes,Graduate,No,91.35,High
Male,17,3.0,87.5,61.4,6.3,1,Yes,Postgraduate,No,55.06,Low
Female,19,4.8,67.7,87.6,4.9,9,Yes,Graduate,Yes,82.12,High
Male,23,3.2,84.1,88.2,7.1,9,Yes,Graduate,Yes,73.21,High
Female,23,6.4,59.2,90.1,4.9,10,Yes,School,Yes,76.52,High
Male,21,7.5,69.1,75.2,6.4,5,Yes,School,Yes,76.39,High
Male,21,3.5,68.9,51.1,5.0,2,Yes,Graduate,No,58.82,Low
Male,20,6.6,61.9,45.0,4.9,1,Yes,School,No,57.86,Low
Female,23,4.5,93.8,90.3,5.2,2,Yes,Graduate,No,71.5,High
Female,17,3.8,83.9,43.1,4.1,4,Yes,School,No,56.51,Low
Male,22,7.6,64.0,56.3,7.6,4,No,Graduate,No,74.08,High
Female,23,4.6,62.1,66.8,5.5,1,Yes,Graduate,Yes,60.37,Low
Male,23,4.3,50.9,41.2,7.5,8,Yes,School,Yes,60.0,Low
Male,18,5.7,67.3,89.9,7.3,10,Yes,Graduate,No,100.0,High
Male,22,2.8,76.3,55.8,4.3,8,Yes,Graduate,Yes,66.28,Low
Female,21,3.3,63.9,41.6,5.6,8,Yes,School,Yes,60.67,Low
Male,22,7.5,85.0,94.6,6.8,5,Yes,Graduate,No,93.77,High
Male,23,5.7,70.6,57.1,8.6,10,Yes,Graduate,Yes,79.79,High
Male,21,6.8,65.8,88.2,6.0,2,Yes,School,No,74.31,High
Female,22,2.9,97.0,64.9,6.5,4,Yes,Graduate,Yes,66.49,Low
Male,21,4.8,63.1,76.5,7.8,1,No,Graduate,No,57.71,Low
Female,21,7.8,69.9,53.3,8.0,10,Yes,School,No,78.32,High
Male,20,3.2,69.1,67.7,8.6,1,Yes,Graduate,No,55.38,Low
Female,17,2.1,62.1,54.2,6.5,10,Yes,Graduate,No,60.52,Low
Male,21,4.6,60.9,92.3,5.0,3,No,Graduate,No,64.16,Low
Male,18,3.7,65.1,43.4,7.8,4,Yes,Postgraduate,Yes,57.19,Low
Female,23,2.1,93.2,55.1,4.6,3,Yes,Postgraduate,Yes,45.71,Low
Female,23,7.2,88.4,89.1,6.1,3,No,Graduate,Yes,82.43,High
Male,18,7.9,84.0,66.4,7.1,8,Yes,School,Yes,79.61,High
Female,19,5.0,72.9,73.0,7.5,4,No,Graduate,Yes,70.96,High
Male,21,6.4,75.4,75.8,7.7,3,No,Graduate,No,84.03,High
Male,21,7.0,63.4,43.9,5.0,9,Yes,Graduate,Yes,72.73,High
Male,21,5.9,53.7,41.0,8.9,1,No,Graduate,No,62.45,Low
Female,22,1.3,66.6,91.6,4.9,8,Yes,Graduate,No,68.1,Low
Male,21,2.1,74.8,54.9,4.5,5,Yes,Postgraduate,Yes,50.67,Low
Female,21,1.5,52.9,60.9,7.3,8,Yes,Postgraduate,No,57.39,Low
Male,18,1.1,54.4,77.5,8.5,10,No,School,Yes,55.67,Low
Female,17,3.1,63.2,53.0,6.8,3,Yes,Graduate,No,51.26,Low
Female,17,3.7,68.4,80.3,7.0,6,No,Graduate,Yes,68.75,Low
Male,19,2.7,69.7,65.2,6.7,7,Yes,Graduate,No,56.91,Low
Female,18,1.5,55.9,87.1,4.2,8,Yes,Postgraduate,No,60.1,Low
Male,21,4.7,61.3,55.3,7.4,7,Yes,Graduate,Yes,62.12,Low
Male,17,2.9,63.1,51.2,5.8,7,Yes,Graduate,Yes,60.64,Low
Male,20,6.6,53.4,85.7,8.7,2,Yes,Postgraduate,Yes,68.29,Low
Male,20,1.1,66.3,57.9,4.9,3,No,School,No,40.53,Low
Male,20,6.9,53.6,62.7,5.5,6,Yes,Postgraduate,Yes,71.63,High
Female,21,7.7,85.2,83.7,6.5,3,Yes,Graduate,No,78.86,High
Male,21,6.0,69.3,75.0,6.4,9,Yes,School,Yes,88.84,High
Female,19,6.1,66.3,64.3,6.0,9,Yes,Graduate,Yes,65.07,Low
Female,23,7.5,56.3,53.7,5.6,6,No,Graduate,Yes,68.26,Low
Male,19,2.5,61.3,82.0,4.7,1,Yes,School,Yes,54.19,Low
Female,19,8.0,61.6,49.9,8.1,1,No,Graduate,Yes,77.45,High
Male,22,6.4,99.3,91.1,6.2,4,Yes,Postgraduate,No,76.99,High
Female,20,6.1,91.8,48.3,6.9,10,Yes,School,No,74.09,High
Female,21,3.5,50.8,84.3,6.7,8,No,School,No,65.25,Low
Female,20,4.8,80.8,63.3,6.9,3,Yes,School,No,73.39,High
Male,19,5.6,62.8,50.2,7.5,4,Yes,Postgraduate,Yes,67.24,Low
Female,21,5.3,55.2,62.1,7.1,6,Yes,Graduate,No,62.96,Low
Male,18,5.9,85.3,52.2,5.4,9,No,School,No,80.99,High
Female,17,1.6,56.6,47.5,6.8,4,Yes,Postgraduate,No,46.31,Low
Female,17,3.5,72.2,53.2,5.2,3,Yes,Postgraduate,No,54.75,Low
Female,19,4.0,81.6,87.7,6.9,10,Yes,Graduate,No,82.58,High
Female,23,2.8,77.7,45.8,6.2,10,Yes,School,No,57.07,Low
Male,20,2.2,98.9,93.5,4.2,9,Yes,Graduate,No,76.04,High
Male,18,2.0,89.3,40.3,7.7,7,Yes,School,No,54.73,Low
Female,21,3.6,88.7,76.2,5.4,9,No,School,No,87.67,High
Female,23,4.5,67.8,87.1,8.6,10,No,School,Yes,89.52,High
Male,20,1.4,50.4,91.4,5.4,6,Yes,Postgraduate,No,56.53,Low
Male,19,7.6,86.7,47.9,9.0,4,Yes,School,No,79.25,High
Male,20,6.4,100.0,78.4,6.3,5,Yes,Graduate,No,77.83,High
Male,19,6.1,70.3,45.9,4.1,10,Yes,School,No,73.03,High
Female,22,2.2,99.3,59.4,4.4,2,No,School,Yes,48.09,Low
Female,17,5.2,57.1,80.3,4.4,3,Yes,Graduate,No,62.62,Low
Male,23,4.7,64.8,59.0,4.3,5,Yes,School,No,64.22,Low
Male,17,7.9,58.5,57.2,5.3,3,Yes,Postgraduate,No,64.78,Low
Male,20,6.2,73.8,46.4,5.6,3,Yes,School,No,58.65,Low
Male,18,5.0,89.8,43.7,4.6,9,Yes,School,No,64.94,Low
Male,21,7.0,67.0,46.3,6.2,4,Yes,Graduate,No,66.9,Low
Male,19,2.1,95.3,88.2,5.8,4,Yes,Postgraduate,Yes,72.63,High
Female,21,1.1,77.2,40.6,7.2,1,Yes,Postgraduate,Yes,46.58,Low
Female,17,5.8,73.3,78.1,5.0,7,Yes,Graduate,No,74.56,High
Female,18,1.7,89.4,82.3,8.6,10,Yes,Postgraduate,Yes,79.76,High
Male,18,1.8,55.1,71.2,6.6,9,Yes,Postgraduate,No,59.44,Low
Male,21,6.2,88.7,80.2,7.1,8,Yes,School,No,86.5,High
Male,17,2.9,62.1,75.9,4.2,2,Yes,Postgraduate,No,53.67,Low
Female,21,5.4,64.0,65.1,6.8,6,Yes,Graduate,Yes,73.19,High
Male,20,7.4,80.0,61.0,5.8,10,No,Graduate,No,80.33,High
Male,18,3.2,95.1,91.8,8.6,10,Yes,School,Yes,80.56,High
Female,18,2.5,78.9,93.5,8.4,5,Yes,Graduate,Yes,75.31,High
Male,20,1.7,82.4,75.8,7.2,8,Yes,Graduate,No,63.08,Low
Female,17,1.9,88.8,50.9,7.8,1,No,Graduate,Yes,46.59,Low
Female,18,1.4,63.0,64.6,7.2,9,Yes,Graduate,No,50.69,Low
Male,23,1.6,91.4,67.3,4.1,9,Yes,School,No,65.09,Low
Female,22,4.0,70.9,81.7,7.5,7,Yes,Graduate,No,67.29,Low
Male,22,3.2,58.8,76.7,4.9,8,Yes,Graduate,No,72.55,High
Female,22,5.9,67.5,68.3,7.4,9,Yes,Graduate,No,81.24,High
Male,19,7.1,62.3,77.4,4.1,5,No,School,No,69.0,Low
Female,23,6.5,61.4,41.3,5.6,2,No,School,No,60.24,Low
Male,19,4.7,64.1,82.7,6.6,1,Yes,Graduate,Yes,61.23,Low
Female,17,1.7,59.0,51.6,5.7,5,Yes,Graduate,No,50.67,Low
Female,20,6.0,83.4,76.1,7.5,8,Yes,School,No,81.56,High
Female,21,3.5,79.0,46.3,6.6,10,No,School,No,76.65,High
Male,23,1.6,82.4,46.3,8.8,4,Yes,Graduate,No,62.71,Low
Male,17,6.9,67.2,42.0,5.8,4,No,Postgraduate,Yes,62.8,Low
Female,21,3.4,88.5,90.1,7.6,4,Yes,Postgraduate,Yes,71.21,High
Male,17,2.5,56.5,73.3,8.2,8,Yes,Graduate,Yes,67.47,Low
Female,19,7.1,78.6,59.9,5.3,7,Yes,Graduate,No,75.01,High
Male,22,7.3,63.8,83.3,7.8,1,Yes,School,No,73.44,High
Female,20,3.4,76.4,74.4,6.0,10,Yes,Graduate,Yes,64.51,Low
Male,19,3.5,66.2,74.1,4.6,6,Yes,Graduate,Yes,56.09,Low
Female,20,5.1,89.5,66.8,4.0,4,Yes,Graduate,No,72.64,High
Female,23,6.1,94.6,40.4,7.7,2,No,School,No,66.71,Low
Female,21,1.4,87.1,54.2,4.9,3,Yes,Graduate,No,45.3,Low
Female,17,5.2,58.8,46.0,4.3,4,Yes,School,Yes,60.28,Low
Male,18,7.7,63.7,76.4,6.5,10,Yes,Graduate,No,77.92,High
Female,18,2.8,96.0,53.7,5.7,7,Yes,Graduate,Yes,61.47,Low
Male,20,7.4,71.9,64.8,7.5,1,Yes,Postgraduate,No,72.54,High
Male,22,7.7,97.1,59.4,4.5,1,Yes,Graduate,Yes,68.13,Low
Female,22,2.9,69.6,47.9,4.7,3,Yes,School,Yes,52.18,Low
Male,20,6.3,97.6,92.7,6.0,2,Yes,Postgraduate,No,86.21,High
Male,19,2.7,96.3,91.3,6.6,3,No,Graduate,Yes,69.25,Low
Male,18,6.2,83.0,44.7,8.1,3,Yes,Postgraduate,Yes,64.34,Low
Female,19,6.6,50.4,85.5,6.9,1,Yes,School,Yes,66.42,Low
Male,21,2.7,70.0,66.9,8.5,6,Yes,Graduate,No,62.3,Low
Male,18,6.0,95.6,82.6,5.1,8,Yes,Graduate,No,81.31,High
Female,21,6.7,94.3,48.3,7.0,5,Yes,School,No,75.3,High
Female,17,3.5,59.4,47.3,7.3,1,Yes,Postgraduate,No,54.25,Low
Male,19,2.2,70.0,89.0,7.6,10,Yes,Graduate,Yes,75.7,High
Female,20,1.6,91.8,89.4,8.9,7,Yes,School,Yes,69.67,Low
Male,18,5.0,78.9,65.6,6.3,10,Yes,School,No,79.03,High
Male,19,7.8,92.4,87.9,5.8,9,Yes,Graduate,No,95.5,High
Male,20,6.8,91.3,76.7,8.3,7,Yes,School,No,88.93,High
Female,17,4.1,95.4,50.2,4.9,9,No,Graduate,No,69.95,Low
Male,18,4.8,55.9,58.1,4.2,10,Yes,Graduate,No,78.02,High
Female,21,3.0,57.3,47.5,6.2,9,Yes,School,No,59.4,Low
Female,17,2.1,54.1,82.6,5.2,2,No,School,No,58.37,Low
Male,22,4.4,96.8,94.2,6.0,8,Yes,Graduate,Yes,77.05,High
Female,20,4.2,73.8,70.1,8.9,7,No,Graduate,Yes,76.19,High
Female,18,4.7,53.2,76.1,5.7,7,Yes,School,No,66.95,Low
Female,18,7.7,66.1,81.0,7.5,2,No,School,No,81.07,High
Female,23,5.2,67.6,52.3,5.3,1,No,Graduate,No,57.43,Low
Female,23,5.2,90.5,58.5,5.5,4,No,School,Yes,49.9,Low
Male,17,1.9,86.8,62.7,5.2,7,Yes,Postgraduate,No,69.06,Low
Female,18,8.0,84.5,72.7,6.9,6,No,Graduate,Yes,79.66,High
Male,20,6.4,51.1,86.8,5.1,10,No,Graduate,Yes,76.22,High
Male,17,7.1,95.5,54.0,7.6,2,Yes,School,No,72.49,High
Male,21,3.9,60.8,65.9,7.4,7,Yes,Postgraduate,No,61.49,Low
Male,17,4.5,81.5,81.3,6.1,10,Yes,Graduate,Yes,76.02,High
Male,17,4.7,53.1,44.8,4.1,9,Yes,Postgraduate,No,61.45,Low
Male,21,2.4,54.1,68.2,4.1,2,Yes,Graduate,No,49.59,Low
Female,22,5.8,50.5,47.9,6.7,10,Yes,School,No,67.97,Low
Female,23,7.3,78.3,69.7,8.2,5,No,Postgraduate,Yes,80.5,High
Female,20,2.1,81.5,82.2,7.0,2,Yes,Graduate,No,57.82,Low
Male,22,1.6,52.5,53.0,6.2,1,Yes,Graduate,No,39.47,Low
Female,22,6.2,64.5,86.7,8.4,7,Yes,School,Yes,86.9,High
Female,22,2.9,92.6,58.4,5.0,2,Yes,School,No,65.03,Low
Female,23,5.4,55.1,50.5,5.8,6,Yes,Graduate,Yes,65.71,Low
Male,19,5.9,60.8,65.6,6.8,7,Yes,School,No,85.24,High
Female,23,3.3,71.2,88.2,5.5,1,Yes,Graduate,No,46.86,Low
Male,22,6.7,92.1,43.8,9.0,9,Yes,School,Yes,78.77,High
Female,19,4.8,62.7,58.0,6.3,6,Yes,Postgraduate,Yes,60.02,Low
Male,21,7.1,99.9,75.9,4.3,2,Yes,School,No,86.15,High
Male,23,6.3,67.8,59.7,4.9,1,Yes,Graduate,No,66.88,Low
Male,20,7.1,69.3,43.9,6.7,1,Yes,Postgraduate,Yes,64.3,Low
Female,22,1.1,56.1,58.3,6.8,2,Yes,School,No,47.72,Low
Female,18,2.7,84.0,85.2,8.9,9,Yes,Graduate,No,83.52,High
Male,21,1.6,62.2,93.2,7.0,2,Yes,Graduate,No,52.4,Low
Female,19,4.1,81.4,42.2,7.3,1,Yes,Graduate,No,49.75,Low
Male,23,7.2,61.2,71.3,5.1,4,Yes,School,Yes,72.32,High
Male,20,4.3,69.4,45.8,4.5,9,Yes,School,No,64.32,Low
Female,17,6.9,92.8,77.4,7.0,8,Yes,School,Yes,91.73,High
Female,20,3.3,86.9,40.4,8.3,7,Yes,Graduate,Yes,62.0,Low
Female,20,3.4,57.7,40.8,6.9,8,Yes,School,No,57.34,Low
Male,22,7.3,80.4,82.7,6.2,2,Yes,Graduate,Yes,83.28,High
Male,22,4.0,81.4,44.1,6.9,5,Yes,Graduate,No,63.0,Low
Female,23,6.5,54.5,56.8,6.3,7,No,Graduate,No,70.12,High
Male,23,2.7,73.3,92.7,4.7,1,Yes,Graduate,No,63.68,Low
Female,19,7.6,63.0,94.2,7.7,6,Yes,Graduate,No,86.07,High
Male,23,5.0,73.4,48.9,6.7,7,No,School,No,66.27,Low
Female,19,6.3,88.9,70.8,6.0,8,Yes,Postgraduate,No,93.21,High
Female,22,1.6,57.9,70.8,6.8,5,Yes,Graduate,No,48.1,Low
Male,22,4.4,56.2,64.9,5.2,8,Yes,Postgraduate,No,67.25,Low
Female,18,7.3,63.5,90.9,6.1,10,Yes,Graduate,No,90.92,High
Female,18,7.1,97.6,81.5,7.1,1,No,Graduate,Yes,86.85,High
Male,21,1.3,87.4,82.0,5.1,4,Yes,Graduate,Yes,70.61,High
Female,22,3.1,51.0,54.8,7.7,6,Yes,School,No,62.11,Low
Male,17,4.1,70.1,63.9,6.6,4,No,School,Yes,63.65,Low
Female,18,2.2,62.9,66.8,8.3,5,Yes,School,No,59.81,Low
Male,19,6.1,81.9,56.4,8.2,2,No,Postgraduate,Yes,65.73,Low
Female,20,2.3,73.0,45.2,6.5,7,Yes,Postgraduate,No,56.9,Low
Female,23,3.4,98.2,46.9,5.0,9,Yes,Postgraduate,No,71.85,High
Female,23,5.6,60.9,49.9,7.7,7,Yes,Postgraduate,Yes,76.03,High
Female,21,4.4,79.4,51.2,6.1,1,Yes,Postgraduate,No,54.27,Low
Male,18,6.2,85.0,53.3,7.0,2,Yes,Graduate,No,71.32,High
Male,20,7.7,91.3,54.1,4.5,8,Yes,School,No,75.9,High
Male,20,1.8,70.3,65.1,7.2,1,Yes,Graduate,No,48.28,Low
Male,18,6.0,84.3,68.0,5.9,2,No,Graduate,Yes,68.79,Low
Male,17,2.6,65.2,57.0,5.7,5,Yes,Graduate,No,61.53,Low
Male,17,3.9,71.8,89.9,8.9,6,Yes,Graduate,No,62.3,Low
Male,21,1.2,94.8,70.4,6.2,1,Yes,School,Yes,61.61,Low
Female,17,2.0,97.5,83.3,7.4,1,Yes,School,No,54.58,Low
Female,21,3.2,85.9,90.8,7.1,2,Yes,Graduate,No,66.48,Low
Female,19,3.4,68.7,49.0,4.5,3,Yes,School,No,60.8,Low
Female,18,7.3,91.0,63.5,7.7,9,Yes,Graduate,No,75.8,High
Male,20,6.2,51.3,63.8,5.6,3,Yes,Graduate,Yes,58.11,Low
Male,21,7.8,55.1,59.5,8.0,8,Yes,Graduate,No,84.78,High
Male,23,5.2,83.1,40.5,7.0,6,Yes,School,No,56.82,Low
Female,17,2.7,64.6,84.9,5.6,10,Yes,Graduate,No,81.49,High
Male,23,3.3,97.6,46.1,5.8,5,No,Postgraduate,No,58.91,Low
Female,21,3.2,71.8,94.8,7.7,9,Yes,Postgraduate,Yes,78.05,High
Male,22,3.3,71.5,82.5,6.8,8,Yes,Postgraduate,No,72.4,High
Male,21,5.7,83.9,71.9,7.3,3,Yes,Postgraduate,No,71.1,High
Male,17,4.7,88.4,48.5,4.8,7,Yes,Graduate,Yes,72.76,High
Male,22,3.7,73.8,68.3,7.9,4,Yes,Graduate,Yes,57.54,Low
Female,22,2.0,60.7,54.4,5.6,8,Yes,Graduate,Yes,51.66,Low
Female,17,1.2,88.7,53.9,7.1,7,Yes,School,Yes,56.34,Low
Male,22,2.5,66.0,85.6,4.6,3,Yes,Graduate,Yes,55.42,Low
Female,18,1.8,58.8,60.9,5.6,7,Yes,School,No,44.2,Low
Male,20,6.5,81.6,64.8,7.2,6,Yes,School,No,80.11,High
Male,23,1.8,54.5,86.4,5.4,6,Yes,Graduate,Yes,56.63,Low
Male,18,6.1,98.6,44.8,8.4,10,Yes,School,No,78.09,High
Male,18,3.7,81.6,72.7,7.3,3,Yes,Graduate,No,75.96,High
Female,17,1.5,99.3,71.8,8.4,4,No,Postgraduate,No,64.9,Low
Male,17,6.7,66.9,63.4,6.0,4,Yes,School,Yes,67.17,Low
Male,23,5.1,98.6,85.6,4.2,6,Yes,Graduate,Yes,77.63,High
Female,20,2.7,57.3,91.9,6.9,9,Yes,Graduate,No,65.78,Low
Male,21,7.3,52.0,65.6,5.7,5,Yes,Postgraduate,Yes,68.13,Low
Female,18,1.3,51.6,65.1,6.2,8,Yes,Graduate,Yes,48.5,Low
Male,22,2.4,73.2,67.6,7.4,5,Yes,Graduate,Yes,59.84,Low
Male,20,6.3,54.2,79.8,7.5,6,Yes,Graduate,No,71.72,High
Male,18,6.0,75.6,76.7,4.1,6,Yes,Postgraduate,Yes,68.79,Low
Male,21,3.0,66.4,52.3,7.8,4,Yes,School,Yes,45.36,Low
Male,22,1.4,66.8,43.5,6.5,10,Yes,Graduate,No,54.78,Low
Male,18,7.0,81.8,92.2,6.8,10,Yes,School,Yes,95.83,High
Female,19,3.2,58.2,54.4,5.5,5,Yes,Postgraduate,Yes,51.73,Low
Male,23,2.4,88.3,75.1,6.1,4,Yes,Graduate,Yes,64.62,Low
Female,20,4.6,79.1,85.6,7.6,2,Yes,Graduate,No,60.02,Low
Female,23,7.4,95.7,56.5,7.9,2,Yes,Graduate,Yes,67.64,Low
Male,17,1.3,68.2,74.9,5.9,8,Yes,Graduate,No,58.81,Low
Female,18,6.4,99.1,45.9,7.5,4,Yes,Graduate,No,75.72,High
Male,22,5.0,78.8,93.3,5.3,9,Yes,Graduate,No,79.72,High
Female,22,4.0,98.7,43.2,8.2,6,No,Graduate,No,69.14,Low
Male,20,6.2,51.4,64.1,7.0,5,Yes,School,Yes,71.26,High
Female,20,7.8,86.4,69.5,7.9,7,Yes,Postgraduate,Yes,96.16,High
Female,23,2.6,90.8,83.5,6.4,6,No,Graduate,No,64.89,Low
Male,22,2.0,52.7,46.7,5.1,4,Yes,Graduate,Yes,41.79,Low
Female,22,7.4,78.9,64.2,6.1,10,Yes,Postgraduate,No,86.72,High
Male,22,5.7,90.1,56.5,5.9,9,Yes,Graduate,No,79.53,High
Male,18,4.1,78.1,57.2,5.7,6,Yes,Postgraduate,No,53.79,Low
Male,22,5.0,53.2,82.8,5.1,3,Yes,Graduate,No,64.97,Low
Male,17,6.2,84.7,40.3,7.8,4,Yes,Graduate,Yes,68.69,Low
Male,22,6.4,53.0,81.2,4.4,4,Yes,School,No,68.11,Low
Female,17,7.4,90.9,84.6,8.4,8,Yes,Graduate,Yes,100.0,High
Female,18,4.0,52.2,89.6,4.9,5,Yes,School,No,65.81,Low
Female,20,3.1,56.9,74.5,8.9,8,No,Graduate,No,62.98,Low
Male,17,5.5,63.8,58.3,8.9,8,Yes,School,No,79.55,High
Female,18,3.9,81.7,63.5,6.0,6,Yes,Graduate,Yes,64.82,Low
Female,22,5.2,98.8,93.3,8.9,5,Yes,Graduate,No,85.28,High
Female,18,3.9,55.9,88.5,8.3,2,Yes,Postgraduate,Yes,64.53,Low
Female,22,2.1,57.1,65.5,4.4,1,Yes,Graduate,Yes,51.84,Low
Female,23,4.3,68.4,91.9,8.7,7,Yes,Graduate,No,74.98,High
Male,18,5.8,91.8,85.3,4.2,10,Yes,School,Yes,82.48,High
Male,20,6.6,73.4,89.6,4.9,10,Yes,School,Yes,81.98,High
Female,17,4.5,66.1,77.6,6.9,7,No,Graduate,Yes,71.01,High
Male,23,2.2,78.1,87.2,4.4,2,Yes,School,No,58.43,Low
Male,20,3.9,63.0,89.0,4.8,3,Yes,Postgraduate,Yes,62.93,Low
Female,19,6.5,70.1,45.1,8.8,8,No,Graduate,No,72.13,High
Female,22,3.9,66.6,93.1,9.0,4,Yes,School,Yes,68.21,Low
Male,17,5.9,90.2,58.3,8.0,5,No,Postgraduate,No,82.2,High
Female,20,4.6,96.2,64.2,6.6,7,Yes,Postgraduate,Yes,68.66,Low
Male,17,2.7,88.0,83.6,8.5,8,Yes,Graduate,No,64.15,Low
Male,19,6.6,72.0,76.6,4.6,1,No,Graduate,No,69.71,Low
Female,21,1.6,75.2,89.1,8.7,7,Yes,Graduate,Yes,76.5,High
Male,22,4.7,56.3,62.0,5.8,3,Yes,School,No,62.25,Low
Male,22,2.5,87.3,60.5,8.3,5,Yes,Graduate,No,63.83,Low
Male,18,1.5,79.8,41.7,7.3,1,Yes,Graduate,Yes,47.78,Low
Female,22,4.5,95.1,65.4,8.8,3,Yes,School,Yes,66.81,Low
Female,22,4.5,60.0,79.8,8.3,5,Yes,School,No,65.67,Low
Female,20,5.9,88.0,56.6,8.4,1,Yes,Graduate,No,68.0,Low
Female,23,6.2,84.2,65.4,7.2,2,Yes,School,Yes,76.13,High
Male,22,6.1,63.3,52.1,8.2,3,Yes,School,No,62.26,Low
Female,22,3.9,83.4,82.5,7.8,8,Yes,Graduate,Yes,72.85,High
Female,19,5.4,96.2,43.3,4.8,5,Yes,School,Yes,65.04,Low
Female,23,5.0,95.9,78.8,7.2,5,Yes,School,No,82.47,High
Female,19,4.0,86.0,60.8,4.7,3,No,School,No,62.6,Low
Male,17,5.2,52.4,42.3,8.3,9,Yes,Graduate,No,66.41,Low
Male,17,7.6,93.6,86.9,4.3,9,No,Postgraduate,Yes,87.53,High
Male,22,2.4,82.9,66.8,8.9,2,Yes,Postgraduate,Yes,55.04,Low
Female,22,7.3,65.5,73.0,6.0,8,Yes,Graduate,Yes,76.65,High
Female,18,1.4,59.4,80.3,4.9,1,Yes,Postgraduate,No,41.12,Low
Male,17,3.2,55.8,76.0,8.7,5,Yes,School,No,57.77,Low
Female,20,3.0,52.5,80.2,4.2,7,No,Graduate,Yes,65.19,Low
Female,22,5.4,87.7,81.9,6.4,8,Yes,Graduate,No,83.85,High
Male,20,1.9,61.8,72.4,7.9,8,Yes,School,Yes,61.37,Low
Male,22,7.2,51.2,60.1,5.6,6,Yes,School,No,66.82,Low
Female,20,6.8,69.9,53.4,6.6,7,Yes,Postgraduate,Yes,72.43,High
Female,21,5.6,74.1,89.7,7.5,4,Yes,Graduate,No,79.0,High
Female,20,4.2,58.5,93.3,8.8,10,Yes,School,Yes,76.08,High
Male,23,7.5,52.2,59.7,4.5,7,Yes,Graduate,No,71.93,High
Male,17,6.8,59.5,46.2,4.8,7,Yes,Graduate,No,67.93,Low
Male,22,4.5,84.0,52.2,6.5,9,Yes,Postgraduate,No,77.9,High
Male,17,5.9,54.1,76.9,6.1,2,Yes,Graduate,Yes,71.36,High
Female,23,5.0,77.8,49.5,6.1,8,Yes,Graduate,Yes,77.89,High
Male,23,5.1,57.3,82.9,5.5,9,No,Postgraduate,No,72.79,High
Male,20,3.3,59.8,90.8,6.8,3,Yes,Graduate,No,66.48,Low
Female,19,4.2,69.7,93.0,8.4,8,Yes,Postgraduate,No,80.48,High
Female,19,1.5,55.0,40.5,4.8,1,Yes,Graduate,No,40.87,Low
Female,23,3.5,58.7,92.7,5.1,10,Yes,Graduate,Yes,82.0,High
Male,19,5.9,67.4,80.7,7.4,5,Yes,Graduate,No,70.87,High
Female,22,7.7,66.5,44.6,4.3,1,Yes,Graduate,Yes,60.38,Low
Female,18,7.7,87.5,62.8,7.4,1,Yes,Graduate,No,67.99,Low
Male,21,4.9,53.7,78.5,5.6,6,Yes,Postgraduate,No,72.35,High
Male,20,5.2,93.0,92.6,5.8,5,Yes,School,Yes,76.22,High
Female,18,2.3,90.8,49.0,6.0,5,Yes,School,Yes,51.64,Low
Male,19,5.9,88.3,47.0,5.7,2,Yes,Graduate,No,66.62,Low
Female,20,1.5,65.5,66.0,8.2,10,No,Graduate,Yes,54.79,Low
Female,18,3.0,91.1,93.2,8.7,9,Yes,School,Yes,74.08,High
Male,17,5.7,59.1,93.4,6.7,5,Yes,Postgraduate,No,74.13,High
Female,19,3.2,56.2,52.5,6.9,3,No,School,No,51.32,Low
Male,18,1.3,52.2,57.6,4.4,7,Yes,School,No,46.1,Low
Male,22,6.8,97.0,89.9,7.6,6,Yes,School,Yes,91.02,High
Male,17,3.2,65.4,80.4,6.9,6,Yes,Postgraduate,Yes,71.47,High
Female,19,1.4,95.9,93.5,4.3,5,Yes,Graduate,Yes,67.46,Low
Male,21,1.5,63.6,89.1,5.0,4,Yes,School,Yes,53.3,Low
Male,23,2.8,95.4,51.8,5.0,6,No,Graduate,Yes,56.75,Low
Female,19,2.2,95.2,81.8,4.9,7,Yes,Graduate,Yes,70.42,High
Female,22,6.4,96.2,42.7,7.3,8,Yes,Postgraduate,No,75.82,High
Female,21,3.3,74.8,85.0,8.6,2,Yes,Postgraduate,No,70.6,High
Female,21,6.6,93.3,73.1,7.8,4,Yes,School,Yes,80.72,High
Male,21,2.2,97.5,92.6,6.4,7,Yes,Graduate,Yes,66.06,Low
Male,20,4.5,66.2,92.8,6.0,3,Yes,Graduate,No,70.36,High
Male,20,5.8,70.9,42.8,5.9,5,Yes,Graduate,Yes,63.16,Low
Female,23,5.6,86.0,48.8,7.0,10,Yes,Graduate,No,77.32,High
Female,21,5.2,65.0,66.6,5.8,7,No,Graduate,No,63.59,Low
Male,23,7.5,87.7,88.4,5.1,9,Yes,Graduate,No,85.89,High
Female,17,2.6,53.7,84.8,7.0,6,No,Graduate,No,70.36,High
Female,21,4.5,76.2,93.0,6.0,2,Yes,School,No,66.21,Low
Male,18,7.2,56.1,74.0,4.1,9,Yes,Graduate,No,77.99,High
Male,21,1.5,64.7,54.1,4.1,6,Yes,Postgraduate,No,38.57,Low
Female,20,1.4,62.9,41.4,5.4,10,Yes,School,No,51.29,Low
Female,20,2.6,91.9,52.3,6.6,2,No,Graduate,No,45.43,Low
Female,18,5.4,59.7,77.1,5.8,1,Yes,Graduate,No,63.52,Low
Male,18,2.8,90.4,90.9,4.1,4,Yes,Graduate,No,67.61,Low
Male,19,2.3,89.7,57.6,5.1,2,Yes,Postgraduate,Yes,49.81,Low
Male,17,4.2,74.9,88.2,4.5,7,Yes,Graduate,No,76.29,High
Male,17,5.3,61.7,61.7,8.7,7,Yes,Graduate,No,71.5,High
Male,17,2.7,61.3,57.0,5.6,3,Yes,School,Yes,51.99,Low
Female,22,3.1,73.2,68.0,4.1,10,Yes,Graduate,No,65.35,Low
Female,20,5.3,50.4,64.3,7.3,1,No,Postgraduate,No,59.4,Low
Female,17,7.6,76.6,90.3,5.2,2,Yes,Graduate,Yes,91.53,High
Male,19,5.7,97.6,65.8,6.8,8,No,Graduate,Yes,79.84,High
Male,19,6.5,57.7,55.3,4.8,4,Yes,Graduate,Yes,59.88,Low
Male,17,3.6,78.7,86.3,8.9,3,Yes,Postgraduate,No,68.21,Low
Female,18,2.9,98.1,94.9,8.9,10,Yes,School,Yes,88.18,High
Male,19,4.2,93.0,75.6,7.3,7,Yes,Graduate,No,70.9,High
Male,23,6.6,92.5,53.8,7.5,10,Yes,Graduate,Yes,72.9,High
Female,18,4.2,91.1,53.1,6.1,4,Yes,Graduate,Yes,50.36,Low
Male,23,6.9,65.5,43.2,8.8,2,Yes,School,No,65.64,Low
Female,20,7.9,94.5,44.3,6.1,3,Yes,Postgraduate,No,71.6,High
Male,22,1.5,97.1,90.3,5.2,4,Yes,Postgraduate,No,68.67,Low
Male,19,1.3,74.8,45.3,4.6,1,Yes,Graduate,No,38.87,Low
Female,18,2.0,67.7,66.6,5.0,8,Yes,Graduate,No,65.7,Low
Female,23,3.7,70.7,78.4,6.9,8,Yes,Graduate,Yes,63.53,Low
Female,17,1.9,66.7,86.8,5.2,5,Yes,Graduate,No,60.21,Low
Female,23,7.1,60.6,49.4,7.3,6,Yes,Graduate,No,75.15,High
Female,23,1.2,80.9,64.1,5.9,4,Yes,Graduate,No,52.39,Low
Female,20,3.2,78.1,53.8,8.4,3,No,School,No,59.94,Low
Male,21,2.3,73.1,54.1,6.8,3,Yes,School,No,52.78,Low
Male,21,7.5,54.8,56.7,7.1,4,Yes,School,Yes,64.5,Low
Female,17,5.7,89.8,72.3,6.8,6,Yes,Graduate,No,72.65,High
Male,20,7.4,58.7,40.9,8.4,2,Yes,Graduate,No,65.43,Low
Female,20,7.8,55.7,62.5,4.3,6,Yes,School,No,84.39,High
Male,20,4.5,81.2,50.3,4.3,8,Yes,Graduate,Yes,62.19,Low
Female,20,2.6,69.9,93.2,7.5,9,Yes,Postgraduate,Yes,76.04,High
Male,21,2.4,53.0,72.1,7.8,4,Yes,School,No,55.39,Low
Male,18,2.6,67.8,87.7,6.2,5,Yes,Graduate,No,66.36,Low
Male,20,6.0,88.6,50.8,5.8,8,Yes,Graduate,Yes,75.2,High
Male,18,1.3,80.8,84.6,5.4,10,Yes,Graduate,Yes,63.22,Low
Male,23,1.4,68.1,62.8,5.2,2,Yes,Graduate,Yes,49.28,Low
Female,23,5.3,59.6,49.8,8.6,10,Yes,Graduate,Yes,72.83,High
Female,20,5.5,81.6,81.9,5.5,2,No,School,No,79.4,High
Female,19,5.7,94.4,81.9,7.2,9,Yes,Graduate,No,89.56,High
Male,22,3.6,82.3,94.8,7.9,6,Yes,Graduate,Yes,69.68,Low
Female,19,6.6,90.6,83.0,4.1,10,Yes,School,No,92.0,High
Male,23,4.7,76.1,48.0,4.2,9,Yes,Postgraduate,No,70.09,High
Male,22,1.7,85.9,57.7,5.7,10,No,Graduate,Yes,64.03,Low
Male,19,6.6,94.8,64.8,7.5,7,Yes,School,No,89.56,High
Female,20,7.7,88.7,47.0,5.3,5,Yes,Graduate,Yes,66.02,Low
Male,18,1.4,95.5,83.3,4.0,9,Yes,Postgraduate,No,74.64,High
Female,22,3.7,71.6,69.0,5.4,9,Yes,School,No,70.12,High
Female,21,4.4,95.2,91.9,4.5,2,No,Postgraduate,No,76.62,High
Male,17,2.0,81.1,72.4,5.1,8,Yes,Graduate,No,59.02,Low
Male,22,7.1,93.5,68.8,5.7,8,Yes,Graduate,No,76.54,High
Female,22,3.0,52.0,43.9,4.6,2,Yes,Postgraduate,No,42.48,Low
Female,21,6.5,82.9,48.2,7.5,10,Yes,Graduate,No,80.22,High
Female,20,5.7,92.4,86.7,5.3,7,Yes,School,Yes,76.46,High
Female,19,5.2,58.7,94.5,7.3,1,No,Graduate,Yes,72.66,High
Female,19,2.3,83.1,62.8,7.0,5,No,Graduate,No,60.94,Low
Female,23,2.5,91.2,84.6,8.5,5,Yes,Graduate,No,77.25,High
Male,18,1.3,64.4,74.5,4.4,10,Yes,School,No,60.14,Low
Female,20,2.7,70.3,92.7,5.1,5,No,Graduate,No,71.75,High
Female,21,3.4,78.5,53.1,8.3,2,Yes,School,Yes,56.72,Low
Female,20,6.8,76.0,70.0,8.1,3,Yes,School,No,76.87,High
Female,20,3.6,52.0,62.5,5.0,6,Yes,School,No,61.1,Low
Male,19,6.3,54.9,69.8,4.5,1,Yes,Postgraduate,No,64.1,Low
Male,21,4.1,55.0,54.8,8.3,6,No,Postgraduate,No,57.36,Low
Female,17,6.5,63.1,67.4,4.9,6,Yes,Graduate,No,66.08,Low
Female,22,7.8,62.3,74.4,8.4,7,Yes,Graduate,Yes,80.47,High
Female,19,2.7,87.1,44.5,8.8,9,Yes,Graduate,No,65.9,Low
Male,21,7.0,78.6,80.9,5.1,9,Yes,School,Yes,88.47,High
Male,18,5.4,88.2,78.9,8.2,4,Yes,Postgraduate,No,83.45,High
Male,22,6.7,53.5,88.4,6.1,2,Yes,Graduate,Yes,72.9,High
Male,22,5.6,74.3,63.4,7.9,5,Yes,School,No,73.7,High
Male,19,4.0,66.2,43.4,6.0,1,Yes,Graduate,Yes,54.03,Low
Male,23,2.6,92.5,65.4,4.4,5,Yes,Graduate,No,53.46,Low
Female,18,1.5,85.4,47.6,7.6,10,No,Graduate,No,54.89,Low
Male,19,4.7,93.5,75.6,4.8,3,Yes,Postgraduate,No,74.7,High
Male,20,7.9,52.3,42.6,8.6,7,Yes,School,Yes,69.38,Low
Female,23,6.2,86.0,60.6,6.1,7,Yes,Postgraduate,Yes,73.28,High
Male,21,3.3,77.0,44.6,4.4,3,Yes,School,No,54.21,Low
Female,18,6.8,91.3,40.2,5.1,5,Yes,School,Yes,63.34,Low
Male,22,6.4,75.4,92.8,8.3,9,Yes,School,No,85.12,High
Female,19,3.0,77.0,94.8,5.6,4,Yes,School,No,67.0,Low
Female,22,1.1,52.6,70.6,8.3,2,Yes,School,Yes,43.87,Low
Female,18,1.8,83.4,53.1,4.9,3,Yes,School,No,41.13,Low
Female,22,7.1,63.7,90.1,6.3,1,Yes,Postgraduate,Yes,75.42,High
Female,19,6.9,51.0,90.8,8.4,5,No,School,No,83.35,High
Male,23,3.1,53.3,87.0,4.2,9,Yes,Graduate,Yes,61.37,Low
Male,19,3.0,97.9,69.9,5.5,2,Yes,Graduate,Yes,60.05,Low
Female,17,6.6,67.3,44.1,8.5,3,Yes,Postgraduate,No,72.2,High
Female,22,7.6,93.4,44.9,7.0,3,Yes,Graduate,No,76.25,High
Female,17,6.5,98.0,89.3,7.6,7,Yes,School,Yes,85.45,High
Male,23,5.2,97.2,88.2,8.2,10,Yes,Postgraduate,No,95.53,High
Female,17,2.7,94.1,63.9,6.6,7,Yes,Graduate,No,68.17,Low
Female,22,4.7,94.7,58.0,8.2,1,Yes,School,No,63.29,Low
Female,18,2.6,64.5,75.4,7.2,3,Yes,School,Yes,60.66,Low
Female,20,6.7,57.6,84.4,7.4,1,Yes,School,No,68.91,Low
Male,23,3.7,82.0,80.2,4.8,9,Yes,Graduate,No,73.26,High
Female,19,6.8,74.4,73.9,8.7,7,Yes,Graduate,No,81.66,High
Female,21,3.7,54.9,52.7,8.0,5,Yes,Graduate,Yes,62.7,Low
Male,23,6.8,83.9,54.4,5.3,7,Yes,Postgraduate,No,70.78,High
Female,17,3.3,78.1,79.8,6.9,3,Yes,Graduate,Yes,66.8,Low
Female,18,4.1,93.2,84.1,5.9,3,Yes,Graduate,Yes,69.79,Low
Male,22,5.3,80.5,46.4,7.3,1,Yes,School,Yes,56.27,Low
Male,18,1.5,78.7,50.3,9.0,5,Yes,School,No,47.81,Low
Male,18,7.6,72.0,77.4,4.2,7,Yes,Graduate,No,87.74,High
Female,22,5.0,73.1,61.4,8.8,3,Yes,Postgraduate,No,69.55,Low
Female,21,4.6,97.7,71.0,4.4,5,Yes,Graduate,No,62.72,Low
Male,22,6.9,56.9,73.8,6.3,10,Yes,Graduate,Yes,85.48,High
Male,21,7.1,72.3,82.7,6.4,1,Yes,School,Yes,68.43,Low
Male,22,4.7,82.8,84.3,5.3,7,Yes,School,No,78.31,High
Female,17,7.5,71.7,55.4,6.8,8,No,Graduate,Yes,67.43,Low
Female,21,1.5,64.2,69.8,8.2,8,Yes,Graduate,No,48.2,Low
Male,17,1.8,64.4,46.8,5.5,1,Yes,School,Yes,43.09,Low
Female,23,5.2,61.7,86.3,4.4,4,Yes,Postgraduate,Yes,77.47,High
Male,21,3.5,67.2,86.5,7.2,9,No,Graduate,Yes,81.2,High
Female,21,4.2,93.6,56.5,7.8,2,No,Graduate,No,62.17,Low
Female,22,3.3,75.3,48.8,8.8,1,No,Graduate,Yes,57.55,Low
Female,21,3.8,62.0,43.9,4.8,6,No,School,Yes,54.31,Low
Female,17,6.8,69.2,71.6,8.5,1,Yes,Graduate,Yes,74.07,High
Male,23,5.2,55.3,45.0,6.4,6,Yes,Graduate,No,59.06,Low
Female,22,8.0,95.2,77.4,5.2,1,Yes,Graduate,No,84.99,High
Female,19,6.5,70.4,77.3,8.8,6,Yes,Graduate,Yes,84.99,High
Male,23,2.9,99.0,73.8,5.2,9,Yes,Postgraduate,No,74.22,High
Female,23,2.9,67.4,88.2,7.7,5,Yes,Graduate,No,59.8,Low
Male,17,3.4,91.8,60.8,7.9,4,No,Graduate,No,67.68,Low
Male,23,6.9,62.8,89.6,6.2,8,No,Postgraduate,Yes,86.64,High
Female,19,1.2,53.8,42.0,7.4,4,Yes,Postgraduate,Yes,43.2,Low
Female,18,2.6,51.6,46.2,6.9,4,Yes,Graduate,Yes,28.25,Low
Male,22,7.3,80.3,62.7,5.0,9,No,Graduate,Yes,72.66,High
Male,18,5.5,65.6,72.7,7.8,1,Yes,Postgraduate,Yes,69.99,Low
Male,22,2.6,72.2,41.8,8.6,3,Yes,Graduate,No,59.93,Low
Female,23,2.5,90.9,71.2,6.4,4,Yes,Graduate,No,57.48,Low
Male,22,7.0,62.4,56.9,9.0,8,Yes,School,No,77.81,High
Male,17,7.3,65.4,88.8,6.1,1,Yes,Postgraduate,No,63.02,Low
Male,19,2.8,92.3,69.3,6.4,3,No,Graduate,Yes,59.37,Low
Female,22,3.9,74.6,72.3,7.4,2,Yes,Postgraduate,No,61.54,Low
Male,19,6.8,91.4,92.0,4.9,6,Yes,Graduate,Yes,83.73,High
Female,22,6.4,68.7,82.0,8.5,9,Yes,Postgraduate,No,92.76,High
Female,19,6.7,69.9,64.1,8.0,10,Yes,School,No,84.32,High
Male,18,4.6,58.4,66.2,8.4,9,Yes,Postgraduate,Yes,68.91,Low
Female,17,7.4,95.8,75.6,7.0,10,Yes,Postgraduate,No,95.91,High
Male,22,3.3,94.8,51.0,8.4,5,Yes,Postgraduate,Yes,68.74,Low
Female,20,2.1,99.2,44.9,7.4,3,No,Graduate,No,47.56,Low
Female,19,6.0,70.1,57.1,6.6,8,Yes,Postgraduate,No,68.94,Low
Male,19,4.8,90.9,82.8,8.7,9,Yes,School,No,76.05,High
Male,20,7.0,70.7,54.2,6.2,9,Yes,School,No,76.79,High
Male,17,1.6,72.7,47.2,6.5,1,Yes,Postgraduate,No,44.34,Low
Female,19,6.9,91.5,52.0,4.8,10,Yes,Graduate,Yes,76.79,High
Female,17,3.1,58.9,77.3,8.7,5,No,School,Yes,69.81,Low
Male,19,5.6,61.0,73.8,5.1,10,Yes,Graduate,No,81.03,High
Male,23,1.3,65.7,77.9,5.0,9,Yes,Graduate,No,55.45,Low
Female,21,5.3,89.4,57.7,4.5,3,Yes,Graduate,No,60.19,Low
Female,23,6.0,68.6,89.5,6.3,7,No,School,No,74.11,High
Female,19,3.6,67.9,64.8,5.4,9,Yes,Graduate,Yes,63.96,Low
Male,21,2.5,99.9,68.3,7.7,2,No,Postgraduate,Yes,68.6,Low
Female,22,4.8,69.2,92.2,5.5,2,No,Postgraduate,No,64.56,Low
Male,17,6.8,62.4,93.9,7.6,5,Yes,Graduate,No,85.58,High
Female,19,3.3,81.2,76.4,5.0,8,Yes,Graduate,Yes,69.35,Low
Female,18,2.8,90.1,92.0,5.1,10,Yes,Graduate,No,67.97,Low
Male,18,3.0,53.5,69.8,8.0,5,Yes,Graduate,Yes,63.29,Low
Male,20,7.6,80.9,56.9,5.9,8,Yes,School,No,78.87,High
Male,18,3.5,51.8,57.3,4.6,4,Yes,Graduate,Yes,49.1,Low
Female,21,1.0,76.3,70.7,8.8,9,No,Graduate,No,62.58,Low
Female,18,6.5,62.8,73.3,4.9,4,Yes,School,Yes,69.86,Low
Female,18,5.9,65.3,64.2,4.8,5,Yes,Graduate,No,73.01,High
Male,18,1.9,73.4,88.6,5.8,7,Yes,Postgraduate,No,61.97,Low
Female,19,7.9,96.4,63.5,4.5,9,No,School,Yes,88.93,High
Male,20,5.3,85.5,55.0,4.8,5,Yes,Graduate,No,69.6,Low
Male,17,4.5,96.8,40.4,8.2,7,Yes,Graduate,No,62.56,Low
Male,20,3.7,83.0,93.4,4.9,4,Yes,School,No,70.5,High
Female,21,7.3,50.4,85.3,4.6,2,Yes,Graduate,Yes,67.78,Low
Female,19,2.7,63.3,73.9,8.4,2,Yes,School,Yes,59.25,Low
Male,22,3.0,95.3,85.7,6.2,5,Yes,Graduate,No,58.12,Low
Female,19,1.9,82.2,84.6,4.8,2,Yes,Postgraduate,Yes,63.68,Low
Male,23,6.3,99.1,91.3,6.9,2,No,Graduate,Yes,79.76,High
Male,18,5.2,57.8,61.2,4.2,2,No,School,No,58.65,Low
Female,18,5.3,64.8,70.5,6.1,4,Yes,Graduate,Yes,68.58,Low
Male,21,2.5,68.1,45.4,7.0,8,Yes,School,No,53.62,Low
Male,22,5.6,66.3,93.1,8.8,7,Yes,Graduate,No,79.63,High
Female,23,6.4,62.6,94.2,5.6,5,Yes,Graduate,No,80.4,High
Male,19,3.5,72.2,83.4,7.8,7,No,Postgraduate,Yes,77.94,High
Male,22,6.6,82.1,65.0,4.7,6,Yes,Graduate,Yes,78.34,High
Male,17,3.4,65.6,67.3,6.2,8,No,Graduate,No,63.0,Low
Male,20,6.3,54.0,63.9,5.1,8,Yes,Graduate,No,78.69,High
Male,19,1.2,85.4,56.1,6.5,7,Yes,Graduate,No,64.17,Low
Male,22,4.9,73.0,69.0,6.1,5,Yes,Postgraduate,No,67.07,Low
Male,17,7.8,77.8,42.9,8.9,6,No,School,No,78.91,High
Female,17,7.9,72.8,94.6,8.6,10,Yes,Postgraduate,Yes,99.9,High
Female,23,3.0,94.5,63.3,6.9,8,Yes,Graduate,Yes,76.57,High
Male,23,4.1,77.9,91.0,4.9,7,Yes,Graduate,No,78.0,High
Male,20,1.4,96.2,79.8,6.8,5,Yes,Graduate,Yes,67.76,Low
Female,17,7.1,75.5,55.9,8.0,10,Yes,Graduate,No,92.52,High
Female,21,5.0,64.6,52.2,4.2,8,Yes,Graduate,No,65.91,Low
Female,17,3.7,67.8,94.8,6.2,4,Yes,Graduate,No,72.22,High
Female,22,1.8,76.1,82.5,4.2,6,Yes,Graduate,No,61.83,Low
Female,23,7.6,76.5,53.7,5.2,4,Yes,Graduate,Yes,72.65,High
Male,21,4.7,84.4,43.7,4.5,5,Yes,Graduate,No,54.03,Low
Female,23,3.0,61.2,78.3,8.8,10,Yes,Graduate,No,66.1,Low
Female,23,3.5,82.9,56.7,4.8,3,Yes,Postgraduate,No,49.13,Low
Female,23,2.9,88.9,52.2,4.8,2,Yes,School,Yes,54.77,Low
Male,17,5.2,83.8,80.4,8.9,1,Yes,School,No,75.04,High
Male,18,7.5,74.1,77.4,6.6,3,Yes,Postgraduate,No,73.79,High
Male,17,7.0,99.6,66.5,7.8,1,Yes,Postgraduate,No,73.97,High
Male,23,4.2,70.2,91.8,5.6,6,Yes,Graduate,No,72.57,High
Male,21,6.8,55.3,77.4,6.7,2,Yes,School,No,78.96,High
Male,17,4.0,91.1,89.1,4.0,3,Yes,Postgraduate,Yes,67.72,Low
Female,23,2.8,60.6,50.5,6.0,8,No,Graduate,Yes,64.28,Low
Male,23,7.9,85.7,56.3,6.8,5,No,Postgraduate,Yes,64.66,Low
Male,17,3.1,58.9,45.7,6.6,2,Yes,School,Yes,52.43,Low
Female,17,3.3,50.8,56.8,6.0,2,Yes,School,No,42.66,Low
Male,21,7.9,58.0,93.4,7.9,3,No,Graduate,Yes,82.99,High
Female,17,1.9,68.8,93.0,6.5,3,Yes,Postgraduate,Yes,55.7,Low
Female,20,6.3,55.3,81.8,7.2,8,Yes,Postgraduate,Yes,78.75,High
Male,22,7.6,59.9,68.7,4.9,5,Yes,Graduate,Yes,74.05,High
Female,20,4.6,88.2,82.9,8.3,8,Yes,School,No,77.53,High
Female,21,1.0,88.5,70.4,5.8,4,Yes,School,No,54.32,Low
Female,18,3.6,90.9,40.2,6.4,9,Yes,Postgraduate,Yes,65.27,Low
Female,20,1.8,92.1,67.6,5.8,3,Yes,Graduate,No,50.34,Low
Male,23,3.9,71.0,72.9,8.5,2,Yes,Postgraduate,No,58.2,Low
Female,22,6.5,93.4,54.6,8.5,6,No,Graduate,No,85.5,High
Male,19,4.1,76.3,51.2,5.1,4,No,School,No,57.79,Low
Female,22,4.0,73.5,55.1,7.8,2,Yes,Graduate,No,58.38,Low
Female,20,4.9,85.9,74.3,4.5,6,No,Graduate,No,68.3,Low
Female,19,5.1,60.7,48.0,4.1,4,Yes,Graduate,Yes,57.67,Low
Male,21,7.0,89.5,79.6,8.2,10,Yes,Postgraduate,No,90.13,High
Male,22,3.2,71.5,63.2,4.7,4,Yes,Graduate,No,59.61,Low
Male,18,6.8,56.4,59.4,4.8,10,Yes,Graduate,Yes,73.65,High
Female,19,5.0,56.0,84.4,7.0,4,Yes,School,No,68.25,Low
Female,19,3.1,58.2,67.8,8.1,4,Yes,Graduate,No,68.67,Low
Female,22,3.1,94.5,60.8,4.9,8,Yes,Graduate,Yes,69.0,Low
Female,20,3.5,99.5,88.3,4.6,1,Yes,School,No,65.47,Low
Male,19,5.4,67.8,60.3,4.4,9,No,Graduate,No,71.32,High
Female,21,2.6,64.6,87.2,4.1,3,Yes,Graduate,No,63.92,Low
Male,22,7.4,60.9,67.7,4.6,5,Yes,School,Yes,68.69,Low
Female,21,5.0,91.2,51.4,8.7,5,Yes,School,No,69.77,Low
Male,22,7.4,60.5,73.7,4.5,4,Yes,School,No,74.41,High
Male,21,1.3,96.2,55.7,7.0,4,Yes,Postgraduate,No,54.97,Low
Female,20,3.4,83.4,48.1,8.6,7,Yes,Graduate,Yes,61.03,Low
Female,22,1.2,94.9,44.8,7.1,4,Yes,Graduate,No,49.11,Low
Male,23,2.9,77.7,53.3,4.2,10,Yes,Graduate,No,52.79,Low
Female,18,7.0,84.5,80.5,7.0,3,Yes,School,No,83.52,High
Female,20,1.3,81.0,86.1,8.5,9,Yes,School,Yes,65.09,Low
Male,21,4.1,91.6,87.4,5.6,4,Yes,Graduate,No,81.96,High
Male,22,1.8,91.8,54.9,5.6,4,Yes,Graduate,No,53.73,Low
Male,20,3.9,79.5,76.4,5.2,10,No,Graduate,No,69.49,Low
Male,21,6.9,81.6,52.7,6.5,8,Yes,Graduate,No,70.71,High
Female,17,5.4,96.1,74.3,5.2,7,No,School,No,77.42,High
Male,17,6.2,96.5,88.8,7.6,4,Yes,Graduate,No,86.58,High
Male,19,3.4,83.2,42.2,7.2,8,Yes,Graduate,Yes,64.38,Low
Male,18,7.6,50.4,94.2,6.0,10,Yes,Graduate,Yes,84.97,High
Female,17,6.0,55.2,85.5,7.6,2,Yes,School,No,87.44,High
Male,23,4.0,92.9,81.9,4.5,9,No,Postgraduate,No,82.03,High
Female,21,4.0,54.2,78.0,7.7,2,No,School,No,67.84,Low
Male,20,7.4,60.7,82.4,7.0,10,Yes,Postgraduate,No,90.19,High
Male,22,5.0,61.5,94.7,7.2,3,Yes,Graduate,Yes,67.36,Low
Female,20,5.9,80.0,82.4,4.3,6,No,Graduate,Yes,78.29,High
Male,19,3.9,78.8,59.3,7.1,7,Yes,Graduate,Yes,66.0,Low
Male,20,2.6,64.5,73.8,6.5,9,Yes,Postgraduate,Yes,69.39,Low
Female,17,6.1,60.4,58.5,6.4,8,No,School,No,70.48,High
Male,20,5.3,88.2,93.4,5.6,6,No,Graduate,Yes,80.03,High
Male,17,4.5,96.8,89.5,4.0,8,Yes,Graduate,No,71.3,High
Male,17,5.4,52.6,71.2,6.1,5,Yes,Postgraduate,No,68.07,Low
Male,18,2.5,56.7,83.0,6.0,10,Yes,School,Yes,62.79,Low
Female,19,6.6,82.1,90.0,6.1,10,No,Graduate,No,90.11,High
Male,23,7.6,90.2,53.4,7.1,9,Yes,Graduate,No,83.66,High
Female,23,7.2,89.6,71.9,5.5,4,Yes,Graduate,No,72.95,High
Male,21,3.3,86.0,66.5,5.3,1,No,School,Yes,54.49,Low
Female,23,3.8,94.4,82.4,6.5,8,Yes,Graduate,No,74.19,High
Male,17,6.7,60.9,60.8,7.0,5,Yes,School,No,73.36,High
Female,22,5.2,55.4,79.0,6.8,9,Yes,Postgraduate,No,71.87,High
Male,19,4.8,80.8,62.2,8.4,3,Yes,School,Yes,69.88,Low
Female,21,7.5,91.1,46.1,7.8,9,Yes,Postgraduate,No,86.01,High
Female,23,4.8,79.1,45.9,4.3,8,Yes,Graduate,No,62.59,Low
Male,23,4.6,98.1,46.5,6.8,6,No,School,No,66.93,Low
Female,22,1.3,89.8,41.8,6.1,10,Yes,School,Yes,57.92,Low
Male,20,1.5,85.0,69.3,5.8,10,Yes,Graduate,No,62.1,Low
Male,19,1.1,53.0,77.0,8.8,8,Yes,Graduate,No,60.78,Low
Male,22,7.4,55.4,47.0,6.3,8,Yes,Graduate,Yes,77.55,High
Male,23,3.9,89.2,73.7,7.6,7,Yes,School,Yes,79.59,High
Male,19,4.3,59.9,72.9,8.8,7,Yes,Graduate,No,75.66,High
Female,19,6.9,51.4,48.1,4.8,3,Yes,Graduate,No,62.36,Low
Male,23,5.3,95.5,62.2,4.3,7,Yes,Graduate,No,70.6,High
Male,20,5.3,94.5,81.5,5.6,3,Yes,Graduate,No,80.92,High
Male,20,3.1,60.9,40.9,4.2,9,No,Graduate,No,54.24,Low
Male,23,6.8,89.0,48.1,4.6,5,Yes,School,No,73.35,High
Male,19,2.2,52.4,94.8,9.0,8,Yes,Graduate,No,54.94,Low
Male,22,1.4,64.3,80.3,8.8,3,Yes,School,Yes,64.65,Low
Female,18,2.3,81.2,65.5,7.5,3,Yes,Postgraduate,Yes,65.26,Low
Female,17,2.9,88.2,74.6,7.8,3,Yes,Graduate,No,58.16,Low
Male,20,3.0,50.5,86.5,4.7,8,Yes,School,No,63.02,Low
Female,23,5.7,66.3,86.3,7.0,9,Yes,Graduate,Yes,79.79,High
Male,18,2.5,60.7,57.9,4.8,7,Yes,Graduate,Yes,47.26,Low
Male,20,5.7,99.9,67.0,5.9,1,No,Graduate,No,66.14,Low
Male,19,1.6,83.5,75.1,5.7,6,Yes,School,No,71.24,High
Male,23,2.0,70.3,44.0,7.1,3,Yes,Postgraduate,No,48.63,Low
Male,18,4.6,53.8,92.0,4.4,1,Yes,School,No,69.56,Low
Female,23,7.5,79.9,63.8,4.5,10,Yes,Graduate,Yes,84.42,High
Female,22,7.0,82.1,60.4,7.0,2,Yes,School,No,61.79,Low
Female,22,7.8,90.8,89.9,7.2,3,Yes,Graduate,No,86.69,High
Female,21,5.6,64.4,46.5,5.7,7,Yes,School,No,65.03,Low
Male,17,5.7,99.1,42.2,4.7,6,Yes,Graduate,No,67.02,Low
Female,17,5.4,72.0,77.7,8.4,2,No,School,Yes,61.98,Low
Male,20,5.4,64.8,61.2,4.3,5,Yes,Graduate,No,69.04,Low
Female,17,2.0,67.4,82.0,7.6,1,Yes,School,No,50.36,Low
Female,23,4.8,76.0,43.8,4.7,3,Yes,School,No,54.63,Low
Female,23,3.7,96.8,61.1,7.2,1,Yes,Graduate,No,64.95,Low
Female,21,4.1,86.8,52.9,7.3,3,Yes,Graduate,Yes,56.79,Low
Male,22,4.7,78.9,80.7,8.0,2,Yes,Graduate,No,69.79,Low
Female,18,1.9,58.1,52.5,6.0,4,Yes,Graduate,Yes,48.92,Low
Female,18,3.5,57.5,65.2,4.1,5,Yes,Postgraduate,No,66.66,Low
Male,22,1.4,75.1,85.0,8.1,3,Yes,School,No,57.74,Low
Male,19,7.9,86.4,90.3,6.2,10,No,Graduate,No,100.0,High
Female,22,1.8,87.6,79.7,8.2,5,Yes,School,Yes,62.4,Low
Male,18,2.8,61.3,63.6,7.9,7,No,Graduate,No,68.79,Low
Male,20,7.2,55.0,71.5,6.5,10,Yes,School,Yes,73.89,High
Male,21,4.4,69.2,77.9,9.0,9,Yes,Graduate,No,70.1,High
Female,22,1.9,95.9,88.1,6.3,8,Yes,Postgraduate,No,72.17,High
Male,19,3.7,77.3,88.9,7.5,6,Yes,Graduate,No,70.65,High
Female,20,1.8,66.0,91.2,7.3,9,Yes,Postgraduate,Yes,71.8,High
Female,22,2.4,66.2,84.6,6.6,8,No,Graduate,Yes,70.77,High
Female,20,1.4,56.6,48.1,6.9,4,Yes,Postgraduate,Yes,35.14,Low
Female,22,4.1,73.7,81.1,8.0,2,Yes,Postgraduate,No,71.75,High
Male,20,6.6,89.6,84.8,6.9,9,Yes,Graduate,No,91.58,High
Female,23,5.1,98.4,88.3,6.3,6,Yes,Graduate,No,91.42,High
Male,17,5.2,75.1,90.9,7.3,10,Yes,Graduate,Yes,82.89,High
Female,20,2.4,58.4,68.0,4.2,8,Yes,Graduate,Yes,61.62,Low
Male,23,3.4,84.1,76.0,4.5,8,Yes,School,Yes,72.76,High
Female,17,6.9,87.8,40.5,4.6,4,No,Postgraduate,No,75.34,High
Male,18,1.6,53.6,71.5,6.1,10,Yes,Postgraduate,No,46.3,Low
Female,17,7.0,92.5,66.0,8.4,5,No,Postgraduate,Yes,74.31,High
Female,20,4.4,91.5,92.9,7.2,1,Yes,School,Yes,77.69,High
Male,21,6.9,73.6,89.6,8.9,9,Yes,School,No,98.75,High
Female,21,3.2,78.0,83.9,4.2,7,No,Graduate,No,71.75,High
Female,18,3.4,85.7,43.1,7.6,1,Yes,Postgraduate,No,46.49,Low
Female,20,6.3,83.8,62.1,5.6,10,Yes,Postgraduate,No,79.63,High
Male,17,6.5,50.8,78.3,4.1,10,Yes,School,Yes,83.9,High
Female,21,2.6,56.1,41.6,8.1,3,No,Graduate,No,45.27,Low
Female,22,7.8,58.1,53.0,4.8,9,Yes,Graduate,Yes,76.34,High
Male,19,1.6,87.8,88.8,5.1,1,Yes,Graduate,No,64.32,Low
Male,20,1.5,72.0,47.1,5.7,6,No,School,Yes,52.16,Low
Male,23,5.2,77.3,42.8,7.9,5,Yes,School,Yes,64.96,Low
Male,23,6.1,88.6,71.9,7.1,4,Yes,School,No,78.71,High
Male,22,7.7,67.0,92.1,5.3,1,Yes,Graduate,Yes,82.23,High
Female,22,3.8,87.4,85.9,4.8,7,Yes,Postgraduate,No,73.32,High
Female,20,1.2,72.1,93.6,4.5,1,Yes,Graduate,Yes,56.11,Low
Female,19,5.2,68.9,81.4,4.7,1,Yes,Graduate,Yes,60.87,Low
Male,21,3.0,66.7,64.1,8.3,2,No,Postgraduate,No,60.12,Low
Female,19,4.0,98.2,92.1,8.6,9,Yes,Graduate,Yes,83.34,High
Male,18,4.4,88.6,63.5,8.8,1,Yes,Graduate,Yes,60.61,Low
Male,17,1.5,51.0,59.3,8.2,8,Yes,Graduate,Yes,60.17,Low
Female,17,4.4,97.9,64.7,8.4,1,No,School,No,68.25,Low
Male,22,4.0,88.8,84.8,8.1,1,Yes,Graduate,No,70.04,High
Male,21,6.0,57.5,90.5,8.8,9,Yes,Postgraduate,No,87.21,High
Female,19,5.5,53.8,59.7,8.2,8,Yes,Postgraduate,Yes,63.05,Low
Male,22,2.3,65.4,65.4,6.3,1,Yes,School,No,53.42,Low
Male,20,2.4,81.2,89.4,5.6,7,Yes,School,Yes,68.06,Low
Female,22,2.8,80.8,42.6,6.9,8,Yes,Graduate,No,66.9,Low
Male,20,2.3,63.8,83.1,7.0,2,Yes,Graduate,No,69.3,Low
Male,20,5.6,72.3,65.0,6.9,4,Yes,School,No,70.95,High
Female,18,8.0,60.6,60.7,7.5,2,Yes,Graduate,No,75.06,High
Female,18,5.6,52.5,64.6,7.5,6,Yes,Graduate,Yes,69.73,Low
Female,20,5.2,75.8,63.0,4.4,5,Yes,Graduate,Yes,57.6,Low
Female,21,3.9,67.3,81.6,5.4,5,Yes,Postgraduate,No,58.89,Low
Male,18,3.2,77.1,91.0,8.4,8,Yes,Graduate,No,69.65,Low
Male,18,7.4,97.3,67.0,7.0,1,Yes,Graduate,No,80.94,High
Female,17,7.8,57.2,85.8,5.6,10,Yes,Postgraduate,No,96.6,High
Male,22,4.5,50.1,80.3,8.3,2,Yes,Graduate,Yes,65.86,Low
Male,17,3.0,53.8,58.2,5.2,1,Yes,Graduate,No,40.81,Low
Female,21,6.4,73.1,72.3,6.0,4,Yes,Graduate,No,63.59,Low
Female,18,1.9,85.3,76.7,5.4,2,No,Graduate,Yes,53.71,Low
Male,23,6.4,79.0,41.3,8.4,10,Yes,Graduate,No,75.08,High
Female,18,6.7,74.7,61.8,7.6,7,Yes,Postgraduate,Yes,82.26,High
Female,19,1.9,67.7,94.6,6.3,5,Yes,Postgraduate,No,68.77,Low
Female,21,7.8,65.5,75.0,8.7,5,Yes,School,Yes,83.84,High
Male,23,7.9,68.8,58.4,8.6,1,Yes,Graduate,No,67.23,Low
Female,22,7.6,80.6,53.8,7.6,2,Yes,School,No,73.57,High
Male,22,4.5,58.4,51.5,8.5,5,Yes,Graduate,No,51.32,Low
Male,23,2.7,88.6,62.1,7.6,7,No,School,Yes,63.92,Low
Male,22,5.1,78.8,50.6,7.1,1,Yes,School,No,65.86,Low
Female,23,3.9,63.5,47.4,6.1,7,Yes,Graduate,No,58.4,Low
Female,21,2.4,75.1,60.0,5.4,2,Yes,School,No,57.57,Low
Female,23,4.0,98.1,73.4,4.3,2,Yes,School,Yes,62.95,Low
Female,23,5.6,51.0,48.1,8.0,9,Yes,Graduate,No,71.02,High
Female,19,1.5,60.0,42.4,4.6,8,Yes,Graduate,Yes,40.21,Low
Male,19,3.3,72.4,41.9,6.1,10,Yes,Postgraduate,No,63.4,Low
Male,17,1.1,81.9,54.7,5.2,4,Yes,Graduate,No,48.07,Low
Male,21,6.2,60.6,50.5,6.3,5,Yes,Postgraduate,Yes,63.77,Low
Female,21,5.5,96.6,69.7,5.6,9,Yes,Graduate,No,87.39,High
Male,19,1.4,82.1,65.1,8.1,4,Yes,School,Yes,58.12,Low
Male,20,7.8,93.9,57.9,8.9,10,No,Graduate,Yes,89.27,High
Female,20,1.2,66.5,85.8,8.7,8,Yes,Graduate,No,71.05,High
Female,17,5.1,91.4,67.8,7.1,5,Yes,Graduate,No,84.16,High
Male,20,6.4,68.9,45.0,8.9,1,Yes,Postgraduate,No,57.69,Low
Male,20,6.5,62.6,56.3,6.0,7,Yes,School,No,70.29,High
Female,20,1.2,95.6,93.5,6.6,10,Yes,Graduate,No,74.53,High
Female,18,7.3,54.6,93.7,5.3,3,Yes,Graduate,No,91.73,High
Female,17,7.4,97.1,54.0,8.5,7,Yes,Postgraduate,No,80.56,High
Female,19,4.9,72.9,49.2,4.9,8,Yes,Graduate,No,64.99,Low
Male,20,4.4,99.6,67.3,7.1,4,Yes,School,Yes,77.1,High
Male,22,1.3,77.0,66.5,8.0,6,Yes,Postgraduate,No,64.76,Low
Female,23,4.9,87.9,62.6,7.0,10,Yes,Postgraduate,Yes,72.62,High
Male,18,3.9,50.4,69.1,4.4,7,Yes,School,Yes,62.17,Low
Male,20,6.4,74.8,52.8,7.1,8,Yes,School,No,74.05,High
Female,23,3.8,86.9,46.3,7.8,3,Yes,Postgraduate,Yes,49.29,Low
Male,23,5.8,89.1,71.4,4.9,7,No,Graduate,Yes,73.52,High
Male,18,1.7,57.9,91.3,7.7,5,Yes,School,Yes,64.63,Low
Male,17,1.9,70.9,47.6,8.4,7,Yes,Graduate,No,51.9,Low
Female,22,2.0,71.0,78.8,8.9,6,Yes,Graduate,Yes,68.84,Low
Female,22,1.3,55.2,64.1,6.1,5,Yes,Postgraduate,Yes,51.5,Low
Male,22,4.8,72.2,56.2,4.1,3,Yes,School,No,60.02,Low
Female,20,6.6,90.4,86.9,6.1,10,Yes,Graduate,No,89.89,High
Female,18,5.3,65.0,65.1,7.3,2,Yes,School,Yes,64.91,Low
Female,22,5.0,71.6,72.1,8.5,3,Yes,School,Yes,74.88,High
Male,23,5.8,98.0,64.4,8.7,2,Yes,School,No,64.45,Low
Male,23,3.4,51.6,44.5,8.5,3,Yes,Postgraduate,No,44.43,Low
Female,21,3.5,79.6,72.7,7.3,2,No,School,No,68.55,Low
Male,21,3.2,87.2,63.0,7.4,1,No,Graduate,Yes,48.34,Low
Male,18,6.0,88.0,44.8,4.0,9,Yes,Graduate,No,66.97,Low
Male,20,2.1,85.8,72.8,5.8,10,Yes,Graduate,No,70.85,High
Male,20,1.1,86.3,40.5,8.5,5,Yes,Graduate,Yes,51.08,Low
Male,17,5.2,53.0,51.5,7.4,9,Yes,Graduate,No,64.12,Low
Female,17,7.6,76.7,83.0,6.3,8,Yes,School,No,93.2,High
Male,22,5.3,89.1,42.1,4.5,7,Yes,School,No,59.24,Low
Male,19,6.5,54.7,75.6,5.2,6,Yes,Graduate,Yes,87.4,High
Male,23,5.7,50.6,92.2,6.8,4,Yes,Postgraduate,Yes,76.8,High
Female,17,4.5,90.7,49.4,8.5,10,Yes,School,No,74.2,High
Female,20,6.0,85.6,62.9,4.5,10,No,School,Yes,85.74,High
Female,23,6.8,70.6,71.7,4.8,7,Yes,Graduate,No,83.06,High
Male,19,2.6,97.0,64.8,7.3,7,No,School,No,72.53,High
Female,17,3.4,88.3,74.1,5.5,1,Yes,Postgraduate,No,59.37,Low
Female,18,2.6,98.4,62.2,4.8,9,Yes,School,Yes,59.26,Low
Female,21,4.2,96.5,48.2,4.9,4,Yes,Graduate,No,66.86,Low
Female,17,7.2,74.1,44.9,6.5,7,Yes,School,Yes,78.49,High
Male,17,3.4,87.7,80.9,6.9,9,Yes,Graduate,No,80.1,High
Female,18,3.6,83.5,53.1,8.5,2,Yes,Graduate,No,54.85,Low
Female,20,7.0,90.6,86.6,6.6,8,No,Postgraduate,No,95.6,High
Male,22,4.6,89.4,80.9,7.5,4,Yes,Graduate,No,71.91,High
Male,18,4.7,57.7,42.7,4.9,4,Yes,School,Yes,60.54,Low
Female,22,7.0,61.7,51.1,7.6,3,Yes,School,Yes,67.18,Low
Male,17,4.4,63.3,56.1,7.2,10,Yes,Graduate,No,62.99,Low
Female,20,5.8,90.9,72.7,5.1,4,Yes,Graduate,No,69.5,Low
Male,19,1.6,90.5,84.5,7.3,9,No,School,Yes,67.61,Low
Male,17,2.3,74.8,43.3,5.1,1,Yes,School,No,50.19,Low
Female,18,3.8,79.0,53.7,7.0,9,Yes,School,No,67.34,Low
Male,19,4.5,91.3,60.7,7.3,10,Yes,School,No,74.73,High
Female,21,7.8,65.6,50.1,7.5,9,Yes,Graduate,No,93.61,High
Male,19,7.8,52.5,70.0,8.5,1,Yes,Graduate,Yes,71.53,High
Female,18,7.0,74.1,66.3,8.7,9,No,Postgraduate,No,79.74,High
Male,23,3.2,95.7,57.4,8.1,6,Yes,Graduate,Yes,77.78,High
Male,19,7.7,89.5,68.4,8.4,8,Yes,Graduate,Yes,85.97,High
Male,18,5.8,68.3,59.6,4.1,8,Yes,School,Yes,65.11,Low
Male,23,3.8,53.2,58.9,5.8,8,Yes,Graduate,Yes,67.28,Low
Male,17,5.9,81.8,54.6,4.2,8,Yes,Graduate,No,68.53,Low
Female,23,1.1,91.7,69.7,5.1,1,Yes,School,No,48.91,Low
Male,20,2.0,83.2,64.4,5.9,1,No,School,No,52.29,Low
Female,21,6.8,71.3,50.8,8.3,7,No,Graduate,Yes,74.02,High
Female,23,5.5,56.2,40.7,6.6,9,Yes,School,Yes,64.44,Low
Female,20,3.5,95.5,48.3,7.2,10,Yes,Graduate,Yes,72.8,High
Male,20,4.5,63.8,42.4,5.8,8,Yes,Graduate,Yes,60.6,Low
Female,20,7.3,61.2,63.7,7.0,5,Yes,Graduate,Yes,70.78,High
Male,23,5.4,90.8,52.4,8.1,8,Yes,Graduate,Yes,74.72,High
Female,18,3.8,99.1,63.1,5.5,9,Yes,Graduate,Yes,78.82,High
Female,18,1.8,83.0,58.1,8.7,7,Yes,School,No,58.15,Low
Female,21,3.1,81.2,69.6,5.1,10,Yes,Graduate,Yes,74.48,High
Female,18,7.8,66.0,79.8,8.6,3,Yes,Graduate,Yes,82.51,High
Female,22,4.1,51.0,66.4,4.1,9,Yes,Graduate,Yes,61.94,Low
Male,18,4.3,59.6,43.4,6.7,5,Yes,Graduate,Yes,53.02,Low
Female,18,4.5,79.2,41.0,8.9,8,No,Graduate,Yes,67.18,Low
Female,18,7.2,57.6,51.7,7.0,1,Yes,Graduate,No,71.63,High
Male,17,5.2,94.2,63.4,6.8,1,Yes,School,Yes,65.92,Low
Male,21,5.9,59.4,42.5,7.4,3,Yes,Postgraduate,Yes,54.95,Low
Male,22,3.7,76.1,58.0,5.4,2,Yes,Graduate,Yes,52.02,Low
Female,18,1.2,75.6,88.8,4.3,5,Yes,Graduate,No,62.29,Low
Female,21,7.5,80.2,45.0,5.3,9,Yes,Graduate,Yes,74.99,High
Female,19,7.6,66.4,92.2,4.9,9,Yes,Graduate,No,97.11,High
Female,17,7.6,93.7,87.1,8.6,8,Yes,School,Yes,100.0,High
Female,23,7.6,72.2,85.7,8.3,5,Yes,Graduate,No,82.31,High
Female,18,6.7,85.0,87.5,5.6,3,Yes,Graduate,No,79.66,High
Male,22,5.8,81.8,44.4,8.2,6,Yes,Postgraduate,No,76.02,High
Male,17,6.9,55.9,48.3,5.1,8,Yes,Postgraduate,Yes,68.4,Low
Female,22,5.2,81.1,47.4,5.0,6,Yes,Postgraduate,No,65.34,Low
Female,23,1.9,77.5,46.1,7.8,7,Yes,Graduate,No,59.99,Low
Female,23,3.7,94.9,58.0,5.6,7,Yes,Graduate,No,74.82,High
Female,17,7.8,94.0,85.7,4.3,7,Yes,Graduate,No,93.79,High
Female,19,3.5,57.5,53.9,7.6,9,Yes,School,Yes,63.5,Low
Male,21,7.1,54.1,53.4,8.9,9,Yes,School,No,75.76,High
Male,17,1.7,64.7,77.2,6.8,1,Yes,School,Yes,44.87,Low
Female,20,3.3,99.3,45.3,5.3,3,No,Graduate,Yes,54.9,Low
Male,23,3.5,51.1,59.8,5.9,5,Yes,Graduate,No,54.08,Low
Female,19,1.4,83.6,56.2,7.2,4,Yes,Graduate,Yes,55.88,Low
Female,23,1.8,80.4,86.6,7.5,1,Yes,Graduate,No,57.4,Low
Female,20,2.4,82.3,68.3,8.4,1,No,School,Yes,56.59,Low
Male,19,6.9,60.9,75.6,8.5,4,No,School,No,83.86,High
Male,23,1.4,61.3,47.1,8.3,5,Yes,Postgraduate,No,48.09,Low
Female,20,3.1,71.5,91.1,7.2,4,Yes,Postgraduate,No,64.51,Low
Male,20,1.1,54.8,57.7,6.2,2,Yes,School,No,35.96,Low
Male,23,5.9,53.7,78.9,7.4,5,Yes,Graduate,Yes,70.67,High
Female,23,5.3,54.4,92.5,7.3,10,Yes,School,No,77.38,High
Male,22,5.5,78.6,68.0,5.1,3,Yes,School,No,64.81,Low
Male,17,3.6,69.9,67.9,6.5,7,Yes,Graduate,No,79.87,High
Female,17,2.5,64.7,46.4,5.0,4,No,Graduate,Yes,46.51,Low
Female,19,6.0,65.8,61.5,8.5,2,No,Graduate,No,68.82,Low
Male,21,6.7,60.4,86.9,5.6,8,Yes,School,No,92.41,High
Female,23,2.0,70.6,47.4,8.0,10,No,Graduate,Yes,54.38,Low
Male,22,4.4,60.2,90.5,5.9,2,No,Graduate,Yes,67.65,Low
Female,17,2.7,84.9,76.7,7.8,7,Yes,Postgraduate,No,74.65,High
Female,17,2.2,56.2,63.2,5.1,8,Yes,Graduate,No,57.79,Low
Female,22,6.1,97.4,70.1,7.8,10,No,Graduate,No,85.53,High
Female,18,4.8,54.5,48.3,4.9,3,Yes,School,No,56.71,Low
Male,22,2.5,97.2,52.0,6.5,6,Yes,Graduate,Yes,56.11,Low
Female,17,3.2,91.7,55.8,4.6,4,Yes,Graduate,Yes,57.5,Low
Female,21,7.8,84.0,61.2,6.6,2,Yes,Postgraduate,No,67.96,Low
Female,18,6.9,95.6,90.4,8.1,8,Yes,School,Yes,96.87,High
Male,20,7.2,57.0,60.2,7.8,2,Yes,Graduate,Yes,75.23,High
Male,22,4.2,58.8,68.8,4.3,9,Yes,School,Yes,70.97,High
Female,20,5.4,62.6,48.9,6.5,9,Yes,School,Yes,71.93,High
Female,18,3.6,62.2,80.5,8.3,8,Yes,Postgraduate,Yes,71.18,High
Female,18,1.5,65.5,70.8,7.3,10,No,Graduate,Yes,59.97,Low
Female,18,3.8,78.8,64.2,4.3,3,No,Graduate,Yes,52.03,Low
Female,19,5.2,51.4,92.1,5.6,8,No,School,Yes,71.94,High
Female,22,3.0,69.1,89.0,6.8,5,Yes,Graduate,Yes,63.1,Low
Male,23,6.9,62.3,76.3,4.9,10,Yes,Graduate,No,84.95,High
Female,21,2.1,80.3,90.7,7.4,5,Yes,Graduate,No,72.41,High
Female,21,3.6,99.3,71.1,7.2,2,Yes,Graduate,No,66.79,Low
Female,20,1.9,75.9,85.5,5.0,3,Yes,Postgraduate,Yes,57.34,Low
Female,20,3.8,71.3,62.5,6.8,8,Yes,School,No,76.04,High
Female,23,1.3,68.4,44.8,8.1,1,Yes,Postgraduate,No,44.5,Low
Female,20,2.9,89.2,94.7,5.9,4,Yes,Postgraduate,Yes,62.8,Low
Male,22,3.8,53.6,49.1,5.2,6,Yes,School,No,54.47,Low
Male,17,4.3,98.0,53.8,7.5,9,Yes,Postgraduate,Yes,71.72,High
Male,20,4.8,70.9,49.0,4.4,8,Yes,Postgraduate,No,55.71,Low
Male,18,2.9,65.7,58.6,8.2,10,Yes,Graduate,No,71.15,High
Male,20,4.7,98.7,55.9,8.7,5,No,School,No,72.46,High
Male,18,4.6,96.8,73.1,8.8,7,Yes,Graduate,Yes,88.03,High
Female,19,3.2,82.1,94.8,6.2,8,Yes,School,No,81.55,High
Female,17,6.8,50.9,42.9,7.1,9,Yes,School,Yes,67.89,Low
Female,17,4.8,87.4,82.8,8.3,3,Yes,Graduate,No,76.85,High
Female,23,3.3,66.8,47.0,5.1,8,Yes,Graduate,No,60.04,Low
Female,22,7.6,69.4,41.1,4.1,3,Yes,Graduate,No,64.85,Low
Female,22,6.9,57.9,75.1,5.9,1,No,School,Yes,59.97,Low
Male,21,7.9,76.2,88.0,8.4,4,No,School,No,91.81,High
Female,19,5.8,87.2,49.7,6.5,7,No,Postgraduate,No,63.94,Low
Male,23,3.6,63.7,58.8,6.7,9,Yes,Graduate,Yes,58.18,Low
Male,22,3.0,96.9,49.3,7.5,10,Yes,Postgraduate,Yes,70.26,High
Female,18,5.6,59.7,89.9,6.9,7,Yes,Graduate,Yes,73.59,High
Female,19,7.9,53.3,54.9,4.3,10,Yes,Postgraduate,No,74.29,High
Female,17,5.4,82.2,64.5,6.8,5,No,Graduate,Yes,72.47,High
Female,18,7.2,92.5,89.2,7.2,1,Yes,Graduate,No,86.51,High
Female,23,3.3,97.7,70.4,7.2,1,Yes,Graduate,Yes,61.06,Low
Female,23,3.8,88.4,91.3,7.6,9,Yes,Postgraduate,Yes,89.61,High
Female,19,7.3,60.0,91.0,6.6,4,Yes,School,No,76.13,High
Male,17,6.3,98.9,65.4,8.5,3,Yes,Graduate,No,83.82,High
Female,22,7.9,96.0,72.0,6.3,5,Yes,Postgraduate,Yes,82.13,High
Female,18,6.4,58.2,52.7,6.6,7,Yes,Postgraduate,Yes,79.57,High
Male,18,4.1,77.9,94.5,7.9,7,Yes,Graduate,Yes,86.05,High
Female,17,4.7,77.8,55.3,8.2,5,No,School,Yes,68.53,Low
Female,18,7.3,72.1,83.1,7.2,8,Yes,Graduate,Yes,92.11,High
Male,22,4.9,99.2,57.2,4.6,5,Yes,Graduate,No,73.82,High
Female,22,2.8,53.0,57.2,5.7,10,No,Graduate,Yes,58.27,Low
Female,22,4.0,81.4,45.7,4.1,4,Yes,Postgraduate,Yes,56.9,Low
Female,17,4.6,60.3,70.8,5.5,6,Yes,Graduate,No,59.43,Low
Female,20,1.7,76.4,53.5,6.9,3,No,School,Yes,43.26,Low
Female,20,6.2,89.0,48.2,8.0,4,Yes,Graduate,Yes,76.86,High
Female,23,1.8,62.3,52.5,6.9,8,Yes,Graduate,No,54.51,Low
Male,23,3.8,69.7,53.8,4.2,10,Yes,Graduate,No,70.1,High
Female,18,6.6,97.5,67.7,5.3,10,No,Graduate,Yes,90.07,High
Female,22,4.3,88.1,61.2,6.9,3,Yes,School,No,65.74,Low
Male,18,6.9,78.6,44.2,7.5,10,Yes,Graduate,No,86.17,High
